Handle,Title,Variant SKU,Price INR,Status,Type,Tags,Has Image,Image Count,On maroma.com,maroma.com URL,maroma.com Link Type,Shopify Store URL,Duplicate Group,Duplicate Count,Recommendation,Notes
gift-set-ea29-e85,Gift Set,EA29-E85,1440.00,active,Gift Sets,"Gifting, Gifting > Gift Sets",Yes,1,No,https://www.maroma.com/?s=Gift%20Set,search,https://maroma-development-sgw0qzbd.myshopify.com/products/gift-set-ea29-e85,gift set,8,Keep,Duplicate group (8 listings); Rename — generic title
gift-set-ea29-e84,Gift Set,EA29-E84,1440.00,active,Gift Sets,"Gifting, Gifting > Gift Sets",Yes,1,No,https://www.maroma.com/?s=Gift%20Set,search,https://maroma-development-sgw0qzbd.myshopify.com/products/gift-set-ea29-e84,gift set,8,Keep,Duplicate group (8 listings); Rename — generic title
gift-set-ea29-e83-2,Gift Set,EA29-E83-2,2250.00,active,Gift Sets,"Gifting, Gifting > Gift Sets",Yes,1,No,https://www.maroma.com/?s=Gift%20Set,search,https://maroma-development-sgw0qzbd.myshopify.com/products/gift-set-ea29-e83-2,gift set,8,Keep,Duplicate group (8 listings); Rename — generic title
gift-set-ea29-e82-1,Gift Set,EA29-E82-1,1770.00,active,Gift Sets,"Gifting, Gifting > Gift Sets",Yes,1,No,https://www.maroma.com/?s=Gift%20Set,search,https://maroma-development-sgw0qzbd.myshopify.com/products/gift-set-ea29-e82-1,gift set,8,Keep,Duplicate group (8 listings); Rename — generic title
gift-set-ea29-e83,Gift Set,EA29-E83,2250.00,active,Gift Sets,"Gifting, Gifting > Gift Sets",Yes,1,No,https://www.maroma.com/?s=Gift%20Set,search,https://maroma-development-sgw0qzbd.myshopify.com/products/gift-set-ea29-e83,gift set,8,Keep,Duplicate group (8 listings); Rename — generic title
gift-set-ea29-e82,Gift Set,EA29-E82,1770.00,active,Gift Sets,"Gifting, Gifting > Gift Sets",Yes,1,No,https://www.maroma.com/?s=Gift%20Set,search,https://maroma-development-sgw0qzbd.myshopify.com/products/gift-set-ea29-e82,gift set,8,Keep,Duplicate group (8 listings); Rename — generic title
gift-set-ea29-e77,Gift Set,EA29-E77,1770.00,active,Gift Sets,"Gifting, Gifting > Gift Sets",Yes,1,No,https://www.maroma.com/?s=Gift%20Set,search,https://maroma-development-sgw0qzbd.myshopify.com/products/gift-set-ea29-e77,gift set,8,Keep,Duplicate group (8 listings); Rename — generic title
gift-set,Gift Set,EA29-E76,1440.00,active,Gift Sets,"Gifting, Gifting > Gift Sets",Yes,1,No,https://www.maroma.com/?s=Gift%20Set,search,https://maroma-development-sgw0qzbd.myshopify.com/products/gift-set,gift set,8,Keep,Duplicate group (8 listings); Rename — generic title
incense-cone-p-2-ceramic-holder-ea29-e74-pi-juniper,Incense Cone (P/2) & Ceramic Holder,EA29-E74(Pi&Juniper),395.00,active,Gifting,Gifting,Yes,1,No,https://www.maroma.com/?s=Incense%20Cone%20(P%2F2)%20%26%20Ceramic%20Holder,search,https://maroma-development-sgw0qzbd.myshopify.com/products/incense-cone-p-2-ceramic-holder-ea29-e74-pi-juniper,incense cone p 2 ceramic holder,5,Keep,Duplicate group (5 listings)
incense-cone-p-2-ceramic-holder-ea29-e74-fi-op,Incense Cone (P/2) & Ceramic Holder,EA29-E74(FI&Op),395.00,active,Gifting,Gifting,Yes,1,No,https://www.maroma.com/?s=Incense%20Cone%20(P%2F2)%20%26%20Ceramic%20Holder,search,https://maroma-development-sgw0qzbd.myshopify.com/products/incense-cone-p-2-ceramic-holder-ea29-e74-fi-op,incense cone p 2 ceramic holder,5,Keep,Duplicate group (5 listings)
incense-cone-p-2-ceramic-holder-ea29-e74-am-into-the-night,Incense Cone (P/2) & Ceramic Holder,EA29-E74(Am&Into the Night),395.00,active,Gifting,Gifting,Yes,1,No,https://www.maroma.com/?s=Incense%20Cone%20(P%2F2)%20%26%20Ceramic%20Holder,search,https://maroma-development-sgw0qzbd.myshopify.com/products/incense-cone-p-2-ceramic-holder-ea29-e74-am-into-the-night,incense cone p 2 ceramic holder,5,Keep,Duplicate group (5 listings)
incense-cone-p-2-ceramic-holder-ea29-e74-ce-or-c,Incense Cone (P/2) & Ceramic Holder,EA29-E74(CE&Or.C),395.00,active,Body Care,Body Care,Yes,1,No,https://www.maroma.com/?s=Incense%20Cone%20(P%2F2)%20%26%20Ceramic%20Holder,search,https://maroma-development-sgw0qzbd.myshopify.com/products/incense-cone-p-2-ceramic-holder-ea29-e74-ce-or-c,incense cone p 2 ceramic holder,5,Keep,Duplicate group (5 listings)
incense-cone-p-2-ceramic-holder,Incense Cone (P/2) & Ceramic Holder,EA29-E74(Myr&Cinnamon),395.00,active,Gifting,Gifting,Yes,1,No,https://www.maroma.com/?s=Incense%20Cone%20(P%2F2)%20%26%20Ceramic%20Holder,search,https://maroma-development-sgw0qzbd.myshopify.com/products/incense-cone-p-2-ceramic-holder,incense cone p 2 ceramic holder,5,Keep,Duplicate group (5 listings)
festive-giftset-ea29-a51,Festive Giftset,EA29-A51,1465.00,active,Mini Soap Set,"Gifting, Gifting > Gift Sets, Gifting > Mini Soap Set",Yes,1,No,https://www.maroma.com/?s=Festive%20Giftset,search,https://maroma-development-sgw0qzbd.myshopify.com/products/festive-giftset-ea29-a51,festive giftset,3,Keep,Duplicate group (3 listings)
festive-giftset-ea29-a50,Festive Giftset,EA29-A50,1740.00,active,Mini Soap Set,"Gifting, Gifting > Gift Sets, Gifting > Mini Soap Set",Yes,1,No,https://www.maroma.com/?s=Festive%20Giftset,search,https://maroma-development-sgw0qzbd.myshopify.com/products/festive-giftset-ea29-a50,festive giftset,3,Keep,Duplicate group (3 listings)
festive-giftset,Festive Giftset,EA29-A53,2920.00,active,Gift Sets,"Gifting, Gifting > Gift Sets",Yes,1,No,https://www.maroma.com/?s=Festive%20Giftset,search,https://maroma-development-sgw0qzbd.myshopify.com/products/festive-giftset,festive giftset,3,Keep,Duplicate group (3 listings)
maroma-perfumes-p-2-set-ea29-e78-ra-m,Maroma Perfumes (P/2) Set,EA29-E78(RA&M),900.00,active,Gifting,Gifting,Yes,1,No,https://www.maroma.com/?s=Maroma%20Perfumes%20(P%2F2)%20Set,search,https://maroma-development-sgw0qzbd.myshopify.com/products/maroma-perfumes-p-2-set-ea29-e78-ra-m,maroma perfumes p 2 set,3,Keep,Duplicate group (3 listings)
maroma-perfumes-p-2-set-ea29-e78-ss-op,Maroma Perfumes (P/2) Set,EA29-E78(SS&Op),900.00,active,Gifting,Gifting,Yes,1,No,https://www.maroma.com/?s=Maroma%20Perfumes%20(P%2F2)%20Set,search,https://maroma-development-sgw0qzbd.myshopify.com/products/maroma-perfumes-p-2-set-ea29-e78-ss-op,maroma perfumes p 2 set,3,Keep,Duplicate group (3 listings)
maroma-perfumes-p-2-set,Maroma Perfumes (P/2) Set,EA29-E78(Oc&DS),900.00,active,Gifting,Gifting,Yes,1,No,https://www.maroma.com/?s=Maroma%20Perfumes%20(P%2F2)%20Set,search,https://maroma-development-sgw0qzbd.myshopify.com/products/maroma-perfumes-p-2-set,maroma perfumes p 2 set,3,Keep,Duplicate group (3 listings)
ambient-perfume-square-sachet-orange-blossom-ea13-a08-1,Ambient Perfume Square Sachet-Orange Blossom,EA13-A08-1,240.00,active,Wardrobe Sachet-Aromatic,"Gifting, Home Essences, Home Essences > Fragrance for Spaces > Fragrance Sachets, Home Essences > Fragrance for Spaces > Fragrance Sachets > Wardrobe Sachet-Aromatic",Yes,1,No,https://www.maroma.com/?s=Ambient%20Perfume%20Square%20Sachet-Orange%20Blossom,search,https://maroma-development-sgw0qzbd.myshopify.com/products/ambient-perfume-square-sachet-orange-blossom-ea13-a08-1,ambient perfume square sachet orange blossom,2,Keep,Duplicate group (2 listings)
ambient-perfume-square-sachet-orange-blossom,Ambient Perfume Square Sachet-Orange Blossom,EA13-A08,240.00,active,Wardrobe Sachet-Aromatic,"Home Essences, Home Essences > Fragrance for Spaces > Fragrance Sachets, Home Essences > Fragrance for Spaces > Fragrance Sachets > Wardrobe Sachet-Aromatic",Yes,1,No,https://www.maroma.com/?s=Ambient%20Perfume%20Square%20Sachet-Orange%20Blossom,search,https://maroma-development-sgw0qzbd.myshopify.com/products/ambient-perfume-square-sachet-orange-blossom,ambient perfume square sachet orange blossom,2,Keep,Duplicate group (2 listings)
baby-body-lotion-bj16-a2,Baby Body Lotion,BJ16-A2,1625.00,active,Baby,Baby,Yes,1,No,https://www.maroma.com/?s=Baby%20Body%20Lotion,search,https://maroma-development-sgw0qzbd.myshopify.com/products/baby-body-lotion-bj16-a2,baby body lotion,2,Review duplicate,Duplicate group (2 listings)
baby-body-lotion,Baby Body Lotion,BJ16-A21,790.00,active,Baby,"Avocado, Baby, Calendula, Olive, Shea Butter",Yes,1,No,https://www.maroma.com/?s=Baby%20Body%20Lotion,search,https://maroma-development-sgw0qzbd.myshopify.com/products/baby-body-lotion,baby body lotion,2,Review duplicate,Duplicate group (2 listings)
baby-shampoo-bj16,Baby Shampoo,BJ16,1430.00,active,Baby,Baby,Yes,1,No,https://www.maroma.com/?s=Baby%20Shampoo,search,https://maroma-development-sgw0qzbd.myshopify.com/products/baby-shampoo-bj16,baby shampoo,2,Review duplicate,Duplicate group (2 listings)
baby-shampoo,Baby Shampoo,,510.00,active,Baby,"Baby, Calendula, Jasmine, Petitgrain, Rosemary",Yes,1,No,https://www.maroma.com/?s=Baby%20Shampoo,search,https://maroma-development-sgw0qzbd.myshopify.com/products/baby-shampoo,baby shampoo,2,Review duplicate,Duplicate group (2 listings)
ceramic-green-taper-candle-holder-ac24-f32,Ceramic Green Taper Candle Holder,AC24-F32,1165.00,active,Incense Holder,"Home Essences, Home Essences > Ambience & Decor, Home Essences > Ambience & Decor > Ceramics, Home Essences > Ambience & Decor > Ceramics > Incense Holder",Yes,1,Yes,https://www.maroma.com/product/ceramic-tapper-candle-holder-green-2/,product,https://maroma-development-sgw0qzbd.myshopify.com/products/ceramic-green-taper-candle-holder-ac24-f32,ceramic green taper candle holder,2,Keep,Live on maroma.com with image
ceramic-green-taper-candle-holder,Ceramic Green Taper Candle Holder,AC24-F33-1,1045.00,active,Incense Holder,"Home Essences, Home Essences > Ambience & Decor, Home Essences > Ambience & Decor > Ceramics, Home Essences > Ambience & Decor > Ceramics > Incense Holder",Yes,1,Yes,https://www.maroma.com/product/ceramic-tapper-candle-holder/,product,https://maroma-development-sgw0qzbd.myshopify.com/products/ceramic-green-taper-candle-holder,ceramic green taper candle holder,2,Keep,Live on maroma.com with image
ceramic-light-pink-taper-candle-holder-ac24-f31-1,Ceramic Light Pink Taper Candle Holder,AC24-F31-1,1340.00,active,Incense Holder,"Home Essences, Home Essences > Ambience & Decor, Home Essences > Ambience & Decor > Ceramics, Home Essences > Ambience & Decor > Ceramics > Incense Holder",Yes,1,Yes,https://www.maroma.com/product/ceramic-tapper-candle-holder-pink-3/,product,https://maroma-development-sgw0qzbd.myshopify.com/products/ceramic-light-pink-taper-candle-holder-ac24-f31-1,ceramic light pink taper candle holder,2,Keep,Live on maroma.com with image
ceramic-light-pink-taper-candle-holder,Ceramic Light Pink Taper Candle Holder,AC24-F32-2,1165.00,active,Incense Holder,"Home Essences, Home Essences > Ambience & Decor, Home Essences > Ambience & Decor > Ceramics, Home Essences > Ambience & Decor > Ceramics > Incense Holder",Yes,1,Yes,https://www.maroma.com/product/ceramic-tapper-candle-holder-pink-2/,product,https://maroma-development-sgw0qzbd.myshopify.com/products/ceramic-light-pink-taper-candle-holder,ceramic light pink taper candle holder,2,Keep,Live on maroma.com with image
cherry-blossom-roll-on-perfume-oil-1001105,Cherry Blossom Roll On/Perfume Oil,EA14-D14-BOTTLE,650.00,active,Perfume Oil & Roll On,"Bergamot, Bottle, Citrus & Fresh, Floral, Fruity, Geranium, Perfumes, Perfumes > Perfume Oil & Roll On, Roll On, Tonka Bean",Yes,1,No,https://www.maroma.com/?s=Cherry%20Blossom%20Roll%20On%2FPerfume%20Oil,search,https://maroma-development-sgw0qzbd.myshopify.com/products/cherry-blossom-roll-on-perfume-oil-1001105,cherry blossom roll on perfume oil,2,Keep,Duplicate group (2 listings)
cherry-blossom-roll-on-perfume-oil,Cherry Blossom Roll On/Perfume Oil,EA14-D14-BOT,650.00,active,Perfume Oil & Roll On,"Bergamot, Bottle, Citrus & Fresh, Floral, Fruity, Geranium, Perfumes, Perfumes > Perfume Oil & Roll On, Roll On, Tonka Bean",Yes,1,No,https://www.maroma.com/?s=Cherry%20Blossom%20Roll%20On%2FPerfume%20Oil,search,https://maroma-development-sgw0qzbd.myshopify.com/products/cherry-blossom-roll-on-perfume-oil,cherry blossom roll on perfume oil,2,Keep,Duplicate group (2 listings)
cranberry-mist-perfume-sachet-ea13-g07,Cranberry Mist Perfume Sachet,,175.00,active,Wardrobe Sachet-Aromatic,"Featured, Home Essences, Home Essences > Fragrance for Spaces > Fragrance Sachets, Home Essences > Fragrance for Spaces > Fragrance Sachets > Wardrobe Sachet-Aromatic",Yes,1,No,https://www.maroma.com/?s=Cranberry%20Mist%20Perfume%20Sachet,search,https://maroma-development-sgw0qzbd.myshopify.com/products/cranberry-mist-perfume-sachet-ea13-g07,cranberry mist perfume sachet,2,Keep,Duplicate group (2 listings)
cranberry-mist-perfume-sachet,Cranberry Mist Perfume Sachet,EA13-A06,240.00,active,Wardrobe Sachet-Aromatic,"Home Essences, Home Essences > Fragrance for Spaces > Fragrance Sachets, Home Essences > Fragrance for Spaces > Fragrance Sachets > Wardrobe Sachet-Aromatic",Yes,1,No,https://www.maroma.com/?s=Cranberry%20Mist%20Perfume%20Sachet,search,https://maroma-development-sgw0qzbd.myshopify.com/products/cranberry-mist-perfume-sachet,cranberry mist perfume sachet,2,Keep,Duplicate group (2 listings)
desert-blooms-roll-on-perfume-oil-1001937,Desert Blooms Roll On/Perfume Oil,EK14-K37,890.00,active,Perfume Oil & Roll On,"Bottle, Citrus & Fresh, Mandarin, Patchouli, Perfumes, Perfumes > Perfume Oil & Roll On, Roll On, Rosemary, Warm, Woody & Earthy",Yes,1,No,https://www.maroma.com/?s=Desert%20Blooms%20Roll%20On%2FPerfume%20Oil,search,https://maroma-development-sgw0qzbd.myshopify.com/products/desert-blooms-roll-on-perfume-oil-1001937,desert blooms roll on perfume oil,2,Keep,Duplicate group (2 listings)
desert-blooms-roll-on-perfume-oil,Desert Blooms Roll On/Perfume Oil,EK14-K37-ROLL-ON,890.00,active,Perfume Oil & Roll On,"Bottle, Citrus & Fresh, Mandarin, Patchouli, Perfumes, Perfumes > Perfume Oil & Roll On, Roll On, Rosemary, Warm, Woody & Earthy",Yes,1,No,https://www.maroma.com/?s=Desert%20Blooms%20Roll%20On%2FPerfume%20Oil,search,https://maroma-development-sgw0qzbd.myshopify.com/products/desert-blooms-roll-on-perfume-oil,desert blooms roll on perfume oil,2,Keep,Duplicate group (2 listings)
flower-votive-frangipani-70gms,Flower Votive Frangipani -70gms,FI39-A21,400.00,active,Votive,"Gifting, Home Essences, Home Essences > Ambience & Decor > Candles, Home Essences > Ambience & Decor > Candles > Votive",Yes,1,No,https://www.maroma.com/?s=Flower%20Votive%20Frangipani%20-70gms,search,https://maroma-development-sgw0qzbd.myshopify.com/products/flower-votive-frangipani-70gms,flower votive frangipani,2,Keep,Duplicate group (2 listings)
flower-votive-frangipani-95gms,Flower Votive Frangipani -95gms,FI39-A12,475.00,active,Votive,"Gifting, Home Essences, Home Essences > Ambience & Decor > Candles, Home Essences > Ambience & Decor > Candles > Votive",Yes,1,No,https://www.maroma.com/?s=Flower%20Votive%20Frangipani%20-95gms,search,https://maroma-development-sgw0qzbd.myshopify.com/products/flower-votive-frangipani-95gms,flower votive frangipani,2,Keep,Duplicate group (2 listings)
flower-votive-lotus-70gms,Flower Votive Lotus - 70gms,FI39-A22,400.00,active,Votive,"Gifting, Home Essences, Home Essences > Ambience & Decor > Candles, Home Essences > Ambience & Decor > Candles > Votive",Yes,1,No,https://www.maroma.com/?s=Flower%20Votive%20Lotus%20-%2070gms,search,https://maroma-development-sgw0qzbd.myshopify.com/products/flower-votive-lotus-70gms,flower votive lotus,2,Keep,Duplicate group (2 listings)
flower-votive-lotus-95gms,Flower Votive Lotus - 95gms,FI39-A13,475.00,active,Votive,"Gifting, Home Essences, Home Essences > Ambience & Decor > Candles, Home Essences > Ambience & Decor > Candles > Votive",Yes,1,No,https://www.maroma.com/?s=Flower%20Votive%20Lotus%20-%2095gms,search,https://maroma-development-sgw0qzbd.myshopify.com/products/flower-votive-lotus-95gms,flower votive lotus,2,Keep,Duplicate group (2 listings)
flower-votive-magnolia-70gms,Flower Votive Magnolia - 70gms,FI39-A23,400.00,active,Votive,"Gifting, Home Essences, Home Essences > Ambience & Decor > Candles, Home Essences > Ambience & Decor > Candles > Votive",Yes,1,No,https://www.maroma.com/?s=Flower%20Votive%20Magnolia%20-%2070gms,search,https://maroma-development-sgw0qzbd.myshopify.com/products/flower-votive-magnolia-70gms,flower votive magnolia,2,Keep,Duplicate group (2 listings)
flower-votive-magnolia-95gms,Flower Votive Magnolia - 95gms,FI39-A14,475.00,active,Votive,"Gifting, Home Essences, Home Essences > Ambience & Decor > Candles, Home Essences > Ambience & Decor > Candles > Votive",Yes,1,No,https://www.maroma.com/?s=Flower%20Votive%20Magnolia%20-%2095gms,search,https://maroma-development-sgw0qzbd.myshopify.com/products/flower-votive-magnolia-95gms,flower votive magnolia,2,Keep,Duplicate group (2 listings)
flower-votive-spring-rose-95gms,Flower Votive Spring Rose - 95gms,FI39-A15,475.00,active,Votive,"Gifting, Home Essences, Home Essences > Ambience & Decor > Candles, Home Essences > Ambience & Decor > Candles > Votive",Yes,1,No,https://www.maroma.com/?s=Flower%20Votive%20Spring%20Rose%20-%2095gms,search,https://maroma-development-sgw0qzbd.myshopify.com/products/flower-votive-spring-rose-95gms,flower votive spring rose,2,Keep,Duplicate group (2 listings)
flower-votive-spring-rose-70gms,Flower Votive Spring Rose -70gms,FI39-A24,400.00,active,Votive,"Gifting, Home Essences, Home Essences > Ambience & Decor > Candles, Home Essences > Ambience & Decor > Candles > Votive",Yes,1,No,https://www.maroma.com/?s=Flower%20Votive%20Spring%20Rose%20-70gms,search,https://maroma-development-sgw0qzbd.myshopify.com/products/flower-votive-spring-rose-70gms,flower votive spring rose,2,Keep,Duplicate group (2 listings)
frangipani-bath-soap-100-gms,Frangipani Bath Soap - 100 gms,TL16-P10,475.00,active,Soaps,"Body Care, Body Care > Soaps, Gifting",No,0,No,https://www.maroma.com/?s=Frangipani%20Bath%20Soap%20-%20100%20gms,search,https://maroma-development-sgw0qzbd.myshopify.com/products/frangipani-bath-soap-100-gms,frangipani bath soap,2,Review — no image,Missing image in Shopify
frangipani-bath-soap-50gms,Frangipani Bath Soap - 50gms,TL16-P35,175.00,active,Body Care,Body Care,No,0,No,https://www.maroma.com/?s=Frangipani%20Bath%20Soap%20-%2050gms,search,https://maroma-development-sgw0qzbd.myshopify.com/products/frangipani-bath-soap-50gms,frangipani bath soap,2,Review — no image,Missing image in Shopify
giftset-ea29-e70,Giftset,EA29-E70,900.00,active,Gifting,Gifting,Yes,1,No,https://www.maroma.com/?s=Giftset,search,https://maroma-development-sgw0qzbd.myshopify.com/products/giftset-ea29-e70,giftset,2,Keep,Duplicate group (2 listings)
giftset,Giftset,E,1500.00,active,Gifting,Gifting,Yes,1,No,https://www.maroma.com/?s=Giftset,search,https://maroma-development-sgw0qzbd.myshopify.com/products/giftset,giftset,2,Keep,Duplicate group (2 listings)
golden-amber-roll-on-perfume-oil-1001092,Golden Amber Roll On/Perfume Oil,EK14-K36-roll-on,890.00,active,Perfume Oil & Roll On,"Bottle, Cypriol, Labdanum, Orange, Perfumes, Perfumes > Perfume Oil & Roll On, Roll On, Solid Perfume, Warm",Yes,1,No,https://www.maroma.com/?s=Golden%20Amber%20Roll%20On%2FPerfume%20Oil,search,https://maroma-development-sgw0qzbd.myshopify.com/products/golden-amber-roll-on-perfume-oil-1001092,golden amber roll on perfume oil,2,Keep,Duplicate group (2 listings)
golden-amber-roll-on-perfume-oil,Golden Amber Roll On/Perfume Oil,EA14-D09,650.00,active,Perfume Oil & Roll On,"Bottle, Cypriol, Labdanum, Orange, Perfumes, Perfumes > Perfume Oil & Roll On, Roll On, Solid Perfume, Warm",Yes,1,No,https://www.maroma.com/?s=Golden%20Amber%20Roll%20On%2FPerfume%20Oil,search,https://maroma-development-sgw0qzbd.myshopify.com/products/golden-amber-roll-on-perfume-oil,golden amber roll on perfume oil,2,Keep,Duplicate group (2 listings)
heart-soap-set-tl-16-p67,Heart soap set,TL 16-P67,1010.00,active,Mini Soap Set,"Gifting, Gifting > Gift Sets, Gifting > Mini Soap Set",Yes,1,No,https://www.maroma.com/?s=Heart%20soap%20set,search,https://maroma-development-sgw0qzbd.myshopify.com/products/heart-soap-set-tl-16-p67,heart soap set,2,Keep,Duplicate group (2 listings)
heart-soap-set,Heart soap set,TL16-P66,1010.00,active,Mini Soap Set,"Gifting, Gifting > Gift Sets, Gifting > Mini Soap Set",Yes,1,No,https://www.maroma.com/?s=Heart%20soap%20set,search,https://maroma-development-sgw0qzbd.myshopify.com/products/heart-soap-set,heart soap set,2,Keep,Duplicate group (2 listings)
incense-cone-votive-gift-set-lemon-verbena-ca29-c07,Incense Cone & Votive Gift Set - Lemon Verbena,CA29-C07,760.00,active,Cone Incense & Votive,"Gifting, Gifting > Cone Incense & Votive",Yes,1,No,https://www.maroma.com/?s=Incense%20Cone%20%26%20Votive%20Gift%20Set%20-%20Lemon%20Verbena,search,https://maroma-development-sgw0qzbd.myshopify.com/products/incense-cone-votive-gift-set-lemon-verbena-ca29-c07,incense cone votive gift set lemon verbena,2,Archive duplicate,Duplicate group (2 listings); Exact duplicate row
incense-cone-votive-gift-set-lemon-verbena,Incense Cone & Votive Gift Set - Lemon Verbena,CA29-C07,760.00,active,Cone Incense & Votive,"Gifting, Gifting > Cone Incense & Votive",Yes,1,No,https://www.maroma.com/?s=Incense%20Cone%20%26%20Votive%20Gift%20Set%20-%20Lemon%20Verbena,search,https://maroma-development-sgw0qzbd.myshopify.com/products/incense-cone-votive-gift-set-lemon-verbena,incense cone votive gift set lemon verbena,2,Archive duplicate,Duplicate group (2 listings); Exact duplicate row
jasmine-bath-soap-100-gms,Jasmine Bath Soap - 100 gms,TL16-P11,475.00,active,Soaps,"Body Care, Body Care > Soaps, Gifting",Yes,1,No,https://www.maroma.com/?s=Jasmine%20Bath%20Soap%20-%20100%20gms,search,https://maroma-development-sgw0qzbd.myshopify.com/products/jasmine-bath-soap-100-gms,jasmine bath soap,2,Keep,Duplicate group (2 listings)
jasmine-bath-soap-50gms,Jasmine Bath Soap - 50gms,TL16-P36,175.00,active,Body Care,Body Care,No,0,No,https://www.maroma.com/?s=Jasmine%20Bath%20Soap%20-%2050gms,search,https://maroma-development-sgw0qzbd.myshopify.com/products/jasmine-bath-soap-50gms,jasmine bath soap,2,Review — no image,Missing image in Shopify
lavender-bath-soap-100-gms,Lavender Bath Soap - 100 gms,TL16-P02,475.00,active,Soaps,"Body Care, Body Care > Soaps",Yes,1,No,https://www.maroma.com/?s=Lavender%20Bath%20Soap%20-%20100%20gms,search,https://maroma-development-sgw0qzbd.myshopify.com/products/lavender-bath-soap-100-gms,lavender bath soap,2,Keep,Duplicate group (2 listings)
lavender-bath-soap-50gms,Lavender Bath Soap - 50gms,TL16-P27,175.00,active,Body Care,Body Care,No,0,No,https://www.maroma.com/?s=Lavender%20Bath%20Soap%20-%2050gms,search,https://maroma-development-sgw0qzbd.myshopify.com/products/lavender-bath-soap-50gms,lavender bath soap,2,Review — no image,Missing image in Shopify
lemongrass-bath-soap-100-gms,Lemongrass Bath Soap - 100 gms,ddd,475.00,active,Soaps,"Body Care, Body Care > Soaps, Gifting",Yes,1,No,https://www.maroma.com/?s=Lemongrass%20Bath%20Soap%20-%20100%20gms,search,https://maroma-development-sgw0qzbd.myshopify.com/products/lemongrass-bath-soap-100-gms,lemongrass bath soap,2,Keep,Duplicate group (2 listings)
lemongrass-bath-soap-50gms,Lemongrass Bath Soap - 50gms,TL16-P29,175.00,active,Body Care,Body Care,No,0,No,https://www.maroma.com/?s=Lemongrass%20Bath%20Soap%20-%2050gms,search,https://maroma-development-sgw0qzbd.myshopify.com/products/lemongrass-bath-soap-50gms,lemongrass bath soap,2,Review — no image,Missing image in Shopify
olibanum-citrus-aromatic-bath-soap,Olibanum Citrus Aromatic Bath Soap,ML16-B02,480.00,active,Aromatic Soap,"Body Care, Body Care > Soaps, Coconut, Lemon, Men, Men > Bath & Body > Aromatic Soap, Myrrh, Olibanum",Yes,1,Yes,https://www.maroma.com/product/olibanum-citrus-exfoliating-aromatic-bath-soap-for-men-100gms/,product,https://maroma-development-sgw0qzbd.myshopify.com/products/olibanum-citrus-aromatic-bath-soap,olibanum citrus aromatic bath soap,2,Keep,Live on maroma.com with image
olibanum-citrus-aromatic-bath-soap-for-men-150gms,Olibanum Citrus Aromatic Bath Soap for Men - 150gms,ML16-B12,600.00,active,Aromatic Soap,"Body Care, Body Care > Soaps, Men, Men > Bath & Body > Aromatic Soap",No,0,No,https://www.maroma.com/?s=Olibanum%20Citrus%20Aromatic%20Bath%20Soap%20for%20Men%20-%20150gms,search,https://maroma-development-sgw0qzbd.myshopify.com/products/olibanum-citrus-aromatic-bath-soap-for-men-150gms,olibanum citrus aromatic bath soap,2,Archive,150g duplicate; keep 100g SKU ML16-B02
orange-patchouli-aromatic-bath-soap,Orange Patchouli Aromatic Bath Soap,ML16-B04,480.00,active,Aromatic Soap,"Body Care, Body Care > Soaps, Men, Men > Bath & Body > Aromatic Soap",Yes,1,Yes,https://www.maroma.com/product/orange-patchouli-refreshing-aromatic-bath-soap-for-men-100gms/,product,https://maroma-development-sgw0qzbd.myshopify.com/products/orange-patchouli-aromatic-bath-soap,orange patchouli aromatic bath soap,2,Keep,Live on maroma.com with image
orange-patchouli-aromatic-bath-soap-for-men-150gms,Orange Patchouli Aromatic Bath Soap for Men - 150gms,ML16-B14,600.00,active,Aromatic Soap,"Body Care, Body Care > Soaps, Men, Men > Bath & Body > Aromatic Soap",No,0,No,https://www.maroma.com/?s=Orange%20Patchouli%20Aromatic%20Bath%20Soap%20for%20Men%20-%20150gms,search,https://maroma-development-sgw0qzbd.myshopify.com/products/orange-patchouli-aromatic-bath-soap-for-men-150gms,orange patchouli aromatic bath soap,2,Archive,150g duplicate; keep 100g SKU ML16-B04
pomegranate-bliss-perfume-sachet-ea13-g09,Pomegranate Bliss Perfume Sachet,,175.00,active,Wardrobe Sachet-Aromatic,"Featured, Home Essences, Home Essences > Fragrance for Spaces > Fragrance Sachets, Home Essences > Fragrance for Spaces > Fragrance Sachets > Wardrobe Sachet-Aromatic",Yes,1,No,https://www.maroma.com/?s=Pomegranate%20Bliss%20Perfume%20Sachet,search,https://maroma-development-sgw0qzbd.myshopify.com/products/pomegranate-bliss-perfume-sachet-ea13-g09,pomegranate bliss perfume sachet,2,Keep,Duplicate group (2 listings)
pomegranate-bliss-perfume-sachet,Pomegranate Bliss Perfume Sachet,EA13-A12,240.00,active,Wardrobe Sachet-Aromatic,"Home Essences, Home Essences > Fragrance for Spaces > Fragrance Sachets, Home Essences > Fragrance for Spaces > Fragrance Sachets > Wardrobe Sachet-Aromatic",Yes,1,No,https://www.maroma.com/?s=Pomegranate%20Bliss%20Perfume%20Sachet,search,https://maroma-development-sgw0qzbd.myshopify.com/products/pomegranate-bliss-perfume-sachet,pomegranate bliss perfume sachet,2,Keep,Duplicate group (2 listings)
rose-bath-soap-100-gms,Rose Bath Soap - 100 gms,DDD1,475.00,active,Soaps,"Body Care, Body Care > Soaps",Yes,1,No,https://www.maroma.com/?s=Rose%20Bath%20Soap%20-%20100%20gms,search,https://maroma-development-sgw0qzbd.myshopify.com/products/rose-bath-soap-100-gms,rose bath soap,2,Keep,Duplicate group (2 listings)
rose-bath-soap-50gms,Rose Bath Soap - 50gms,TL16-P32,175.00,active,Body Care,Body Care,Yes,1,No,https://www.maroma.com/?s=Rose%20Bath%20Soap%20-%2050gms,search,https://maroma-development-sgw0qzbd.myshopify.com/products/rose-bath-soap-50gms,rose bath soap,2,Keep,Duplicate group (2 listings)
sage-amber-lily-of-the-valley-100gms-triple-scented,"Sage, Amber, Lily of the Valley - 100gms Triple Scented",CN11-N75,370.00,active,Pillar,"Home Essences, Home Essences > Ambience & Decor > Candles, Home Essences > Ambience & Decor > Candles > Pillar",Yes,1,No,https://www.maroma.com/?s=Sage%2C%20Amber%2C%20Lily%20of%20the%20Valley%20-%20100gms%20Triple%20Scented,search,https://maroma-development-sgw0qzbd.myshopify.com/products/sage-amber-lily-of-the-valley-100gms-triple-scented,sage amber lily of the valley triple scented,2,Keep,Duplicate group (2 listings)
sage-amber-lily-of-the-valley-600gms-triple-scented,"Sage, Amber, Lily of the Valley - 600gms Triple Scented",CN11-N55,1640.00,active,Pillar,"Home Essences, Home Essences > Ambience & Decor > Candles, Home Essences > Ambience & Decor > Candles > Pillar",Yes,1,No,https://www.maroma.com/?s=Sage%2C%20Amber%2C%20Lily%20of%20the%20Valley%20-%20600gms%20Triple%20Scented,search,https://maroma-development-sgw0qzbd.myshopify.com/products/sage-amber-lily-of-the-valley-600gms-triple-scented,sage amber lily of the valley triple scented,2,Keep,Duplicate group (2 listings)
sandal-bath-soap-100-gms,Sandal Bath Soap - 100 gms,TL16-P08,475.00,active,Soaps,"Body Care, Body Care > Soaps, Gifting",Yes,1,No,https://www.maroma.com/?s=Sandal%20Bath%20Soap%20-%20100%20gms,search,https://maroma-development-sgw0qzbd.myshopify.com/products/sandal-bath-soap-100-gms,sandal bath soap,2,Keep,Duplicate group (2 listings)
sandal-bath-soap-50gms,Sandal Bath Soap - 50gms,TL16-P33,175.00,active,Body Care,Body Care,No,0,No,https://www.maroma.com/?s=Sandal%20Bath%20Soap%20-%2050gms,search,https://maroma-development-sgw0qzbd.myshopify.com/products/sandal-bath-soap-50gms,sandal bath soap,2,Review — no image,Missing image in Shopify
scrub-soap-giftset-p-4-25-gms-each-tl16-p73,Scrub Soap Giftset P/4 25 Gms Each,TL16-P73,550.00,active,Mini Soap Set,"Gifting, Gifting > Mini Soap Set",Yes,1,No,https://www.maroma.com/?s=Scrub%20Soap%20Giftset%20P%2F4%2025%20Gms%20Each,search,https://maroma-development-sgw0qzbd.myshopify.com/products/scrub-soap-giftset-p-4-25-gms-each-tl16-p73,scrub soap giftset p 4 25 gms each,2,Keep,Duplicate group (2 listings)
scrub-soap-giftset-p-4-25-gms-each,Scrub Soap Giftset P/4 25 Gms Each,TL16-P72,550.00,active,Mini Soap Set,"Gifting, Gifting > Mini Soap Set",Yes,1,No,https://www.maroma.com/?s=Scrub%20Soap%20Giftset%20P%2F4%2025%20Gms%20Each,search,https://maroma-development-sgw0qzbd.myshopify.com/products/scrub-soap-giftset-p-4-25-gms-each,scrub soap giftset p 4 25 gms each,2,Keep,Duplicate group (2 listings)
summer-berries-perfume-sachet-ea13-g10,Summer Berries Perfume Sachet,,175.00,active,Wardrobe Sachet-Aromatic,"Featured, Home Essences, Home Essences > Fragrance for Spaces > Fragrance Sachets, Home Essences > Fragrance for Spaces > Fragrance Sachets > Wardrobe Sachet-Aromatic",Yes,1,No,https://www.maroma.com/?s=Summer%20Berries%20Perfume%20Sachet,search,https://maroma-development-sgw0qzbd.myshopify.com/products/summer-berries-perfume-sachet-ea13-g10,summer berries perfume sachet,2,Keep,Duplicate group (2 listings)
summer-berries-perfume-sachet,Summer Berries Perfume Sachet,EA13-A13,240.00,active,Wardrobe Sachet-Aromatic,"Home Essences, Home Essences > Fragrance for Spaces > Fragrance Sachets, Home Essences > Fragrance for Spaces > Fragrance Sachets > Wardrobe Sachet-Aromatic",Yes,1,No,https://www.maroma.com/?s=Summer%20Berries%20Perfume%20Sachet,search,https://maroma-development-sgw0qzbd.myshopify.com/products/summer-berries-perfume-sachet,summer berries perfume sachet,2,Keep,Duplicate group (2 listings)
tonka-vetiver-aromatic-bath-soap-for-man,Tonka Vetiver Aromatic Bath Soap for Man,ML16-B03,480.00,active,Aromatic Soap,"Body Care, Body Care > Soaps, Coconut, Men, Men > Bath & Body > Aromatic Soap, Petitgrain, Tonka Bean, Vetiver",Yes,1,Yes,https://www.maroma.com/product/tonka-vetiver-invigorating-aromatic-bath-soap-for-men-100gms/,product,https://maroma-development-sgw0qzbd.myshopify.com/products/tonka-vetiver-aromatic-bath-soap-for-man,tonka vetiver aromatic bath soap,2,Keep,Live on maroma.com with image
tonka-vetiver-aromatic-bath-soap-for-men-150gms,Tonka Vetiver Aromatic Bath Soap for Men - 150gms,ML16-B13,600.00,active,Aromatic Soap,"Body Care, Body Care > Soaps, Men, Men > Bath & Body > Aromatic Soap",No,0,No,https://www.maroma.com/?s=Tonka%20Vetiver%20Aromatic%20Bath%20Soap%20for%20Men%20-%20150gms,search,https://maroma-development-sgw0qzbd.myshopify.com/products/tonka-vetiver-aromatic-bath-soap-for-men-150gms,tonka vetiver aromatic bath soap,2,Archive,150g duplicate; keep 100g SKU ML16-B03
wild-strawberry-perfume-sachet-ea13-g12,Wild Strawberry Perfume Sachet,,175.00,active,Wardrobe Sachet-Aromatic,"Featured, Home Essences, Home Essences > Fragrance for Spaces > Fragrance Sachets, Home Essences > Fragrance for Spaces > Fragrance Sachets > Wardrobe Sachet-Aromatic",Yes,1,No,https://www.maroma.com/?s=Wild%20Strawberry%20Perfume%20Sachet,search,https://maroma-development-sgw0qzbd.myshopify.com/products/wild-strawberry-perfume-sachet-ea13-g12,wild strawberry perfume sachet,2,Keep,Duplicate group (2 listings)
wild-strawberry-perfume-sachet,Wild Strawberry Perfume Sachet,EA13-A14,240.00,active,Wardrobe Sachet-Aromatic,"Home Essences, Home Essences > Fragrance for Spaces > Fragrance Sachets, Home Essences > Fragrance for Spaces > Fragrance Sachets > Wardrobe Sachet-Aromatic",Yes,1,No,https://www.maroma.com/?s=Wild%20Strawberry%20Perfume%20Sachet,search,https://maroma-development-sgw0qzbd.myshopify.com/products/wild-strawberry-perfume-sachet,wild strawberry perfume sachet,2,Keep,Duplicate group (2 listings)
ylang-vanilla-perfume-sachet-ea13-g13,Ylang Vanilla Perfume Sachet,,175.00,active,Wardrobe Sachet-Aromatic,"Featured, Home Essences, Home Essences > Fragrance for Spaces > Fragrance Sachets, Home Essences > Fragrance for Spaces > Fragrance Sachets > Wardrobe Sachet-Aromatic",Yes,1,No,https://www.maroma.com/?s=Ylang%20Vanilla%20Perfume%20Sachet,search,https://maroma-development-sgw0qzbd.myshopify.com/products/ylang-vanilla-perfume-sachet-ea13-g13,ylang vanilla perfume sachet,2,Keep,Duplicate group (2 listings)
ylang-vanilla-perfume-sachet,Ylang Vanilla Perfume Sachet,EA13-A15,240.00,active,Wardrobe Sachet-Aromatic,"Home Essences, Home Essences > Fragrance for Spaces > Fragrance Sachets, Home Essences > Fragrance for Spaces > Fragrance Sachets > Wardrobe Sachet-Aromatic",Yes,1,No,https://www.maroma.com/?s=Ylang%20Vanilla%20Perfume%20Sachet,search,https://maroma-development-sgw0qzbd.myshopify.com/products/ylang-vanilla-perfume-sachet,ylang vanilla perfume sachet,2,Keep,Duplicate group (2 listings)
10-perfume-mats-lavender,10 Perfume Mats -Lavender,EA35-D21,600.00,active,Perfume Mat,"Gifting, Home Essences, Home Essences > Fragrance for Spaces > Diffusers & Ambient Perfumes > Perfume Mat",Yes,1,No,https://www.maroma.com/?s=10%20Perfume%20Mats%20-Lavender,search,https://maroma-development-sgw0qzbd.myshopify.com/products/10-perfume-mats-lavender,10 perfume mats lavender,1,Keep,
10-perfume-mats-opium-flower,10 Perfume Mats - Opium Flower,EA35-D27,600.00,active,Perfume Mat,"Home Essences, Home Essences > Fragrance for Spaces > Diffusers & Ambient Perfumes > Perfume Mat",Yes,1,No,https://www.maroma.com/?s=10%20Perfume%20Mats%20-%20Opium%20Flower,search,https://maroma-development-sgw0qzbd.myshopify.com/products/10-perfume-mats-opium-flower,10 perfume mats opium flower,1,Keep,
10-perfume-mats-orange-cinnamon,10 Perfume Mats -Orange Cinnamon,EA35-D24,600.00,active,Perfume Mat,"Gifting, Home Essences, Home Essences > Fragrance for Spaces > Diffusers & Ambient Perfumes > Perfume Mat",Yes,1,No,https://www.maroma.com/?s=10%20Perfume%20Mats%20-Orange%20Cinnamon,search,https://maroma-development-sgw0qzbd.myshopify.com/products/10-perfume-mats-orange-cinnamon,10 perfume mats orange cinnamon,1,Keep,
10-perfume-mats-vanilla,10 Perfume Mats -Vanilla,EA35-D26,600.00,active,Perfume Mat,"Gifting, Home Essences, Home Essences > Fragrance for Spaces > Diffusers & Ambient Perfumes > Perfume Mat",Yes,1,No,https://www.maroma.com/?s=10%20Perfume%20Mats%20-Vanilla,search,https://maroma-development-sgw0qzbd.myshopify.com/products/10-perfume-mats-vanilla,10 perfume mats vanilla,1,Keep,
25-reed-sticks-pack-of-6,25 Reed Sticks - Pack of 6,AC24-A35,260.00,active,Reed Diffuser Sticks,"Home Essences, Home Essences > Ambience & Decor > Ceramics, Home Essences > Fragrance for Spaces > Diffusers & Ambient Perfumes, Home Essences > Fragrance for Spaces > Diffusers & Ambient Perfumes > Reed Diffuser, Home Essences > Fragrance for Spaces > Diffusers & Ambient Perfumes > Reed Diffuser > Reed Diffuser Sticks",Yes,1,Yes,https://www.maroma.com/product/reed-sticks-pack-by-6/,product,https://maroma-development-sgw0qzbd.myshopify.com/products/25-reed-sticks-pack-of-6,25 reed sticks pack of 6,1,Keep,Live on maroma.com with image
a-secret-love,A Secret Love,A Secret Love (Pink with Burgundy Heart),650.00,active,Gift Sets,"Gifting > Gift Sets, Valentine's Day Special",Yes,1,No,https://www.maroma.com/?s=A%20Secret%20Love,search,https://maroma-development-sgw0qzbd.myshopify.com/products/a-secret-love,a secret love,1,Keep,
abundance-10-incense-sticks,Abundance 10 Incense Sticks,KI10-C01,290.00,active,Encens D’auroville,"Encens D'Auroville, Home Essences, Home Essences > Fragrance for Spaces > Incense, Home Essences > Fragrance for Spaces > Incense > Encens D’auroville",Yes,1,No,https://www.maroma.com/?s=Abundance%2010%20Incense%20Sticks,search,https://maroma-development-sgw0qzbd.myshopify.com/products/abundance-10-incense-sticks,abundance 10 incense sticks,1,Keep,
all-you-need-gift-set,All You Need Gift Set,All You Need,775.00,active,Gift Sets,Gifting > Gift Sets,Yes,1,No,https://www.maroma.com/?s=All%20You%20Need%20Gift%20Set,search,https://maroma-development-sgw0qzbd.myshopify.com/products/all-you-need-gift-set,all you need gift set,1,Keep,
aloe-calendula-deodorant-spray,Aloe & Calendula Deodorant Spray,TL16-O74,400.00,active,Deodorant,"Aloe Vera, Body Care, Body Care > Deodorant, Calendula, Dry Skin, Sensitive Skin, three, Zinc Ricinoleate",Yes,1,Yes,https://www.maroma.com/product/liquid-deodorant-spray-with-lavender-100ml/,product,https://maroma-development-sgw0qzbd.myshopify.com/products/aloe-calendula-deodorant-spray,aloe calendula deodorant spray,1,Keep,Live on maroma.com with image
aloe-vera-and-calendula-deodorant,Aloe Vera and Calendula Deodorant,TL16-O27,640.00,active,Deodorant,"Aloe Vera, Body Care, Body Care > Deodorant, Calendula, Coconut, Dry & Dehydrated Skin, Gentle, Protective, Sensitive Skin, Subtle",Yes,1,Yes,https://www.maroma.com/product/deodorant-aloe-vera-and-calendula-50ml/,product,https://maroma-development-sgw0qzbd.myshopify.com/products/aloe-vera-and-calendula-deodorant,aloe vera and calendula deodorant,1,Keep,Live on maroma.com with image
aloe-vera-hibiscus-conditioner,Aloe Vera Hibiscus Conditioner,TL16-K75,755.00,active,Conditioners,"Aloe Vera, Coconut, Dry & Dehydrated Skin, Featured, Hair, Hair > Conditioners, Lemon, Sensitive Skin, Tonka Bean",Yes,1,Yes,https://www.maroma.com/product/aloe-vera-hibiscus-conditioner/,product,https://maroma-development-sgw0qzbd.myshopify.com/products/aloe-vera-hibiscus-conditioner,aloe vera hibiscus conditioner,1,Keep,Live on maroma.com with image
aloe-vera-hibiscus-shampoo,Aloe Vera Hibiscus Shampoo,TL16-F51,905.00,active,Shampoos,"Aloe Vera, Coconut, Dry & Dehydrated Skin, Featured, Hair, Hair > Shampoos, Lemon, Sensitive Skin, Tonka Bean",Yes,1,Yes,https://www.maroma.com/product/aloe-vera-hibiscus-shampoo/,product,https://maroma-development-sgw0qzbd.myshopify.com/products/aloe-vera-hibiscus-shampoo,aloe vera hibiscus shampoo,1,Keep,Live on maroma.com with image
aloe-vera-hibiscus-shower-gel,Aloe Vera Hibiscus Shower Gel,TL16-L76,725.00,active,Shower Gels,"Aloe Vera, Body Care, Body Care > Shower Gels, Coconut, Dry & Dehydrated Skin, Featured, Hair, Lemon, Sensitive Skin, Tonka Bean",Yes,1,Yes,https://www.maroma.com/product/aloe-vera-hibiscus-shower-gel/,product,https://maroma-development-sgw0qzbd.myshopify.com/products/aloe-vera-hibiscus-shower-gel,aloe vera hibiscus shower gel,1,Keep,Live on maroma.com with image
aloe-vera-mild-scrub-soap,Aloe Vera Mild Scrub Soap,SS16-A90,480.00,active,Scrub Soap,"Aloe Vera, Body Care, Body Care > Soaps, Body Care > Soaps > Scrub Soap, Coconut, Dry & Dehydrated Skin, Lavender, Mango Butter, Manjistha, Normal Skin, Poppy, Sensitive Skin, Shatavari, Tea Tree, Tired or Stressed Skin",Yes,1,Yes,https://www.maroma.com/product/mild-scrub-soap-aloe-vera-100gms/,product,https://maroma-development-sgw0qzbd.myshopify.com/products/aloe-vera-mild-scrub-soap,aloe vera mild scrub soap,1,Keep,Live on maroma.com with image
alpine-cedar-smudging-incense-wands,Alpine Cedar Smudging Incense Wands,EA26-D21,380.00,active,Smudge Leaf Incense,"Home Essences, Home Essences > Fragrance for Spaces > Incense, Home Essences > Fragrance for Spaces > Incense > Smudge Leaf Incense",Yes,1,Yes,https://www.maroma.com/product/smudge-leaf-wands-alpine-cedar/,product,https://maroma-development-sgw0qzbd.myshopify.com/products/alpine-cedar-smudging-incense-wands,alpine cedar smudging incense wands,1,Keep,Live on maroma.com with image
amber-cone-incense,Amber Cone Incense,EA27-A28,260.00,active,Cone Incense,"Encens D'Auroville, Encens D'Auroville > Cone Incense, Home Essences, Home Essences > Fragrance for Spaces > Incense, Home Essences > Fragrance for Spaces > Incense > Cone Incense",Yes,1,Yes,https://www.maroma.com/product/amber-cone-incense/,product,https://maroma-development-sgw0qzbd.myshopify.com/products/amber-cone-incense,amber cone incense,1,Keep,Live on maroma.com with image
amber-glow-gift-set,Amber Glow Gift Set,EA29-F20,1565.00,active,Gift Sets,"Gifting, Gifting > Gift Sets",Yes,1,Yes,https://www.maroma.com/product/amber-glow-gift-set/,product,https://maroma-development-sgw0qzbd.myshopify.com/products/amber-glow-gift-set,amber glow gift set,1,Keep,Live on maroma.com with image
amber-incense-sticks,Amber Incense Sticks,EA10-A02,260.00,active,Encens D’auroville,"Encens D'Auroville, Grounding & Centering, Home Essences, Home Essences > Fragrance for Spaces > Incense, Home Essences > Fragrance for Spaces > Incense > Encens D’auroville, Spiritual & Meditative, Warm & Comforting",Yes,1,Yes,https://www.maroma.com/product/amber-10-incense-sticks/,product,https://maroma-development-sgw0qzbd.myshopify.com/products/amber-incense-sticks,amber incense sticks,1,Keep,Live on maroma.com with image
ambient-perfume-apple-blossom-10ml,Ambient Perfume Apple Blossom - 10ml,EA14-B06,435.00,active,Ambient Perfumes,"Home Essences, Home Essences > Fragrance for Spaces > Diffusers & Ambient Perfumes > Ambient Perfumes, Home Essences > Fragrance for Spaces > Diffusers & Ambient Perfumes > Diffuser Oils",No,0,No,https://www.maroma.com/?s=Ambient%20Perfume%20Apple%20Blossom%20-%2010ml,search,https://maroma-development-sgw0qzbd.myshopify.com/products/ambient-perfume-apple-blossom-10ml,ambient perfume apple blossom 10ml,1,Review — no image,Missing image in Shopify
ambient-perfume-desert-spring-10ml,Ambient Perfume Desert Spring - 10ml,EA14-B04,435.00,active,Ambient Perfumes,"Home Essences, Home Essences > Fragrance for Spaces > Diffusers & Ambient Perfumes > Ambient Perfumes, Home Essences > Fragrance for Spaces > Diffusers & Ambient Perfumes > Diffuser Oils",Yes,1,No,https://www.maroma.com/?s=Ambient%20Perfume%20Desert%20Spring%20-%2010ml,search,https://maroma-development-sgw0qzbd.myshopify.com/products/ambient-perfume-desert-spring-10ml,ambient perfume desert spring 10ml,1,Keep,
ambient-perfume-hanging-sachet-frangipani,Ambient Perfume Hanging Sachet-Frangipani,EA13-B20,335.00,active,Wardrobe Sachet-Aromatic,"Home Essences, Home Essences > Fragrance for Spaces > Fragrance Sachets, Home Essences > Fragrance for Spaces > Fragrance Sachets > Wardrobe Sachet-Aromatic",Yes,1,No,https://www.maroma.com/?s=Ambient%20Perfume%20Hanging%20Sachet-Frangipani,search,https://maroma-development-sgw0qzbd.myshopify.com/products/ambient-perfume-hanging-sachet-frangipani,ambient perfume hanging sachet frangipani,1,Keep,
ambient-perfume-hanging-sachet-jasmine,Ambient Perfume Hanging Sachet-Jasmine,EA13-B04,335.00,active,Wardrobe Sachet-Aromatic,"Home Essences, Home Essences > Fragrance for Spaces > Fragrance Sachets, Home Essences > Fragrance for Spaces > Fragrance Sachets > Wardrobe Sachet-Aromatic",Yes,1,No,https://www.maroma.com/?s=Ambient%20Perfume%20Hanging%20Sachet-Jasmine,search,https://maroma-development-sgw0qzbd.myshopify.com/products/ambient-perfume-hanging-sachet-jasmine,ambient perfume hanging sachet jasmine,1,Keep,
ambient-perfume-hanging-sachet-orange-blossom,Ambient Perfume Hanging Sachet-Orange Blossom,EA13-B12,335.00,active,Wardrobe Sachet-Aromatic,"Home Essences, Home Essences > Fragrance for Spaces > Fragrance Sachets, Home Essences > Fragrance for Spaces > Fragrance Sachets > Wardrobe Sachet-Aromatic",Yes,1,No,https://www.maroma.com/?s=Ambient%20Perfume%20Hanging%20Sachet-Orange%20Blossom,search,https://maroma-development-sgw0qzbd.myshopify.com/products/ambient-perfume-hanging-sachet-orange-blossom,ambient perfume hanging sachet orange blossom,1,Keep,
ambient-perfume-hanging-sachet-orange-cinnamon,Ambient Perfume Hanging Sachet-Orange Cinnamon,EA13-B06,335.00,active,Wardrobe Sachet-Aromatic,"Home Essences, Home Essences > Fragrance for Spaces > Fragrance Sachets, Home Essences > Fragrance for Spaces > Fragrance Sachets > Wardrobe Sachet-Aromatic",Yes,1,No,https://www.maroma.com/?s=Ambient%20Perfume%20Hanging%20Sachet-Orange%20Cinnamon,search,https://maroma-development-sgw0qzbd.myshopify.com/products/ambient-perfume-hanging-sachet-orange-cinnamon,ambient perfume hanging sachet orange cinnamon,1,Keep,
ambient-perfume-hanging-sachet-peach-vanilla,Ambient Perfume Hanging Sachet-Peach Vanilla,EA13-B07,335.00,active,Wardrobe Sachet-Aromatic,"Home Essences, Home Essences > Fragrance for Spaces > Fragrance Sachets, Home Essences > Fragrance for Spaces > Fragrance Sachets > Wardrobe Sachet-Aromatic",Yes,1,No,https://www.maroma.com/?s=Ambient%20Perfume%20Hanging%20Sachet-Peach%20Vanilla,search,https://maroma-development-sgw0qzbd.myshopify.com/products/ambient-perfume-hanging-sachet-peach-vanilla,ambient perfume hanging sachet peach vanilla,1,Keep,
ambient-perfume-hanging-sachet-rose,Ambient Perfume Hanging Sachet-Rose,EA13-B08,335.00,active,Wardrobe Sachet-Aromatic,"Home Essences, Home Essences > Fragrance for Spaces > Fragrance Sachets, Home Essences > Fragrance for Spaces > Fragrance Sachets > Wardrobe Sachet-Aromatic",Yes,1,No,https://www.maroma.com/?s=Ambient%20Perfume%20Hanging%20Sachet-Rose,search,https://maroma-development-sgw0qzbd.myshopify.com/products/ambient-perfume-hanging-sachet-rose,ambient perfume hanging sachet rose,1,Keep,
ambient-perfume-hanging-sachet-rosewood,Ambient Perfume Hanging Sachet-Rosewood,EA13-B09,335.00,active,Wardrobe Sachet-Aromatic,"Home Essences, Home Essences > Fragrance for Spaces > Fragrance Sachets, Home Essences > Fragrance for Spaces > Fragrance Sachets > Wardrobe Sachet-Aromatic",Yes,1,No,https://www.maroma.com/?s=Ambient%20Perfume%20Hanging%20Sachet-Rosewood,search,https://maroma-development-sgw0qzbd.myshopify.com/products/ambient-perfume-hanging-sachet-rosewood,ambient perfume hanging sachet rosewood,1,Keep,
ambient-perfume-lemonverbena-10ml,Ambient Perfume Lemonverbena - 10ml,EA14-B34,435.00,active,Ambient Perfumes,"Home Essences, Home Essences > Fragrance for Spaces > Diffusers & Ambient Perfumes > Ambient Perfumes, Home Essences > Fragrance for Spaces > Diffusers & Ambient Perfumes > Diffuser Oils",No,0,No,https://www.maroma.com/?s=Ambient%20Perfume%20Lemonverbena%20-%2010ml,search,https://maroma-development-sgw0qzbd.myshopify.com/products/ambient-perfume-lemonverbena-10ml,ambient perfume lemonverbena 10ml,1,Review — no image,Missing image in Shopify
ambient-perfume-square-sachet-frangipani,Ambient Perfume Square Sachet-Frangipani,EA13-A16,240.00,active,Wardrobe Sachet-Aromatic,"Home Essences, Home Essences > Fragrance for Spaces > Fragrance Sachets, Home Essences > Fragrance for Spaces > Fragrance Sachets > Wardrobe Sachet-Aromatic",Yes,1,No,https://www.maroma.com/?s=Ambient%20Perfume%20Square%20Sachet-Frangipani,search,https://maroma-development-sgw0qzbd.myshopify.com/products/ambient-perfume-square-sachet-frangipani,ambient perfume square sachet frangipani,1,Keep,
ambient-perfume-square-sachet-jasmine,Ambient Perfume Square Sachet-Jasmine,EA13-A04,240.00,active,Wardrobe Sachet-Aromatic,"Home Essences, Home Essences > Fragrance for Spaces > Fragrance Sachets, Home Essences > Fragrance for Spaces > Fragrance Sachets > Wardrobe Sachet-Aromatic",Yes,1,No,https://www.maroma.com/?s=Ambient%20Perfume%20Square%20Sachet-Jasmine,search,https://maroma-development-sgw0qzbd.myshopify.com/products/ambient-perfume-square-sachet-jasmine,ambient perfume square sachet jasmine,1,Keep,
ambient-perfume-square-sachet-orange-cinnamon,Ambient Perfume Square Sachet-Orange Cinnamon,EA13-A20,240.00,active,Wardrobe Sachet-Aromatic,"Home Essences, Home Essences > Fragrance for Spaces > Fragrance Sachets, Home Essences > Fragrance for Spaces > Fragrance Sachets > Wardrobe Sachet-Aromatic",Yes,1,No,https://www.maroma.com/?s=Ambient%20Perfume%20Square%20Sachet-Orange%20Cinnamon,search,https://maroma-development-sgw0qzbd.myshopify.com/products/ambient-perfume-square-sachet-orange-cinnamon,ambient perfume square sachet orange cinnamon,1,Keep,
ambient-perfume-square-sachet-peach-vanilla,Ambient Perfume Square Sachet-Peach Vanilla,EA13-A18,240.00,active,Wardrobe Sachet-Aromatic,"Home Essences, Home Essences > Fragrance for Spaces > Fragrance Sachets, Home Essences > Fragrance for Spaces > Fragrance Sachets > Wardrobe Sachet-Aromatic",Yes,1,No,https://www.maroma.com/?s=Ambient%20Perfume%20Square%20Sachet-Peach%20Vanilla,search,https://maroma-development-sgw0qzbd.myshopify.com/products/ambient-perfume-square-sachet-peach-vanilla,ambient perfume square sachet peach vanilla,1,Keep,
ambient-perfume-square-sachet-rosewood,Ambient Perfume Square Sachet-Rosewood,EA13-A10,240.00,active,Wardrobe Sachet-Aromatic,"Gifting, Home Essences, Home Essences > Fragrance for Spaces > Fragrance Sachets, Home Essences > Fragrance for Spaces > Fragrance Sachets > Wardrobe Sachet-Aromatic",Yes,1,No,https://www.maroma.com/?s=Ambient%20Perfume%20Square%20Sachet-Rosewood,search,https://maroma-development-sgw0qzbd.myshopify.com/products/ambient-perfume-square-sachet-rosewood,ambient perfume square sachet rosewood,1,Keep,
ambient-perfume-wild-berries-10ml,Ambient Perfume Wild Berries - 10ml,EA14-B24,435.00,active,Ambient Perfumes,"Home Essences, Home Essences > Fragrance for Spaces > Diffusers & Ambient Perfumes > Ambient Perfumes, Home Essences > Fragrance for Spaces > Diffusers & Ambient Perfumes > Diffuser Oils",Yes,1,No,https://www.maroma.com/?s=Ambient%20Perfume%20Wild%20Berries%20-%2010ml,search,https://maroma-development-sgw0qzbd.myshopify.com/products/ambient-perfume-wild-berries-10ml,ambient perfume wild berries 10ml,1,Keep,
apple-blossom-100gms,Apple Blossom- 100gms,CA11-B02 AB,360.00,active,Pillar,"Home Essences, Home Essences > Ambience & Decor > Candles, Home Essences > Ambience & Decor > Candles > Pillar",Yes,1,No,https://www.maroma.com/?s=Apple%20Blossom-%20100gms,search,https://maroma-development-sgw0qzbd.myshopify.com/products/apple-blossom-100gms,apple blossom,1,Keep,
apple-blossom-incense-sticks,Apple Blossom Incense Sticks,EA10-A79,260.00,active,Encens D’auroville,"Encens D'Auroville, Energizing & Uplifting, Home Essences, Home Essences > Fragrance for Spaces > Incense, Home Essences > Fragrance for Spaces > Incense > Encens D’auroville, Joyful & Playful",Yes,1,Yes,https://www.maroma.com/product/apple-blossom-10-incense-sticks/,product,https://maroma-development-sgw0qzbd.myshopify.com/products/apple-blossom-incense-sticks,apple blossom incense sticks,1,Keep,Live on maroma.com with image
apple-blossom-pillar-candle,Apple Blossom Pillar Candle,CN11-C01,360.00,active,Pillar,"Home Essences, Home Essences > Ambience & Decor > Candles, Home Essences > Ambience & Decor > Candles > Pillar",Yes,1,No,https://www.maroma.com/?s=Apple%20Blossom%20Pillar%20Candle,search,https://maroma-development-sgw0qzbd.myshopify.com/products/apple-blossom-pillar-candle,apple blossom pillar candle,1,Keep,
apple-blossom-scented-candle-300gms,Apple Blossom Scented Candle - 300gms,,875.00,active,Pillar,"Home Essences, Home Essences > Ambience & Decor > Candles, Home Essences > Ambience & Decor > Candles > Pillar",Yes,1,No,https://www.maroma.com/?s=Apple%20Blossom%20Scented%20Candle%20-%20300gms,search,https://maroma-development-sgw0qzbd.myshopify.com/products/apple-blossom-scented-candle-300gms,apple blossom scented candle,1,Keep,
apricot-scrub-soap,Apricot Scrub Soap,SS16-A27,550.00,active,Scrub Soap,"Apricot, Bengal Gram, Body Care, Body Care > Soaps, Body Care > Soaps > Scrub Soap, Coconut, Geranium, Himalayan Cedarwood, Kokum, Normal Skin, Rough or Textured Skin, Tired or Stressed Skin",Yes,1,Yes,https://www.maroma.com/product/scrub-soap-apricot-150gms/,product,https://maroma-development-sgw0qzbd.myshopify.com/products/apricot-scrub-soap,apricot scrub soap,1,Keep,Live on maroma.com with image
aromatherapy-almond-serum-50gms,Aromatherapy Almond Serum - 50gms,AY16-B54,1750.00,active,Serums,"Face Care, Face Care > Serums",Yes,1,No,https://www.maroma.com/?s=Aromatherapy%20Almond%20Serum%20-%2050gms,search,https://maroma-development-sgw0qzbd.myshopify.com/products/aromatherapy-almond-serum-50gms,aromatherapy almond serum,1,Keep,
aromatherapy-apple-stem-serum-50gms,Aromatherapy Apple Stem Serum - 50gms,AY16-B57,2100.00,active,Serums,"Face Care, Face Care > Serums",Yes,1,No,https://www.maroma.com/?s=Aromatherapy%20Apple%20Stem%20Serum%20-%2050gms,search,https://maroma-development-sgw0qzbd.myshopify.com/products/aromatherapy-apple-stem-serum-50gms,aromatherapy apple stem serum,1,Keep,
aromatherapy-avocado-and-apricot-serum-50gms,Aromatherapy Avocado and Apricot Serum - 50gms,AY16-B55,2100.00,active,Serums,"Face Care, Face Care > Serums",Yes,1,No,https://www.maroma.com/?s=Aromatherapy%20Avocado%20and%20Apricot%20Serum%20-%2050gms,search,https://maroma-development-sgw0qzbd.myshopify.com/products/aromatherapy-avocado-and-apricot-serum-50gms,aromatherapy avocado and apricot serum,1,Keep,
aromatherapy-body-massage-oil-balancing-100ml,Aromatherapy Body Massage Oil Balancing - 100ml,AY16-A22,650.00,active,Massage & Body Oils,"Body Care, Body Care > Massage & Body Oils",Yes,1,No,https://www.maroma.com/?s=Aromatherapy%20Body%20Massage%20Oil%20Balancing%20-%20100ml,search,https://maroma-development-sgw0qzbd.myshopify.com/products/aromatherapy-body-massage-oil-balancing-100ml,aromatherapy body massage oil balancing 100ml,1,Keep,
aromatherapy-body-massage-oil-recharge-100ml,Aromatherapy Body Massage Oil Recharge - 100ml,AY16-A23,650.00,active,Massage & Body Oils,"Body Care, Body Care > Massage & Body Oils",Yes,1,No,https://www.maroma.com/?s=Aromatherapy%20Body%20Massage%20Oil%20Recharge%20-%20100ml,search,https://maroma-development-sgw0qzbd.myshopify.com/products/aromatherapy-body-massage-oil-recharge-100ml,aromatherapy body massage oil recharge 100ml,1,Keep,
aromatherapy-body-massage-oil-stress-away-100ml,Aromatherapy Body Massage Oil Stress Away - 100ml,AY16-A21,650.00,active,Massage & Body Oils,"Body Care, Body Care > Massage & Body Oils",Yes,1,No,https://www.maroma.com/?s=Aromatherapy%20Body%20Massage%20Oil%20Stress%20Away%20-%20100ml,search,https://maroma-development-sgw0qzbd.myshopify.com/products/aromatherapy-body-massage-oil-stress-away-100ml,aromatherapy body massage oil stress away 100ml,1,Keep,
aromatherapy-body-massage-oil-uplifting-100ml,Aromatherapy Body Massage Oil Uplifting - 100ml,AY16-A24,650.00,active,Massage & Body Oils,"Body Care, Body Care > Massage & Body Oils",Yes,1,No,https://www.maroma.com/?s=Aromatherapy%20Body%20Massage%20Oil%20Uplifting%20-%20100ml,search,https://maroma-development-sgw0qzbd.myshopify.com/products/aromatherapy-body-massage-oil-uplifting-100ml,aromatherapy body massage oil uplifting 100ml,1,Keep,
aromatherapy-face-gel-50gms,Aromatherapy Face Gel - 50gms,AY16-B28,1100.00,active,Face Care,Face Care,No,0,No,https://www.maroma.com/?s=Aromatherapy%20Face%20Gel%20-%2050gms,search,https://maroma-development-sgw0qzbd.myshopify.com/products/aromatherapy-face-gel-50gms,aromatherapy face gel,1,Review — no image,Missing image in Shopify
aromatherapy-jojoba-serum-50gms,Aromatherapy Jojoba Serum - 50gms,AY16-B53,1750.00,active,Serums,"Face Care, Face Care > Serums",Yes,1,No,https://www.maroma.com/?s=Aromatherapy%20Jojoba%20Serum%20-%2050gms,search,https://maroma-development-sgw0qzbd.myshopify.com/products/aromatherapy-jojoba-serum-50gms,aromatherapy jojoba serum,1,Keep,
aromatherapy-rollon-balancing-10ml,Aromatherapy Rollon Balancing - 10ml,AY16-A85,490.00,active,Face Care,Face Care,Yes,1,No,https://www.maroma.com/?s=Aromatherapy%20Rollon%20Balancing%20-%2010ml,search,https://maroma-development-sgw0qzbd.myshopify.com/products/aromatherapy-rollon-balancing-10ml,aromatherapy rollon balancing 10ml,1,Keep,
aromatherapy-rollon-recharge-10ml,Aromatherapy Rollon Recharge -10ml,AY16-A86,490.00,active,Face Care,Face Care,Yes,1,No,https://www.maroma.com/?s=Aromatherapy%20Rollon%20Recharge%20-10ml,search,https://maroma-development-sgw0qzbd.myshopify.com/products/aromatherapy-rollon-recharge-10ml,aromatherapy rollon recharge 10ml,1,Keep,
aromatherapy-rollon-stress-away-10ml,Aromatherapy Rollon Stress Away - 10ml,AY16-A84,490.00,active,Face Care,Face Care,Yes,1,No,https://www.maroma.com/?s=Aromatherapy%20Rollon%20Stress%20Away%20-%2010ml,search,https://maroma-development-sgw0qzbd.myshopify.com/products/aromatherapy-rollon-stress-away-10ml,aromatherapy rollon stress away 10ml,1,Keep,
aromatherapy-rollon-uplifting-10ml,Aromatherapy Rollon Uplifting - 10ml,AY16-A87,490.00,active,Face Care,Face Care,Yes,1,No,https://www.maroma.com/?s=Aromatherapy%20Rollon%20Uplifting%20-%2010ml,search,https://maroma-development-sgw0qzbd.myshopify.com/products/aromatherapy-rollon-uplifting-10ml,aromatherapy rollon uplifting 10ml,1,Keep,
aromatherapy-spa-blend-clear-thoughts-10ml,Aromatherapy Spa Blend Clear Thoughts - 10ml,MS14-A01,860.00,active,Aromatherapy Spa Blend,"Home Essences, Home Essences > Fragrance for Spaces > Diffusers & Ambient Perfumes > Aromatherapy Spa Blend, Home Essences > Fragrance for Spaces > Diffusers & Ambient Perfumes > Diffuser Oils",Yes,1,No,https://www.maroma.com/?s=Aromatherapy%20Spa%20Blend%20Clear%20Thoughts%20-%2010ml,search,https://maroma-development-sgw0qzbd.myshopify.com/products/aromatherapy-spa-blend-clear-thoughts-10ml,aromatherapy spa blend clear thoughts 10ml,1,Keep,
aromatherapy-spa-blend-happy-heart-10ml,Aromatherapy Spa Blend Happy Heart - 10ml,MS14-A02,885.00,active,Aromatherapy Spa Blend,"Home Essences, Home Essences > Fragrance for Spaces > Diffusers & Ambient Perfumes > Aromatherapy Spa Blend, Home Essences > Fragrance for Spaces > Diffusers & Ambient Perfumes > Diffuser Oils",Yes,1,No,https://www.maroma.com/?s=Aromatherapy%20Spa%20Blend%20Happy%20Heart%20-%2010ml,search,https://maroma-development-sgw0qzbd.myshopify.com/products/aromatherapy-spa-blend-happy-heart-10ml,aromatherapy spa blend happy heart 10ml,1,Keep,
aromatherapy-spa-blend-joy-10ml,Aromatherapy Spa Blend Joy - 10ml,MS14-A03,1170.00,active,Aromatherapy Spa Blend,"Home Essences, Home Essences > Fragrance for Spaces > Diffusers & Ambient Perfumes > Aromatherapy Spa Blend, Home Essences > Fragrance for Spaces > Diffusers & Ambient Perfumes > Diffuser Oils",Yes,1,No,https://www.maroma.com/?s=Aromatherapy%20Spa%20Blend%20Joy%20-%2010ml,search,https://maroma-development-sgw0qzbd.myshopify.com/products/aromatherapy-spa-blend-joy-10ml,aromatherapy spa blend joy 10ml,1,Keep,
aromatherapy-spa-blend-meditation-10ml,Aromatherapy Spa Blend Meditation - 10ml,MS14-A04,765.00,active,Aromatherapy Spa Blend,"Home Essences, Home Essences > Fragrance for Spaces > Diffusers & Ambient Perfumes > Aromatherapy Spa Blend, Home Essences > Fragrance for Spaces > Diffusers & Ambient Perfumes > Diffuser Oils",Yes,1,No,https://www.maroma.com/?s=Aromatherapy%20Spa%20Blend%20Meditation%20-%2010ml,search,https://maroma-development-sgw0qzbd.myshopify.com/products/aromatherapy-spa-blend-meditation-10ml,aromatherapy spa blend meditation 10ml,1,Keep,
aromatherapy-spa-blend-new-energy-10ml,Aromatherapy Spa Blend New Energy - 10ml,MS14-A05,910.00,active,Aromatherapy Spa Blend,"Home Essences, Home Essences > Fragrance for Spaces > Diffusers & Ambient Perfumes > Aromatherapy Spa Blend, Home Essences > Fragrance for Spaces > Diffusers & Ambient Perfumes > Diffuser Oils",Yes,1,No,https://www.maroma.com/?s=Aromatherapy%20Spa%20Blend%20New%20Energy%20-%2010ml,search,https://maroma-development-sgw0qzbd.myshopify.com/products/aromatherapy-spa-blend-new-energy-10ml,aromatherapy spa blend new energy 10ml,1,Keep,
aromatherapy-spa-blend-purifying-10ml,Aromatherapy Spa Blend Purifying - 10ml,MS14-A06,765.00,active,Aromatherapy Spa Blend,"Home Essences, Home Essences > Fragrance for Spaces > Diffusers & Ambient Perfumes > Aromatherapy Spa Blend, Home Essences > Fragrance for Spaces > Diffusers & Ambient Perfumes > Diffuser Oils",Yes,1,No,https://www.maroma.com/?s=Aromatherapy%20Spa%20Blend%20Purifying%20-%2010ml,search,https://maroma-development-sgw0qzbd.myshopify.com/products/aromatherapy-spa-blend-purifying-10ml,aromatherapy spa blend purifying 10ml,1,Keep,
aromatherapy-spa-blend-quiet-mind-10ml,Aromatherapy Spa Blend Quiet Mind - 10ml,MS14-A07,950.00,active,Aromatherapy Spa Blend,"Home Essences, Home Essences > Fragrance for Spaces > Diffusers & Ambient Perfumes > Aromatherapy Spa Blend, Home Essences > Fragrance for Spaces > Diffusers & Ambient Perfumes > Diffuser Oils",Yes,1,No,https://www.maroma.com/?s=Aromatherapy%20Spa%20Blend%20Quiet%20Mind%20-%2010ml,search,https://maroma-development-sgw0qzbd.myshopify.com/products/aromatherapy-spa-blend-quiet-mind-10ml,aromatherapy spa blend quiet mind 10ml,1,Keep,
aromatherapy-spa-blend-sweet-dreams-10ml,Aromatherapy Spa Blend Sweet Dreams - 10ml,MS14-A08,740.00,active,Aromatherapy Spa Blend,"Home Essences, Home Essences > Fragrance for Spaces > Diffusers & Ambient Perfumes > Aromatherapy Spa Blend, Home Essences > Fragrance for Spaces > Diffusers & Ambient Perfumes > Diffuser Oils",Yes,1,No,https://www.maroma.com/?s=Aromatherapy%20Spa%20Blend%20Sweet%20Dreams%20-%2010ml,search,https://maroma-development-sgw0qzbd.myshopify.com/products/aromatherapy-spa-blend-sweet-dreams-10ml,aromatherapy spa blend sweet dreams 10ml,1,Keep,
aromatherapy-spa-blend-tranquility-10ml,Aromatherapy Spa Blend Tranquility - 10ml,MS14-A09,740.00,active,Aromatherapy Spa Blend,"Home Essences, Home Essences > Fragrance for Spaces > Diffusers & Ambient Perfumes > Aromatherapy Spa Blend, Home Essences > Fragrance for Spaces > Diffusers & Ambient Perfumes > Diffuser Oils",Yes,1,No,https://www.maroma.com/?s=Aromatherapy%20Spa%20Blend%20Tranquility%20-%2010ml,search,https://maroma-development-sgw0qzbd.myshopify.com/products/aromatherapy-spa-blend-tranquility-10ml,aromatherapy spa blend tranquility 10ml,1,Keep,
asian-delights-incense-collection,Asian Delights Incense Collection,EA10-E21,1050.00,active,Incense Collection,"Gifting, Gifting > Gift Sets, Gifting > Incense Collection",Yes,1,Yes,https://www.maroma.com/product/incense-collection-asian-delights/,product,https://maroma-development-sgw0qzbd.myshopify.com/products/asian-delights-incense-collection,asian delights incense collection,1,Keep,Live on maroma.com with image
audacity-10-incense-sticks,Audacity 10 Incense Sticks,MD10-A01,240.00,active,Devi Incense,"Encens D'Auroville, Home Essences, Home Essences > Fragrance for Spaces > Incense, Home Essences > Fragrance for Spaces > Incense > Devi Incense",Yes,1,No,https://www.maroma.com/?s=Audacity%2010%20Incense%20Sticks,search,https://maroma-development-sgw0qzbd.myshopify.com/products/audacity-10-incense-sticks,audacity 10 incense sticks,1,Keep,
baby-bath-soap,Baby Bath Soap,BJ16-A31,545.00,active,Soaps,"Baby, Body Care > Soaps",Yes,1,Yes,https://www.maroma.com/product/maromas-100-natural-moisturising-mild-baby-bathing-soap/,product,https://maroma-development-sgw0qzbd.myshopify.com/products/baby-bath-soap,baby bath soap,1,Keep,Live on maroma.com with image
baby-body-powder,Baby Body Powder,BJ16-A51,760.00,active,Baby,Baby,Yes,1,Yes,https://www.maroma.com/product/maromas-100-natural-talc-free-baby-powder-100gms/,product,https://maroma-development-sgw0qzbd.myshopify.com/products/baby-body-powder,baby body powder,1,Keep,Live on maroma.com with image
baby-boy-giftset,Baby Boy Giftset,EA29-A37,1500.00,active,Gift Sets,"Gifting, Gifting > Gift Sets",Yes,1,No,https://www.maroma.com/?s=Baby%20Boy%20Giftset,search,https://maroma-development-sgw0qzbd.myshopify.com/products/baby-boy-giftset,baby boy giftset,1,Keep,
baby-diaper-cream,Baby Diaper Cream,BJ16-A41,1350.00,active,Baby,"Almond, Aloe Vera, Avocado, Baby, Chamomile, Lavender, Manjistha, Nirgundi, Olive, Shea Butter, Zincoxide",Yes,1,No,https://www.maroma.com/?s=Baby%20Diaper%20Cream,search,https://maroma-development-sgw0qzbd.myshopify.com/products/baby-diaper-cream,baby diaper cream,1,Keep,
baby-girl-giftset,Baby Girl Giftset,EA29-A38,1500.00,active,Gift Sets,"Gifting, Gifting > Gift Sets",Yes,1,No,https://www.maroma.com/?s=Baby%20Girl%20Giftset,search,https://maroma-development-sgw0qzbd.myshopify.com/products/baby-girl-giftset,baby girl giftset,1,Keep,
baby-lotion-shampoo-get-bamboo-puff-free,Baby Lotion & Shampoo-Get Bamboo Puff free,EA29-E78-10,2450.00,active,Body Care,Body Care,Yes,1,No,https://www.maroma.com/?s=Baby%20Lotion%20%26%20Shampoo-Get%20Bamboo%20Puff%20free,search,https://maroma-development-sgw0qzbd.myshopify.com/products/baby-lotion-shampoo-get-bamboo-puff-free,baby lotion shampoo get bamboo puff free,1,Keep,
baby-massage-oil,Baby Massage Oil,BJ16-A11,660.00,active,Massage & Body Oils,"Baby, Body Care > Massage & Body Oils",Yes,1,Yes,https://www.maroma.com/product/maromas-100-natural-baby-body-and-massage-oil-100ml/,product,https://maroma-development-sgw0qzbd.myshopify.com/products/baby-massage-oil,baby massage oil,1,Keep,Live on maroma.com with image
balsamic-woods-incense-collection,Balsamic Woods Incense Collection,EA10-E22,1050.00,active,Incense Collection,"Gifting, Gifting > Gift Sets, Gifting > Incense Collection",Yes,1,Yes,https://www.maroma.com/product/incense-collection-balsamic-woods/,product,https://maroma-development-sgw0qzbd.myshopify.com/products/balsamic-woods-incense-collection,balsamic woods incense collection,1,Keep,Live on maroma.com with image
bamboo-charcoal-bath-soap,Bamboo Charcoal Bath Soap,BC16-A03,480.00,active,Soaps,"Activated Bamboo Charcoal, Body Care, Body Care > Soaps, Cedarwood, Dry & Dehydrated Skin, Lemongrass, Normal Skin, Rosemary",Yes,1,Yes,https://www.maroma.com/product/bamboo-charcoal-bath-soap/,product,https://maroma-development-sgw0qzbd.myshopify.com/products/bamboo-charcoal-bath-soap,bamboo charcoal bath soap,1,Keep,Live on maroma.com with image
bamboo-charcoal-conditioner-with-hibiscus-flower-extract,Bamboo Charcoal Conditioner with Hibiscus Flower Extract,BC16-A32,630.00,active,Conditioners,"100ml, Activated Bamboo Charcoal, Basil, Castor, Cypriol, Dandruff / Scalp Health, Ginger Grass, Hair, Hair > Conditioners, Hair Strengthening / Growth, Hibiscus, Himalayan Cedarwood, Juniper Berry, Lemon, Myrrh, Olibanum, Olive, Patchouli, Pine, Rosemary, Sesame",Yes,1,No,https://www.maroma.com/?s=Bamboo%20Charcoal%20Conditioner%20with%20Hibiscus%20Flower%20Extract,search,https://maroma-development-sgw0qzbd.myshopify.com/products/bamboo-charcoal-conditioner-with-hibiscus-flower-extract,bamboo charcoal conditioner with hibiscus flower extract,1,Keep,
bamboo-charcoal-hair-conditioner-200ml,Bamboo Charcoal Hair Conditioner - 200ml,BC16-A31,720.00,active,Conditioners,"Hair, Hair > Conditioners",Yes,1,No,https://www.maroma.com/?s=Bamboo%20Charcoal%20Hair%20Conditioner%20-%20200ml,search,https://maroma-development-sgw0qzbd.myshopify.com/products/bamboo-charcoal-hair-conditioner-200ml,bamboo charcoal hair conditioner 200ml,1,Keep,
bamboo-charcoal-scrub-soap,Bamboo Charcoal Scrub Soap,SS16-A26,550.00,active,Scrub Soap,"Activated Bamboo Charcoal, Body Care, Body Care > Soaps, Body Care > Soaps > Scrub Soap, Coconut, Frankincense, Kokum, Normal Skin, Rough or Textured Skin",Yes,1,Yes,https://www.maroma.com/product/scrub-soap-bamboo-charcoal-150gms/,product,https://maroma-development-sgw0qzbd.myshopify.com/products/bamboo-charcoal-scrub-soap,bamboo charcoal scrub soap,1,Keep,Live on maroma.com with image
bamboo-charcoal-shampoo-200ml,Bamboo Charcoal Shampoo - 200ml,BC16-A11,735.00,active,Shampoos,"Hair, Hair > Shampoos",Yes,1,No,https://www.maroma.com/?s=Bamboo%20Charcoal%20Shampoo%20-%20200ml,search,https://maroma-development-sgw0qzbd.myshopify.com/products/bamboo-charcoal-shampoo-200ml,bamboo charcoal shampoo 200ml,1,Keep,
bamboo-charcoal-shampoo-with-hibiscus-flower-extract,Bamboo Charcoal Shampoo with Hibiscus Flower Extract,BC16-A13,630.00,active,Shampoos,"100ml, Activated Bamboo Charcoal, Hair, Hair > Shampoos, Hair Strengthening / Growth, Hibiscus, Himalayan Cedarwood, Olive",Yes,1,No,https://www.maroma.com/?s=Bamboo%20Charcoal%20Shampoo%20with%20Hibiscus%20Flower%20Extract,search,https://maroma-development-sgw0qzbd.myshopify.com/products/bamboo-charcoal-shampoo-with-hibiscus-flower-extract,bamboo charcoal shampoo with hibiscus flower extract,1,Keep,
bamboo-charcoal-shower-gel,Bamboo Charcoal Shower Gel,BC16-A22,600.00,active,Shower Gels,"100ml, Activated Bamboo Charcoal, Body Care, Body Care > Shower Gels, Cedarwood, Hibiscus, Normal Skin, Olibanum, Patchouli, Rough or Textured Skin",Yes,1,No,https://www.maroma.com/?s=Bamboo%20Charcoal%20Shower%20Gel,search,https://maroma-development-sgw0qzbd.myshopify.com/products/bamboo-charcoal-shower-gel,bamboo charcoal shower gel,1,Keep,
bamboo-charcoal-shower-gel-200ml,Bamboo Charcoal Shower Gel - 200ml,BC16-A21,920.00,active,Shower Gels,"Body Care, Body Care > Shower Gels",Yes,1,No,https://www.maroma.com/?s=Bamboo%20Charcoal%20Shower%20Gel%20-%20200ml,search,https://maroma-development-sgw0qzbd.myshopify.com/products/bamboo-charcoal-shower-gel-200ml,bamboo charcoal shower gel 200ml,1,Keep,
basil-100-natural-essential-oil-10ml,Basil 100% Natural Essential Oil - 10ml,NE15-A02,495.00,active,Diffuser Oils,"Home Essences, Home Essences > Fragrance for Spaces > Diffusers & Ambient Perfumes, Home Essences > Fragrance for Spaces > Diffusers & Ambient Perfumes > Diffuser Oils, Home Essences > Fragrance for Spaces > Essential Oils > Natural Essential Oil",Yes,1,Yes,https://www.maroma.com/product/natural-essential-oil-basil-10ml/,product,https://maroma-development-sgw0qzbd.myshopify.com/products/basil-100-natural-essential-oil-10ml,basil 100 natural essential oil 10ml,1,Keep,Live on maroma.com with image
bath-essential-giftset-p-6-25-gms,Bath Essential Giftset P/6 25 Gms,TL16-P70,600.00,active,Mini Soap Set,"Gifting, Gifting > Mini Soap Set",Yes,1,No,https://www.maroma.com/?s=Bath%20Essential%20Giftset%20P%2F6%2025%20Gms,search,https://maroma-development-sgw0qzbd.myshopify.com/products/bath-essential-giftset-p-6-25-gms,bath essential giftset p 6 25 gms,1,Keep,
bath-salt-foot-soak-lavender-60gms,Bath Salt & Foot Soak Lavender - 60gms,TL16-R01,220.00,active,Aromatherapy Bath Salts,"Body Care, Body Care > Aromatherapy Bath Salts",Yes,1,No,https://www.maroma.com/?s=Bath%20Salt%20%26%20Foot%20Soak%20Lavender%20-%2060gms,search,https://maroma-development-sgw0qzbd.myshopify.com/products/bath-salt-foot-soak-lavender-60gms,bath salt foot soak lavender,1,Keep,
bath-salt-foot-soak-lemongrass-60gms,Bath Salt & Foot Soak Lemongrass - 60gms,TL16-R02,220.00,active,Aromatherapy Bath Salts,"Body Care, Body Care > Aromatherapy Bath Salts, Gifting",Yes,1,No,https://www.maroma.com/?s=Bath%20Salt%20%26%20Foot%20Soak%20Lemongrass%20-%2060gms,search,https://maroma-development-sgw0qzbd.myshopify.com/products/bath-salt-foot-soak-lemongrass-60gms,bath salt foot soak lemongrass,1,Keep,
bath-salt-foot-soak-rose-60gms,Bath Salt & Foot Soak Rose - 60gms,TL16-R03,220.00,active,Aromatherapy Bath Salts,"Body Care, Body Care > Aromatherapy Bath Salts, Gifting",Yes,1,No,https://www.maroma.com/?s=Bath%20Salt%20%26%20Foot%20Soak%20Rose%20-%2060gms,search,https://maroma-development-sgw0qzbd.myshopify.com/products/bath-salt-foot-soak-rose-60gms,bath salt foot soak rose,1,Keep,
bath-salt-foot-soak-sandal-60gms,Bath Salt & Foot Soak Sandal - 60gms,TL16-R04,220.00,active,Aromatherapy Bath Salts,"Body Care, Body Care > Aromatherapy Bath Salts, Gifting",Yes,1,No,https://www.maroma.com/?s=Bath%20Salt%20%26%20Foot%20Soak%20Sandal%20-%2060gms,search,https://maroma-development-sgw0qzbd.myshopify.com/products/bath-salt-foot-soak-sandal-60gms,bath salt foot soak sandal,1,Keep,
blessing-kalki-incense-50-sticks,Blessing Kalki Incense - 50 Sticks,KI10-D02,600.00,active,Bulk Incense 50 Sticks,"Home Essences, Home Essences > Fragrance for Spaces > Incense, Home Essences > Fragrance for Spaces > Incense > Bulk Incense 50 Sticks",Yes,1,Yes,https://www.maroma.com/product/kalki-bulk-incense-blessing/,product,https://maroma-development-sgw0qzbd.myshopify.com/products/blessing-kalki-incense-50-sticks,blessing kalki incense 50 sticks,1,Keep,Live on maroma.com with image
bliss-aromatherapy-roll-on-perfume,Bliss Aromatherapy Roll-On Perfume,MS14-B01,550.00,active,Aromatherapy Roll On,"100% natural, Energizing & Uplifting, Fruity, Grapeseed, Indian Borage, Orange, Patchouli, Perfumes, Perfumes > Aromatherapy, Perfumes > Aromatherapy > Aromatherapy Roll On, Warm",Yes,1,Yes,https://www.maroma.com/product/bliss-aromatherapy-roll-on-perfume/,product,https://maroma-development-sgw0qzbd.myshopify.com/products/bliss-aromatherapy-roll-on-perfume,bliss aromatherapy roll on perfume,1,Keep,Live on maroma.com with image
blush-ripple-heart-lotus-scented-candle,Blush Ripple Heart Lotus Scented Candle,,400.00,active,Candles,"Gifting > Gift Sets, Home Essences > Ambience & Decor > Candles, Valentine's Day Special",Yes,1,No,https://www.maroma.com/?s=Blush%20Ripple%20Heart%20Lotus%20Scented%20Candle,search,https://maroma-development-sgw0qzbd.myshopify.com/products/blush-ripple-heart-lotus-scented-candle,blush ripple heart lotus scented candle,1,Keep,
body-massage-oil-for-men-100ml,Body Massage Oil For Men - 100ml,TL16-A54,825.00,active,Massage & Body Oils,"Body Care, Body Care > Massage & Body Oils",No,0,No,https://www.maroma.com/?s=Body%20Massage%20Oil%20For%20Men%20-%20100ml,search,https://maroma-development-sgw0qzbd.myshopify.com/products/body-massage-oil-for-men-100ml,body massage oil 100ml,1,Review — no image,Missing image in Shopify
body-massage-oil-cedar-lavender-for-men-100ml,Body Massage Oil Cedar Lavender for Men - 100ml,ML16-A41,670.00,active,Massage & Body Oils,"Body Care, Body Care > Massage & Body Oils, Men",No,0,No,https://www.maroma.com/?s=Body%20Massage%20Oil%20Cedar%20Lavender%20for%20Men%20-%20100ml,search,https://maroma-development-sgw0qzbd.myshopify.com/products/body-massage-oil-cedar-lavender-for-men-100ml,body massage oil cedar lavender 100ml,1,Review — no image,Missing image in Shopify
body-massage-oil-cedarwood-125ml,Body Massage Oil Cedarwood - 125ml,TL16-E95,670.00,active,Massage & Body Oils,"Body Care, Body Care > Massage & Body Oils",Yes,1,No,https://www.maroma.com/?s=Body%20Massage%20Oil%20Cedarwood%20-%20125ml,search,https://maroma-development-sgw0qzbd.myshopify.com/products/body-massage-oil-cedarwood-125ml,body massage oil cedarwood 125ml,1,Keep,
body-massage-oil-frangipani-100ml,Body Massage Oil Frangipani - 100ml,TL16-S37,650.00,active,Massage & Body Oils,"Body Care, Body Care > Massage & Body Oils",No,0,No,https://www.maroma.com/?s=Body%20Massage%20Oil%20Frangipani%20-%20100ml,search,https://maroma-development-sgw0qzbd.myshopify.com/products/body-massage-oil-frangipani-100ml,body massage oil frangipani 100ml,1,Review — no image,Missing image in Shopify
body-massage-oil-lavender-125ml,Body Massage Oil Lavender - 125ml,TL16-E92,670.00,active,Massage & Body Oils,"Body Care, Body Care > Massage & Body Oils",Yes,1,No,https://www.maroma.com/?s=Body%20Massage%20Oil%20Lavender%20-%20125ml,search,https://maroma-development-sgw0qzbd.myshopify.com/products/body-massage-oil-lavender-125ml,body massage oil lavender 125ml,1,Keep,
body-massage-oil-sandalwood-125ml,Body Massage Oil Sandalwood - 125ml,TL16-E94,670.00,active,Massage & Body Oils,"Body Care, Body Care > Massage & Body Oils",Yes,1,No,https://www.maroma.com/?s=Body%20Massage%20Oil%20Sandalwood%20-%20125ml,search,https://maroma-development-sgw0qzbd.myshopify.com/products/body-massage-oil-sandalwood-125ml,body massage oil sandalwood 125ml,1,Keep,
body-massage-oil-slim-lines-100ml,Body Massage Oil Slim Lines - 100ml,TL16-A56,775.00,active,Massage & Body Oils,"Body Care, Body Care > Massage & Body Oils",Yes,1,No,https://www.maroma.com/?s=Body%20Massage%20Oil%20Slim%20Lines%20-%20100ml,search,https://maroma-development-sgw0qzbd.myshopify.com/products/body-massage-oil-slim-lines-100ml,body massage oil slim lines 100ml,1,Keep,
body-massage-oil-smooth-transition-100ml,Body Massage Oil Smooth Transition - 100ml,TL16-A57,1120.00,active,Massage & Body Oils,"Body Care, Body Care > Massage & Body Oils",No,0,No,https://www.maroma.com/?s=Body%20Massage%20Oil%20Smooth%20Transition%20-%20100ml,search,https://maroma-development-sgw0qzbd.myshopify.com/products/body-massage-oil-smooth-transition-100ml,body massage oil smooth transition 100ml,1,Review — no image,Missing image in Shopify
body-massage-oil-tonka-vetiver-for-men-100ml,Body Massage Oil Tonka Vetiver for Men - 100ml,ML16-A43,670.00,active,Massage & Body Oils,"Body Care, Body Care > Massage & Body Oils, Men",No,0,No,https://www.maroma.com/?s=Body%20Massage%20Oil%20Tonka%20Vetiver%20for%20Men%20-%20100ml,search,https://maroma-development-sgw0qzbd.myshopify.com/products/body-massage-oil-tonka-vetiver-for-men-100ml,body massage oil tonka vetiver 100ml,1,Review — no image,Missing image in Shopify
body-scrub-powder-with-apricot-100gms,Body Scrub Powder with Apricot - 100gms,TL16-B26,1025.00,active,Body Care,Body Care,Yes,1,No,https://www.maroma.com/?s=Body%20Scrub%20Powder%20with%20Apricot%20-%20100gms,search,https://maroma-development-sgw0qzbd.myshopify.com/products/body-scrub-powder-with-apricot-100gms,body scrub powder with apricot,1,Keep,
body-scrub-powder-with-lentil-100gms,Body Scrub Powder with Lentil - 100gms,TL16-B27,525.00,active,Body Care,Body Care,Yes,1,No,https://www.maroma.com/?s=Body%20Scrub%20Powder%20with%20Lentil%20-%20100gms,search,https://maroma-development-sgw0qzbd.myshopify.com/products/body-scrub-powder-with-lentil-100gms,body scrub powder with lentil,1,Keep,
body-scrub-powder-with-organic-coffee-100gms,Body Scrub Powder with Organic Coffee - 100gms,TL16-B28,1795.00,active,Body Care,Body Care,Yes,1,No,https://www.maroma.com/?s=Body%20Scrub%20Powder%20with%20Organic%20Coffee%20-%20100gms,search,https://maroma-development-sgw0qzbd.myshopify.com/products/body-scrub-powder-with-organic-coffee-100gms,body scrub powder with organic coffee,1,Keep,
body-wash-powder-100gms,Body Wash Powder - 100gms,TL16-O58,575.00,active,Body Care,Body Care,Yes,1,No,https://www.maroma.com/?s=Body%20Wash%20Powder%20-%20100gms,search,https://maroma-development-sgw0qzbd.myshopify.com/products/body-wash-powder-100gms,body wash powder,1,Keep,
captivate-eau-de-toilette-for-man,Captivate Eau De Toilette for Man,ML14-A53,995.00,active,Eau de Toilette,"Men, Men > Fragrance > Eau de Toilette, Perfumes, Perfumes > Eau de Toilette",Yes,1,No,https://www.maroma.com/?s=Captivate%20Eau%20De%20Toilette%20for%20Man,search,https://maroma-development-sgw0qzbd.myshopify.com/products/captivate-eau-de-toilette-for-man,captivate eau de toilette,1,Keep,
captivate-tonka-vetiver-eau-de-toilette,Captivate Tonka Vetiver Eau de Toilette,,1210.00,active,Eau de Toilette,"Cedarwood, Lavandin, Men, Men > Fragrance, Men > Fragrance > Eau de Toilette, Perfumes, Perfumes > Eau de Toilette, Vetiver",Yes,1,No,https://www.maroma.com/?s=Captivate%20Tonka%20Vetiver%20Eau%20de%20Toilette,search,https://maroma-development-sgw0qzbd.myshopify.com/products/captivate-tonka-vetiver-eau-de-toilette,captivate tonka vetiver eau de toilette,1,Keep,
car-perfume-sachet-cedar-lavender,Car Perfume Sachet-Cedar Lavender,EA13=E26,600.00,active,Jute Sachet,"Home Essences, Home Essences > Fragrance for Spaces > Fragrance Sachets, Home Essences > Fragrance for Spaces > Fragrance Sachets > Jute Sachet",Yes,1,No,https://www.maroma.com/?s=Car%20Perfume%20Sachet-Cedar%20Lavender,search,https://maroma-development-sgw0qzbd.myshopify.com/products/car-perfume-sachet-cedar-lavender,car perfume sachet cedar lavender,1,Keep,
car-perfume-sachet-desert-spring,Car Perfume Sachet- Desert Spring,EA13-E54,600.00,active,Jute Sachet,"Home Essences, Home Essences > Fragrance for Spaces > Fragrance Sachets, Home Essences > Fragrance for Spaces > Fragrance Sachets > Jute Sachet",No,0,No,https://www.maroma.com/?s=Car%20Perfume%20Sachet-%20Desert%20Spring,search,https://maroma-development-sgw0qzbd.myshopify.com/products/car-perfume-sachet-desert-spring,car perfume sachet desert spring,1,Review — no image,Missing image in Shopify
car-perfume-sachet-opium,Car Perfume Sachet-Opium,EA13-E51,600.00,active,Jute Sachet,"Home Essences, Home Essences > Fragrance for Spaces > Fragrance Sachets, Home Essences > Fragrance for Spaces > Fragrance Sachets > Jute Sachet",Yes,1,No,https://www.maroma.com/?s=Car%20Perfume%20Sachet-Opium,search,https://maroma-development-sgw0qzbd.myshopify.com/products/car-perfume-sachet-opium,car perfume sachet opium,1,Keep,
car-perfume-sachet-pine,Car Perfume Sachet-Pine,EA13-E52,600.00,active,Jute Sachet,"Home Essences, Home Essences > Fragrance for Spaces > Fragrance Sachets, Home Essences > Fragrance for Spaces > Fragrance Sachets > Jute Sachet",Yes,1,No,https://www.maroma.com/?s=Car%20Perfume%20Sachet-Pine,search,https://maroma-development-sgw0qzbd.myshopify.com/products/car-perfume-sachet-pine,car perfume sachet pine,1,Keep,
car-perfume-sachet-sandal-vetiver,Car Perfume Sachet-Sandal Vetiver,EA13-E53,600.00,active,Jute Sachet,"Home Essences, Home Essences > Fragrance for Spaces > Fragrance Sachets, Home Essences > Fragrance for Spaces > Fragrance Sachets > Jute Sachet",Yes,1,No,https://www.maroma.com/?s=Car%20Perfume%20Sachet-Sandal%20Vetiver,search,https://maroma-development-sgw0qzbd.myshopify.com/products/car-perfume-sachet-sandal-vetiver,car perfume sachet sandal vetiver,1,Keep,
car-perfume-sachet-tonka-vetiver,Car Perfume Sachet-Tonka Vetiver,EA13-E28,600.00,active,Jute Sachet,"Home Essences, Home Essences > Fragrance for Spaces > Fragrance Sachets, Home Essences > Fragrance for Spaces > Fragrance Sachets > Jute Sachet",Yes,1,No,https://www.maroma.com/?s=Car%20Perfume%20Sachet-Tonka%20Vetiver,search,https://maroma-development-sgw0qzbd.myshopify.com/products/car-perfume-sachet-tonka-vetiver,car perfume sachet tonka vetiver,1,Keep,
cat-incense-holder,Cat Incense Holder,CC24-E50,180.00,active,Incense Holder,"Home Essences, Home Essences > Ambience & Decor, Home Essences > Ambience & Decor > Ceramics, Home Essences > Ambience & Decor > Ceramics > Incense Holder",Yes,1,Yes,https://www.maroma.com/product/incense-holder-cat/,product,https://maroma-development-sgw0qzbd.myshopify.com/products/cat-incense-holder,cat incense holder,1,Keep,Live on maroma.com with image
cedar-and-lavender-perfume-spirals,Cedar and Lavender Perfume Spirals,EA34-A26,410.00,active,Perfume Spiral Incense,"Home Essences, Home Essences > Fragrance for Spaces > Incense, Home Essences > Fragrance for Spaces > Incense > Perfume Spiral Incense",Yes,1,Yes,https://www.maroma.com/product/2-perfume-spirals-lavender/,product,https://maroma-development-sgw0qzbd.myshopify.com/products/cedar-and-lavender-perfume-spirals,cedar and lavender perfume spirals,1,Keep,Live on maroma.com with image
cedar-lavender-2-in-1-hair-and-body-wash-for-men,Cedar Lavender 2-in-1 Hair and Body Wash for Men,ML16-C11,830.00,active,2-1 hair & body wash,"Body Care, Coconut, Fenugreek, Hair, Hair > Multipurpose > 2-1 hair & body wash, Henna Leaf, Himalayan Cedarwood, Lavandin, Men, Men > Bath & Body > 2-1 Hair & Body Wash, Normal Skin, Rough or Textured Skin, Tired or Stressed Skin",Yes,1,Yes,https://www.maroma.com/product/hair-body-wash-cedar-lavender/,product,https://maroma-development-sgw0qzbd.myshopify.com/products/cedar-lavender-2-in-1-hair-and-body-wash-for-men,cedar lavender 2 in 1 hair and body wash,1,Keep,Live on maroma.com with image
cedar-lavender-3-in-1-shower-gel,Cedar Lavender 3 in 1 Shower Gel,ML16-D47,1245.00,active,3-in-1 Shower Gel,"Body Care, Body Care > Shower Gels, Calendula, Cedarwood, Geranium, Guaiac Wood, Hair, Hair > Multipurpose, Hair > Multipurpose > 3-in-1 Shower Gel, Lavender, Men, Men > Bath & Body, Men > Bath & Body > Shower Gel, Normal Skin, Rosemary, Rough or Textured Skin, Tired or Stressed Skin",Yes,1,Yes,https://www.maroma.com/product/cedar-lavender-shower-gel-300ml-3-in-1-body-face-hair/,product,https://maroma-development-sgw0qzbd.myshopify.com/products/cedar-lavender-3-in-1-shower-gel,cedar lavender 3 in 1 shower gel,1,Keep,Live on maroma.com with image
cedar-lavender-aromatic-bath-soap-for-men-150gms,Cedar Lavender Aromatic Bath Soap for Men - 150gms,ML16-B11,600.00,active,Aromatic Soap,"Body Care, Body Care > Soaps, Men, Men > Bath & Body > Aromatic Soap",No,0,No,https://www.maroma.com/?s=Cedar%20Lavender%20Aromatic%20Bath%20Soap%20for%20Men%20-%20150gms,search,https://maroma-development-sgw0qzbd.myshopify.com/products/cedar-lavender-aromatic-bath-soap-for-men-150gms,cedar lavender aromatic bath soap,1,Archive,150g duplicate; keep 100g SKU ML16-B01
cedar-lavender-aromatic-bath-soap-elevate,Cedar Lavender Aromatic Bath Soap - Elevate,ML16-B01,480.00,active,Aromatic Soap,"Body Care, Body Care > Soaps, Coconut, Guaiac Wood, Himalayan Cedarwood, Lavandin, Men, Men > Bath & Body > Aromatic Soap",Yes,1,Yes,https://www.maroma.com/product/cedar-lavender-relaxing-aromatic-bath-soap-for-men-100gms/,product,https://maroma-development-sgw0qzbd.myshopify.com/products/cedar-lavender-aromatic-bath-soap-elevate,cedar lavender aromatic bath soap elevate,1,Keep,Live on maroma.com with image
cedar-lavender-men-s-beard-oil,Cedar Lavender Men’s Beard Oil,ML16-D42,525.00,active,Beard Oil,"Coconut, Guaiac Wood, Himalayan Cedarwood, Lavandin, Men, Men > Grooming > Beard Oil",Yes,1,Yes,https://www.maroma.com/product/100-natural-cedar-lavender-beard-oil-for-men/,product,https://maroma-development-sgw0qzbd.myshopify.com/products/cedar-lavender-men-s-beard-oil,cedar lavender men s beard oil,1,Keep,Live on maroma.com with image
cedar-lavender-men-s-deodorant-elevate,Cedar Lavender Men's Deodorant - Elevate,ML16-D71,700.00,active,Deodorant,"Aloe Vera, Body Care, Body Care > Deodorant, Combination Skin, Dry Skin, Gentle, Himalayan Cedarwood Oil, Lavandin Oil, Long Lasting, Men, Men > Bath & Body > Deodorant, Normal Skin, Sensitive Skin, Soothing",Yes,1,Yes,https://www.maroma.com/product/clean-natural-non-toxic-and-plant-based-roll-on-cedar-lavender-deodorant-for-men/,product,https://maroma-development-sgw0qzbd.myshopify.com/products/cedar-lavender-men-s-deodorant-elevate,cedar lavender men s deodorant elevate,1,Keep,Live on maroma.com with image
cedar-lavender-men-s-oil-perfume,Cedar Lavender Men’s Oil Perfume,ML14-A01,650.00,active,Perfume Oil,"Cedarwood, Lavender, Men, Men > Fragrance > Perfume Oil, Perfumes",Yes,1,Yes,https://www.maroma.com/product/natural-cedar-lavender-perfume-for-men-10ml/,product,https://maroma-development-sgw0qzbd.myshopify.com/products/cedar-lavender-men-s-oil-perfume,cedar lavender men s oil perfume,1,Keep,Live on maroma.com with image
cedar-lavender-shampoo-for-men-100ml,Cedar Lavender Shampoo for Men - 100ml,ML16-C21,780.00,active,Shampoos,"Hair, Hair > Shampoos, Men",No,0,No,https://www.maroma.com/?s=Cedar%20Lavender%20Shampoo%20for%20Men%20-%20100ml,search,https://maroma-development-sgw0qzbd.myshopify.com/products/cedar-lavender-shampoo-for-men-100ml,cedar lavender shampoo 100ml,1,Review — no image,Missing image in Shopify
cedar-lavender-shaving-foam,Cedar Lavender Shaving Foam,ML16-D43,890.00,active,Shaving Foam & After Shave,"Himalayan Cedarwood, Lavender, Men, Men > Grooming, Men > Grooming > Shaving Foam & After Shave",Yes,1,Yes,https://www.maroma.com/product/shaving-foam-for-men-150ml/,product,https://maroma-development-sgw0qzbd.myshopify.com/products/cedar-lavender-shaving-foam,cedar lavender shaving foam,1,Keep,Live on maroma.com with image
cedar-lavender-shower-gel-for-men-100ml,Cedar Lavender Shower Gel for Men - 100ml,ML16-D21,625.00,active,Shower Gel,"Body Care, Body Care > Shower Gels, Men, Men > Bath & Body > Shower Gel",No,0,No,https://www.maroma.com/?s=Cedar%20Lavender%20Shower%20Gel%20for%20Men%20-%20100ml,search,https://maroma-development-sgw0qzbd.myshopify.com/products/cedar-lavender-shower-gel-for-men-100ml,cedar lavender shower gel 100ml,1,Review — no image,Missing image in Shopify
cedar-lavender-solid-deodorant-elevate,Cedar Lavender Solid Deodorant - Elevate,ML16-D75,995.00,active,Deodorant,"Body Care, Body Care > Deodorant, Men, Men > Bath & Body > Deodorant",Yes,1,Yes,https://www.maroma.com/product/cedar-lavender-solid-deodorant/,product,https://maroma-development-sgw0qzbd.myshopify.com/products/cedar-lavender-solid-deodorant-elevate,cedar lavender solid deodorant elevate,1,Keep,Live on maroma.com with image
cedarwood-100-natural-essential-oil-10ml,Cedarwood 100% Natural Essential Oil - 10ml,NE15-A06,515.00,active,Diffuser Oils,"Home Essences, Home Essences > Fragrance for Spaces > Diffusers & Ambient Perfumes, Home Essences > Fragrance for Spaces > Diffusers & Ambient Perfumes > Diffuser Oils, Home Essences > Fragrance for Spaces > Essential Oils > Natural Essential Oil",Yes,1,Yes,https://www.maroma.com/product/natural-essential-oil-cedarwood-10ml/,product,https://maroma-development-sgw0qzbd.myshopify.com/products/cedarwood-100-natural-essential-oil-10ml,cedarwood 100 natural essential oil 10ml,1,Keep,Live on maroma.com with image
cedarwood-body-lotion-125ml,Cedarwood Body Lotion - 125ml,TL16-E85,500.00,active,Body Lotions & Body Butters,"Body Care, Body Care > Body Lotions & Body Butters",Yes,1,No,https://www.maroma.com/?s=Cedarwood%20Body%20Lotion%20-%20125ml,search,https://maroma-development-sgw0qzbd.myshopify.com/products/cedarwood-body-lotion-125ml,cedarwood body lotion 125ml,1,Keep,
cedarwood-body-oil,Cedarwood Body Oil,TL16-S40,510.00,active,Massage & Body Oils,"Aloe Vera, Apricot, Body Care, Body Care > Massage & Body Oils, Grapeseed, Himalayan Cedarwood, Normal Skin, Rough or Textured Skin, Sensitive Skin, Tired or Stressed Skin",Yes,1,Yes,https://www.maroma.com/product/body-massage-oil-cedarwood-100ml/,product,https://maroma-development-sgw0qzbd.myshopify.com/products/cedarwood-body-oil,cedarwood body oil,1,Keep,Live on maroma.com with image
cedarwood-cone-incense,Cedarwood Cone Incense,EA27-A33,260.00,active,Cone Incense,"Encens D'Auroville, Encens D'Auroville > Cone Incense, Home Essences, Home Essences > Fragrance for Spaces > Incense, Home Essences > Fragrance for Spaces > Incense > Cone Incense",Yes,1,Yes,https://www.maroma.com/product/cedarwood-cone-incense/,product,https://maroma-development-sgw0qzbd.myshopify.com/products/cedarwood-cone-incense,cedarwood cone incense,1,Keep,Live on maroma.com with image
cedarwood-hair-conditioner-125ml,Cedarwood Hair Conditioner - 125ml,TL16-D85,525.00,active,Conditioners,"Hair, Hair > Conditioners",Yes,1,No,https://www.maroma.com/?s=Cedarwood%20Hair%20Conditioner%20-%20125ml,search,https://maroma-development-sgw0qzbd.myshopify.com/products/cedarwood-hair-conditioner-125ml,cedarwood hair conditioner 125ml,1,Keep,
cedarwood-hair-oil-125ml,Cedarwood Hair Oil - 125ml,TL16-B55,800.00,active,Hair Oils,"Hair, Hair > Hair Oils",Yes,1,No,https://www.maroma.com/?s=Cedarwood%20Hair%20Oil%20-%20125ml,search,https://maroma-development-sgw0qzbd.myshopify.com/products/cedarwood-hair-oil-125ml,cedarwood hair oil 125ml,1,Keep,
cedarwood-hair-oil-with-aloe-butter-and-brahmi-extract,Cedarwood Hair Oil with Aloe Butter and Brahmi Extract,TL16-B40,545.00,active,Hair Oils,"Aloe Vera, Bhumyamlaki, Brahmi, Coconut, Dandruff / Scalp Health, Frizz Control, Hair, Hair > Hair Oils, Hair Strengthening / Growth, Himalayan Cedarwood, Manjistha, Shatavari",Yes,1,Yes,https://www.maroma.com/product/cedarwood-hair-oil-100ml/,product,https://maroma-development-sgw0qzbd.myshopify.com/products/cedarwood-hair-oil-with-aloe-butter-and-brahmi-extract,cedarwood hair oil with aloe butter and brahmi extract,1,Keep,Live on maroma.com with image
cedarwood-incense-sticks,Cedarwood Incense Sticks,EA10-A05,260.00,active,Encens D’auroville,"100% natural, Encens D'Auroville, Grounding & Centering, Home Essences, Home Essences > Fragrance for Spaces > Incense, Home Essences > Fragrance for Spaces > Incense > Encens D’auroville, Spiritual & Meditative",Yes,1,Yes,https://www.maroma.com/product/cedarwood-10-incense-sticks/,product,https://maroma-development-sgw0qzbd.myshopify.com/products/cedarwood-incense-sticks,cedarwood incense sticks,1,Keep,Live on maroma.com with image
cedarwood-mini-sachet-pack-of-5,Cedarwood Mini Sachet - Pack of 5,CL13-A34,690.00,active,Colibri Anti Moth,"Colibri, Colibri > Home, Colibri > Home > Sachets, Home Essences, Home Essences > Everyday Essentials, Home Essences > Everyday Essentials > Colibri Range, Home Essences > Fragrance for Spaces > Fragrance Sachets, Home Essences > Fragrance for Spaces > Fragrance Sachets > Colibri Anti Moth",Yes,1,Yes,https://www.maroma.com/product/cedarwood-mini-sachet-strip/,product,https://maroma-development-sgw0qzbd.myshopify.com/products/cedarwood-mini-sachet-pack-of-5,cedarwood mini sachet pack of 5,1,Keep,Live on maroma.com with image
cedarwood-shampoo-125ml,Cedarwood Shampoo - 125ml,TL16-D75,550.00,active,Shampoos,"Hair, Hair > Shampoos",Yes,1,No,https://www.maroma.com/?s=Cedarwood%20Shampoo%20-%20125ml,search,https://maroma-development-sgw0qzbd.myshopify.com/products/cedarwood-shampoo-125ml,cedarwood shampoo 125ml,1,Keep,
cedarwood-shoe-sachet,Cedarwood - Shoe Sachet,CL13-A86,400.00,active,Colibri Anti Moth,"Colibri, Home Essences, Home Essences > Fragrance for Spaces > Fragrance Sachets, Home Essences > Fragrance for Spaces > Fragrance Sachets > Colibri Anti Moth",Yes,1,No,https://www.maroma.com/?s=Cedarwood%20-%20Shoe%20Sachet,search,https://maroma-development-sgw0qzbd.myshopify.com/products/cedarwood-shoe-sachet,cedarwood shoe sachet,1,Keep,
cedarwood-shower-gel-125ml,Cedarwood Shower Gel - 125ml,TL16-D95,600.00,active,Shower Gels,"Body Care, Body Care > Shower Gels, Gifting",Yes,1,No,https://www.maroma.com/?s=Cedarwood%20Shower%20Gel%20-%20125ml,search,https://maroma-development-sgw0qzbd.myshopify.com/products/cedarwood-shower-gel-125ml,cedarwood shower gel 125ml,1,Keep,
celebration,Celebration,,23090.00,active,Art Candles,Home Essences > Ambience & Decor > Art Candles,Yes,1,No,https://www.maroma.com/?s=Celebration,search,https://maroma-development-sgw0qzbd.myshopify.com/products/celebration,celebration,1,Keep,
ceramic-bambooless-incense-holder-blue,Ceramic Bambooless Incense Holder Blue,AC24-F44,1130.00,active,Incense Holder,"Home Essences, Home Essences > Ambience & Decor, Home Essences > Ambience & Decor > Ceramics, Home Essences > Ambience & Decor > Ceramics > Incense Holder",Yes,1,Yes,https://www.maroma.com/product/ceramic-bamboo-less-incense-holder-blue/,product,https://maroma-development-sgw0qzbd.myshopify.com/products/ceramic-bambooless-incense-holder-blue,ceramic bambooless incense holder blue,1,Keep,Live on maroma.com with image
ceramic-bambooless-incense-holder-green,Ceramic Bambooless Incense Holder Green,AC24-F44-1,1130.00,active,Incense Holder,"Home Essences, Home Essences > Ambience & Decor, Home Essences > Ambience & Decor > Ceramics, Home Essences > Ambience & Decor > Ceramics > Incense Holder",Yes,1,Yes,https://www.maroma.com/product/ceramic-bamboo-less-incense-holder-green/,product,https://maroma-development-sgw0qzbd.myshopify.com/products/ceramic-bambooless-incense-holder-green,ceramic bambooless incense holder green,1,Keep,Live on maroma.com with image
ceramic-bambooless-incense-holder-pink,Ceramic Bambooless Incense Holder Pink,AC24-F44-2,1130.00,active,Incense Holder,"Home Essences, Home Essences > Ambience & Decor, Home Essences > Ambience & Decor > Ceramics, Home Essences > Ambience & Decor > Ceramics > Incense Holder",Yes,1,Yes,https://www.maroma.com/product/ceramic-bamboo-less-incense-holder-pink/,product,https://maroma-development-sgw0qzbd.myshopify.com/products/ceramic-bambooless-incense-holder-pink,ceramic bambooless incense holder pink,1,Keep,Live on maroma.com with image
ceramic-black-pillar-candle-holder,Ceramic Black Pillar Candle Holder,AC24-F36-1,1000.00,active,Incense Holder,"Home Essences, Home Essences > Ambience & Decor, Home Essences > Ambience & Decor > Ceramics, Home Essences > Ambience & Decor > Ceramics > Incense Holder",Yes,1,No,https://www.maroma.com/?s=Ceramic%20Black%20Pillar%20Candle%20Holder,search,https://maroma-development-sgw0qzbd.myshopify.com/products/ceramic-black-pillar-candle-holder,ceramic black pillar candle holder,1,Keep,
ceramic-candle-holder-black,Ceramic Candle Holder Black,AC24-F45,1130.00,active,Incense Holder,"Home Essences, Home Essences > Ambience & Decor, Home Essences > Ambience & Decor > Ceramics, Home Essences > Ambience & Decor > Ceramics > Incense Holder",Yes,1,Yes,https://www.maroma.com/product/ceramic-candle-holder-black/,product,https://maroma-development-sgw0qzbd.myshopify.com/products/ceramic-candle-holder-black,ceramic candle holder black,1,Keep,Live on maroma.com with image
ceramic-candle-holder-white,Ceramic Candle Holder White,AC24-F45-1,1130.00,active,Incense Holder,"Home Essences, Home Essences > Ambience & Decor, Home Essences > Ambience & Decor > Ceramics, Home Essences > Ambience & Decor > Ceramics > Incense Holder",Yes,1,Yes,https://www.maroma.com/product/ceramic-candle-holder-white/,product,https://maroma-development-sgw0qzbd.myshopify.com/products/ceramic-candle-holder-white,ceramic candle holder white,1,Keep,Live on maroma.com with image
ceramic-cat-spiral-incense-holder,Ceramic Cat Spiral Incense Holder,A24-F25,2680.00,active,Incense Holder,"Home Essences, Home Essences > Ambience & Decor, Home Essences > Ambience & Decor > Ceramics, Home Essences > Ambience & Decor > Ceramics > Incense Holder",Yes,1,No,https://www.maroma.com/?s=Ceramic%20Cat%20Spiral%20Incense%20Holder,search,https://maroma-development-sgw0qzbd.myshopify.com/products/ceramic-cat-spiral-incense-holder,ceramic cat spiral incense holder,1,Keep,
ceramic-dark-orange-pillar-candle-holder,Ceramic Dark Orange Pillar Candle Holder,AC24-F36-1-1,1000.00,active,Incense Holder,"Home Essences, Home Essences > Ambience & Decor, Home Essences > Ambience & Decor > Ceramics, Home Essences > Ambience & Decor > Ceramics > Incense Holder",Yes,1,No,https://www.maroma.com/?s=Ceramic%20Dark%20Orange%20Pillar%20Candle%20Holder,search,https://maroma-development-sgw0qzbd.myshopify.com/products/ceramic-dark-orange-pillar-candle-holder,ceramic dark orange pillar candle holder,1,Keep,
ceramic-deep-blue-taper-candle-holder,Ceramic Deep Blue Taper Candle Holder,AC24-F31,1340.00,active,Incense Holder,"Home Essences, Home Essences > Ambience & Decor, Home Essences > Ambience & Decor > Ceramics, Home Essences > Ambience & Decor > Ceramics > Incense Holder",Yes,1,Yes,https://www.maroma.com/product/ceramic-tapper-candle-holder-blue-2/,product,https://maroma-development-sgw0qzbd.myshopify.com/products/ceramic-deep-blue-taper-candle-holder,ceramic deep blue taper candle holder,1,Keep,Live on maroma.com with image
ceramic-green-taper-candle-holder-small,Ceramic Green Taper Candle Holder - Small,AC24-F34-1,1130.00,active,Incense Holder,"Home Essences, Home Essences > Ambience & Decor, Home Essences > Ambience & Decor > Ceramics, Home Essences > Ambience & Decor > Ceramics > Incense Holder",Yes,1,Yes,https://www.maroma.com/product/ceramic-tapper-candle-holder-green/,product,https://maroma-development-sgw0qzbd.myshopify.com/products/ceramic-green-taper-candle-holder-small,ceramic green taper candle holder small,1,Keep,Live on maroma.com with image
ceramic-pastel-blue-pillar-candle-holder,Ceramic Pastel Blue Pillar Candle Holder,AC24-F36-1-1-1-1,1000.00,active,Incense Holder,"Home Essences, Home Essences > Ambience & Decor, Home Essences > Ambience & Decor > Ceramics, Home Essences > Ambience & Decor > Ceramics > Incense Holder",Yes,1,No,https://www.maroma.com/?s=Ceramic%20Pastel%20Blue%20Pillar%20Candle%20Holder,search,https://maroma-development-sgw0qzbd.myshopify.com/products/ceramic-pastel-blue-pillar-candle-holder,ceramic pastel blue pillar candle holder,1,Keep,
ceramic-pastel-green-pillar-candle-holder,Ceramic Pastel Green Pillar Candle Holder,AC24-F36-1-1-1-1-1,1000.00,active,Incense Holder,"Home Essences, Home Essences > Ambience & Decor, Home Essences > Ambience & Decor > Ceramics, Home Essences > Ambience & Decor > Ceramics > Incense Holder",Yes,1,No,https://www.maroma.com/?s=Ceramic%20Pastel%20Green%20Pillar%20Candle%20Holder,search,https://maroma-development-sgw0qzbd.myshopify.com/products/ceramic-pastel-green-pillar-candle-holder,ceramic pastel green pillar candle holder,1,Keep,
ceramic-pastel-pink-pillar-candle-holder,Ceramic Pastel Pink Pillar Candle Holder,AC24-F36-1-1-1,1000.00,active,Incense Holder,"Home Essences, Home Essences > Ambience & Decor, Home Essences > Ambience & Decor > Ceramics, Home Essences > Ambience & Decor > Ceramics > Incense Holder",Yes,1,No,https://www.maroma.com/?s=Ceramic%20Pastel%20Pink%20Pillar%20Candle%20Holder,search,https://maroma-development-sgw0qzbd.myshopify.com/products/ceramic-pastel-pink-pillar-candle-holder,ceramic pastel pink pillar candle holder,1,Keep,
ceramic-pumpkin-spiral-incense-holder,Ceramic Pumpkin Spiral Incense Holder,A24-F26,2680.00,active,Incense Holder,"Home Essences, Home Essences > Ambience & Decor, Home Essences > Ambience & Decor > Ceramics, Home Essences > Ambience & Decor > Ceramics > Incense Holder",Yes,1,No,https://www.maroma.com/?s=Ceramic%20Pumpkin%20Spiral%20Incense%20Holder,search,https://maroma-development-sgw0qzbd.myshopify.com/products/ceramic-pumpkin-spiral-incense-holder,ceramic pumpkin spiral incense holder,1,Keep,
ceramic-purple-taper-candle-holder,Ceramic Purple Taper Candle Holder,AC24-F32-1,1165.00,active,Incense Holder,"Home Essences, Home Essences > Ambience & Decor, Home Essences > Ambience & Decor > Ceramics, Home Essences > Ambience & Decor > Ceramics > Incense Holder",Yes,1,Yes,https://www.maroma.com/product/ceramic-tapper-candle-holder-purple/,product,https://maroma-development-sgw0qzbd.myshopify.com/products/ceramic-purple-taper-candle-holder,ceramic purple taper candle holder,1,Keep,Live on maroma.com with image
ceramic-spiral-burner-cat,Ceramic Spiral Burner Cat,AC24-F25,2680.00,active,Perfume Spiral Incense,"Home Essences, Home Essences > Ambience & Decor, Home Essences > Ambience & Decor > Ceramics, Home Essences > Fragrance for Spaces > Incense, Home Essences > Fragrance for Spaces > Incense > Perfume Spiral Incense",Yes,1,No,https://www.maroma.com/?s=Ceramic%20Spiral%20Burner%20Cat,search,https://maroma-development-sgw0qzbd.myshopify.com/products/ceramic-spiral-burner-cat,ceramic spiral burner cat,1,Keep,
ceramic-spiral-burner-star,Ceramic Spiral Burner Star,AC24-F26,2680.00,active,Perfume Spiral Incense,"Home Essences, Home Essences > Fragrance for Spaces > Incense, Home Essences > Fragrance for Spaces > Incense > Perfume Spiral Incense",Yes,1,No,https://www.maroma.com/?s=Ceramic%20Spiral%20Burner%20Star,search,https://maroma-development-sgw0qzbd.myshopify.com/products/ceramic-spiral-burner-star,ceramic spiral burner star,1,Keep,
ceramic-taper-candle-holder-black,Ceramic Taper Candle Holder Black,AC24-F46-1,1000.00,active,Incense Holder,"Home Essences, Home Essences > Ambience & Decor, Home Essences > Ambience & Decor > Ceramics, Home Essences > Ambience & Decor > Ceramics > Incense Holder",Yes,1,Yes,https://www.maroma.com/product/ceramic-tapper-candle-holder-black/,product,https://maroma-development-sgw0qzbd.myshopify.com/products/ceramic-taper-candle-holder-black,ceramic taper candle holder black,1,Keep,Live on maroma.com with image
ceramic-taper-candle-holder-blue,Ceramic Taper Candle Holder Blue,AC24-F46,1000.00,active,Incense Holder,"Home Essences, Home Essences > Ambience & Decor, Home Essences > Ambience & Decor > Ceramics, Home Essences > Ambience & Decor > Ceramics > Incense Holder",Yes,1,Yes,https://www.maroma.com/product/ceramic-tapper-candle-holder-blue/,product,https://maroma-development-sgw0qzbd.myshopify.com/products/ceramic-taper-candle-holder-blue,ceramic taper candle holder blue,1,Keep,Live on maroma.com with image
ceramic-taper-candle-holder-pink,Ceramic Taper Candle Holder Pink,AC24-F46-2,1000.00,active,Incense Holder,"Home Essences, Home Essences > Ambience & Decor, Home Essences > Ambience & Decor > Ceramics, Home Essences > Ambience & Decor > Ceramics > Incense Holder",Yes,1,Yes,https://www.maroma.com/product/ceramic-tapper-candle-holder-pink/,product,https://maroma-development-sgw0qzbd.myshopify.com/products/ceramic-taper-candle-holder-pink,ceramic taper candle holder pink,1,Keep,Live on maroma.com with image
ceramic-white-pillar-candle-holder,Ceramic White Pillar Candle Holder,AC24-F36,1000.00,active,Incense Holder,"Home Essences, Home Essences > Ambience & Decor, Home Essences > Ambience & Decor > Ceramics, Home Essences > Ambience & Decor > Ceramics > Incense Holder",Yes,1,No,https://www.maroma.com/?s=Ceramic%20White%20Pillar%20Candle%20Holder,search,https://maroma-development-sgw0qzbd.myshopify.com/products/ceramic-white-pillar-candle-holder,ceramic white pillar candle holder,1,Keep,
ceramic-white-taper-candle-holder-small,Ceramic White Taper Candle Holder - Small,AC24-F34,1130.00,active,Incense Holder,"Home Essences, Home Essences > Ambience & Decor, Home Essences > Ambience & Decor > Ceramics, Home Essences > Ambience & Decor > Ceramics > Incense Holder",Yes,1,Yes,https://www.maroma.com/product/ceramic-tapper-candle-holder-white/,product,https://maroma-development-sgw0qzbd.myshopify.com/products/ceramic-white-taper-candle-holder-small,ceramic white taper candle holder small,1,Keep,Live on maroma.com with image
champak-essential-gift-set,Champak Essential Gift Set,CA29-C29,760.00,active,Gift Sets,"Gifting, Gifting > Gift Sets",Yes,1,Yes,https://www.maroma.com/product/champak-essential-gift-set/,product,https://maroma-development-sgw0qzbd.myshopify.com/products/champak-essential-gift-set,champak essential gift set,1,Keep,Live on maroma.com with image
champak-incense-sticks,Champak Incense Sticks,EA10-A82,260.00,active,Encens D’auroville,"Encens D'Auroville, Exotic & Mystical, Home Essences, Home Essences > Fragrance for Spaces > Incense, Home Essences > Fragrance for Spaces > Incense > Encens D’auroville, Spiritual & Meditative",Yes,1,Yes,https://www.maroma.com/product/champak-10-incense-sticks/,product,https://maroma-development-sgw0qzbd.myshopify.com/products/champak-incense-sticks,champak incense sticks,1,Keep,Live on maroma.com with image
champak-pillar-candle,Champak Pillar Candle,CN11-C02,360.00,active,Pillar,"Home Essences, Home Essences > Ambience & Decor > Candles, Home Essences > Ambience & Decor > Candles > Pillar",Yes,1,No,https://www.maroma.com/?s=Champak%20Pillar%20Candle,search,https://maroma-development-sgw0qzbd.myshopify.com/products/champak-pillar-candle,champak pillar candle,1,Keep,
cherish-votive-95gms,Cherish Votive 95gms,MS39-A02,745.00,active,Votive,"Home Essences, Home Essences > Ambience & Decor > Candles > Votive",Yes,1,No,https://www.maroma.com/?s=Cherish%20Votive%2095gms,search,https://maroma-development-sgw0qzbd.myshopify.com/products/cherish-votive-95gms,cherish votive 95gms,1,Keep,
cherry-blossom-100gms,Cherry Blossom- 100gms,CA11-B02 CB,360.00,active,Pillar,"Home Essences, Home Essences > Ambience & Decor > Candles, Home Essences > Ambience & Decor > Candles > Pillar",Yes,1,No,https://www.maroma.com/?s=Cherry%20Blossom-%20100gms,search,https://maroma-development-sgw0qzbd.myshopify.com/products/cherry-blossom-100gms,cherry blossom,1,Keep,
cherry-blossom-ambient-perfume-10ml,Cherry Blossom Ambient Perfume - 10ml,EA14-B03,435.00,active,Ambient Perfumes,"Home Essences, Home Essences > Fragrance for Spaces > Diffusers & Ambient Perfumes, Home Essences > Fragrance for Spaces > Diffusers & Ambient Perfumes > Ambient Perfumes, Home Essences > Fragrance for Spaces > Diffusers & Ambient Perfumes > Diffuser Oils",Yes,1,Yes,https://www.maroma.com/product/httpsss-www-maroma-com-product-ambient-perfume-cherry-blossom-10ml-copy/,product,https://maroma-development-sgw0qzbd.myshopify.com/products/cherry-blossom-ambient-perfume-10ml,cherry blossom ambient perfume 10ml,1,Keep,Live on maroma.com with image
cherry-blossom-and-rose-perfume-spirals,Cherry Blossom and Rose Perfume Spirals,EA34-A27,410.00,active,Perfume Spiral Incense,"Home Essences, Home Essences > Fragrance for Spaces > Incense, Home Essences > Fragrance for Spaces > Incense > Perfume Spiral Incense",Yes,1,No,https://www.maroma.com/?s=Cherry%20Blossom%20and%20Rose%20Perfume%20Spirals,search,https://maroma-development-sgw0qzbd.myshopify.com/products/cherry-blossom-and-rose-perfume-spirals,cherry blossom and rose perfume spirals,1,Keep,
cherry-blossom-deodorant,Cherry Blossom Deodorant,TL16-O31,700.00,active,Deodorant,"Aloe Vera, Bergamot, Body Care, Body Care > Deodorant, Coconut, Dry & Dehydrated Skin, Floral, Geranium, Hydrating, Non-Sticky, Normal Skin",Yes,1,Yes,https://www.maroma.com/product/deodorant-cherry-blossom-50ml/,product,https://maroma-development-sgw0qzbd.myshopify.com/products/cherry-blossom-deodorant,cherry blossom deodorant,1,Keep,Live on maroma.com with image
cherry-blossom-hair-body-mist,Cherry Blossom Hair & Body Mist,,485.00,active,Hair & Body Mists,"Body Care, Body Care > Hair & Body Mists, Delicate, Dry & Dehydrated Skin, Glycerine, Hair, Hair > Multipurpose, Hair > Multipurpose > Hair & Body Mists, Normal Skin, Rose, Soothing, Tired or Stressed Skin, Uplifiting, Vitamin B",Yes,1,No,https://www.maroma.com/?s=Cherry%20Blossom%20Hair%20%26%20Body%20Mist,search,https://maroma-development-sgw0qzbd.myshopify.com/products/cherry-blossom-hair-body-mist,cherry blossom hair body mist,1,Keep,
cherry-blossom-hair-body-mist-10ml,Cherry Blossom Hair & Body Mist -10ml,TL16-C11,485.00,active,Hair & Body Mists,"Body Care, Body Care > Hair & Body Mists, Hair, Hair > Multipurpose, Hair > Multipurpose > Hair & Body Mists",Yes,1,No,https://www.maroma.com/?s=Cherry%20Blossom%20Hair%20%26%20Body%20Mist%20-10ml,search,https://maroma-development-sgw0qzbd.myshopify.com/products/cherry-blossom-hair-body-mist-10ml,cherry blossom hair body mist 10ml,1,Keep,
cherry-blossom-incense-sticks,Cherry Blossom Incense Sticks,EA10-A80,260.00,active,Encens D’auroville,"Encens D'Auroville, Energizing & Uplifting, Home Essences, Home Essences > Fragrance for Spaces > Incense, Home Essences > Fragrance for Spaces > Incense > Encens D’auroville, Joyful & Playful, Valentine's Day Special",Yes,1,Yes,https://www.maroma.com/product/cherry-blossom-10-incense-sticks/,product,https://maroma-development-sgw0qzbd.myshopify.com/products/cherry-blossom-incense-sticks,cherry blossom incense sticks,1,Keep,Live on maroma.com with image
cherry-blossom-jute-sachet,Cherry Blossom Jute Sachet,EA13-E76,600.00,active,Jute Sachet,"Home Essences, Home Essences > Fragrance for Spaces > Fragrance Sachets, Home Essences > Fragrance for Spaces > Fragrance Sachets > Jute Sachet",Yes,1,Yes,https://www.maroma.com/product/flower-jute-sachet-cherry-blossom/,product,https://maroma-development-sgw0qzbd.myshopify.com/products/cherry-blossom-jute-sachet,cherry blossom jute sachet,1,Keep,Live on maroma.com with image
cherry-blossom-mimosa-jasmine-vanilla-60gms-each-triple-scented-pack-of-2,"Cherry Blossom, Mimosa, Jasmine Vanilla - 60gms Each Triple Scented (Pack of 2)",CA11-R02,420.00,active,Pillar,"Home Essences, Home Essences > Ambience & Decor > Candles, Home Essences > Ambience & Decor > Candles > Pillar",Yes,1,Yes,https://www.maroma.com/product/cherryblossom-mimosa-jasminevanilla-75gms-triple-scented/,product,https://maroma-development-sgw0qzbd.myshopify.com/products/cherry-blossom-mimosa-jasmine-vanilla-60gms-each-triple-scented-pack-of-2,cherry blossom mimosa jasmine vanilla each triple scented pack of 2,1,Keep,Live on maroma.com with image
cherry-blossom-mimosa-jasmine-vanilla-100gms-triple-scented,"Cherry Blossom, Mimosa, Jasmine Vanilla - 100gms Triple Scented",,370.00,active,Pillar,"Home Essences, Home Essences > Ambience & Decor > Candles, Home Essences > Ambience & Decor > Candles > Pillar",Yes,1,No,https://www.maroma.com/?s=Cherry%20Blossom%2C%20Mimosa%2C%20Jasmine%20Vanilla%20-%20100gms%20Triple%20Scented,search,https://maroma-development-sgw0qzbd.myshopify.com/products/cherry-blossom-mimosa-jasmine-vanilla-100gms-triple-scented,cherry blossom mimosa jasmine vanilla triple scented,1,Keep,
cherry-blossom-mimosa-jasmine-vanilla-triple-scented-candle,"Cherry Blossom, Mimosa, Jasmine Vanilla Triple Scented Candle",,370.00,active,Pillar,"Home Essences, Home Essences > Ambience & Decor > Candles, Home Essences > Ambience & Decor > Candles > Pillar",Yes,1,No,https://www.maroma.com/?s=Cherry%20Blossom%2C%20Mimosa%2C%20Jasmine%20Vanilla%20Triple%20Scented%20Candle,search,https://maroma-development-sgw0qzbd.myshopify.com/products/cherry-blossom-mimosa-jasmine-vanilla-triple-scented-candle,cherry blossom mimosa jasmine vanilla triple scented candle,1,Keep,
cherry-blossom-perfumed-sachet,Cherry Blossom Perfumed Sachet,EG13-B06,270.00,active,Wardrobe Sachet-Aromatic,"Featured, Home Essences, Home Essences > Fragrance for Spaces > Fragrance Sachets, Home Essences > Fragrance for Spaces > Fragrance Sachets > Wardrobe Sachet-Aromatic",Yes,1,Yes,https://www.maroma.com/product/perfumed-sachet-cherry-blossom/,product,https://maroma-development-sgw0qzbd.myshopify.com/products/cherry-blossom-perfumed-sachet,cherry blossom perfumed sachet,1,Keep,Live on maroma.com with image
cherry-blossom-pillar-candle,Cherry Blossom Pillar Candle,CN11-C03,360.00,active,Pillar,"Home Essences, Home Essences > Ambience & Decor > Candles, Home Essences > Ambience & Decor > Candles > Pillar, Valentine's Day Special",Yes,1,No,https://www.maroma.com/?s=Cherry%20Blossom%20Pillar%20Candle,search,https://maroma-development-sgw0qzbd.myshopify.com/products/cherry-blossom-pillar-candle,cherry blossom pillar candle,1,Keep,
cherry-blossom-potpourri,Cherry Blossom Potpourri,EA17-E21,710.00,active,Potpourri,"Home Essences, Home Essences > Fragrance for Spaces > Potpourri",Yes,1,Yes,https://www.maroma.com/product/potpourri-cherry-blossom/,product,https://maroma-development-sgw0qzbd.myshopify.com/products/cherry-blossom-potpourri,cherry blossom potpourri,1,Keep,Live on maroma.com with image
cherry-blossom-reed-diffuser,Cherry Blossom Reed Diffuser,EA14-H60,3485.00,active,Reed Diffuser,"Home Essences, Home Essences > Fragrance for Spaces > Diffusers & Ambient Perfumes > Reed Diffuser",Yes,1,No,https://www.maroma.com/?s=Cherry%20Blossom%20Reed%20Diffuser,search,https://maroma-development-sgw0qzbd.myshopify.com/products/cherry-blossom-reed-diffuser,cherry blossom reed diffuser,1,Keep,
cherry-blossom-scented-candle,Cherry Blossom Scented Candle,,530.00,active,Pillar,"Home Essences, Home Essences > Ambience & Decor > Candles, Home Essences > Ambience & Decor > Candles > Pillar",Yes,1,No,https://www.maroma.com/?s=Cherry%20Blossom%20Scented%20Candle,search,https://maroma-development-sgw0qzbd.myshopify.com/products/cherry-blossom-scented-candle,cherry blossom scented candle,1,Keep,
cherry-blossom-scented-wooden-leaf-diffuser,Cherry Blossom Scented Wooden Leaf Diffuser,EA36-A12,800.00,active,Scented Wood Leaf,"Home Essences, Home Essences > Fragrance for Spaces > Scented Wood Leaf",Yes,1,Yes,https://www.maroma.com/product/scented-wood-leaf-cherry-blossom/,product,https://maroma-development-sgw0qzbd.myshopify.com/products/cherry-blossom-scented-wooden-leaf-diffuser,cherry blossom scented wooden leaf diffuser,1,Keep,Live on maroma.com with image
cherry-blossom-solid-perfume,Cherry Blossom Solid Perfume,EA14-D39,495.00,active,Solid Perfume,"Bergamot, Citrus & Fresh, Floral, Fruity, Geranium, new, Perfumes, Perfumes > Solid Perfume, Tonka Bean",Yes,1,Yes,https://www.maroma.com/product/cherry-blossom-solid-perfume/,product,https://maroma-development-sgw0qzbd.myshopify.com/products/cherry-blossom-solid-perfume,cherry blossom solid perfume,1,Keep,Live on maroma.com with image
cherry-blossom-votive-250g,Cherry Blossom Votive - 250g,CA39-B01,1425.00,active,Votive,"Home Essences, Home Essences > Ambience & Decor > Candles > Votive",Yes,1,Yes,https://www.maroma.com/product/cherry-blossom-250gms/,product,https://maroma-development-sgw0qzbd.myshopify.com/products/cherry-blossom-votive-250g,cherry blossom votive 250g,1,Keep,Live on maroma.com with image
christmas-glow,Christmas Glow,Christmas Glow,1900.00,active,Gift Sets,"Gifting, Gifting > Gift Sets",Yes,1,No,https://www.maroma.com/?s=Christmas%20Glow,search,https://maroma-development-sgw0qzbd.myshopify.com/products/christmas-glow,christmas glow,1,Keep,
cinnamon-10-cone-incense,Cinnamon 10 Cone Incense,EA27-A01,250.00,active,Cone Incense,"Encens D'Auroville, Encens D'Auroville > Cone Incense, Home Essences, Home Essences > Fragrance for Spaces > Incense, Home Essences > Fragrance for Spaces > Incense > Cone Incense",Yes,1,No,https://www.maroma.com/?s=Cinnamon%2010%20Cone%20Incense,search,https://maroma-development-sgw0qzbd.myshopify.com/products/cinnamon-10-cone-incense,cinnamon 10 cone incense,1,Keep,
cinnamon-incense-sticks,Cinnamon Incense Sticks,EA10-A06,260.00,active,Encens D’auroville,"100% natural, Encens D'Auroville, Energizing & Uplifting, Home Essences, Home Essences > Fragrance for Spaces > Incense, Home Essences > Fragrance for Spaces > Incense > Encens D’auroville, Warm & Comforting",Yes,1,Yes,https://www.maroma.com/product/cinnamon-10-incense-sticks/,product,https://maroma-development-sgw0qzbd.myshopify.com/products/cinnamon-incense-sticks,cinnamon incense sticks,1,Keep,Live on maroma.com with image
citronella-100-natural-essential-oil-10ml,Citronella 100% Natural Essential Oil - 10ml,NE15-A10,555.00,active,Diffuser Oils,"Home Essences, Home Essences > Fragrance for Spaces > Diffusers & Ambient Perfumes, Home Essences > Fragrance for Spaces > Diffusers & Ambient Perfumes > Diffuser Oils, Home Essences > Fragrance for Spaces > Essential Oils > Natural Essential Oil",Yes,1,Yes,https://www.maroma.com/product/natural-essential-oil-citronella-10ml/,product,https://maroma-development-sgw0qzbd.myshopify.com/products/citronella-100-natural-essential-oil-10ml,citronella 100 natural essential oil 10ml,1,Keep,Live on maroma.com with image
citrus-mint-deodorant,Citrus & Mint Deodorant,TL16-O66,700.00,active,Deodorant,"Aloe Vera, Body Care, Body Care > Deodorant, Citrusy, Cooling, Hydrating, Lemon OIl, Peppermint Oil, Tired or Stressed Skin",Yes,1,Yes,https://www.maroma.com/product/liquid-deodorant-50-ml/,product,https://maroma-development-sgw0qzbd.myshopify.com/products/citrus-mint-deodorant,citrus mint deodorant,1,Keep,Live on maroma.com with image
clarity-10-incense-sticks,Clarity 10 Incense Sticks,K10-C03,290.00,active,Incense,"Home Essences, Home Essences > Fragrance for Spaces > Incense",Yes,1,No,https://www.maroma.com/?s=Clarity%2010%20Incense%20Sticks,search,https://maroma-development-sgw0qzbd.myshopify.com/products/clarity-10-incense-sticks,clarity 10 incense sticks,1,Keep,
clarity-kalki-votive,Clarity Kalki Votive,,420.00,active,Votive,"Home Essences, Home Essences > Ambience & Decor > Candles, Home Essences > Ambience & Decor > Candles > Votive",Yes,1,No,https://www.maroma.com/?s=Clarity%20Kalki%20Votive,search,https://maroma-development-sgw0qzbd.myshopify.com/products/clarity-kalki-votive,clarity kalki votive,1,Keep,
clear-mind-aromatherapy-bath-salt,Clear Mind Aromatherapy Bath Salt,MS16-E09,240.00,active,Aromatherapy Bath Salts,"Aromatherapy, Baking Soda, Basil, Body Care, Body Care > Aromatherapy Bath Salts, Calming & Grounding, Cardamom, Clove, Epsom Salt, Glauber’s Salt, Lavender, Lemon, Peppermint, Petitgrain, Rosemary, Rosewood, Tired or Stressed Skin",Yes,1,Yes,https://www.maroma.com/product/aromatherapy-bath-salt-60g-clear-mind/,product,https://maroma-development-sgw0qzbd.myshopify.com/products/clear-mind-aromatherapy-bath-salt,clear mind aromatherapy bath salt,1,Keep,Live on maroma.com with image
clear-mind-aromatherapy-incense-pack-of-10,Clear Mind Aromatherapy Incense. Pack of 10,MS10-C10,260.00,active,Aromatherapy,"Home Essences, Home Essences > Fragrance for Spaces > Incense, Home Essences > Fragrance for Spaces > Incense > Aromatherapy",Yes,1,Yes,https://www.maroma.com/product/aromatherapy-incense-clear-mind/,product,https://maroma-development-sgw0qzbd.myshopify.com/products/clear-mind-aromatherapy-incense-pack-of-10,clear mind aromatherapy incense pack of 10,1,Keep,Live on maroma.com with image
clear-mind-aromatherapy-spray,Clear Mind Aromatherapy Spray,AY14-F01,995.00,active,Aromatherapy Spray,"Calming & Grounding, Citrus & Fresh, Fresh & Herbal, Lemon, Peppermint, Perfumes, Perfumes > Aromatherapy, Perfumes > Aromatherapy > Aromatherapy Spray, Petitgrain, Rosemary, Spicy & Resinous",Yes,1,Yes,https://www.maroma.com/product/aromatherapy-spray-10ml-clear-mind/,product,https://maroma-development-sgw0qzbd.myshopify.com/products/clear-mind-aromatherapy-spray,clear mind aromatherapy spray,1,Keep,Live on maroma.com with image
coco-essence-day-complex-face-cream,Coco Essence Day Complex Face Cream,TL16-H04,1420.00,active,Day Creams & Sunscreens,"best seller, Face Care, Face Care > Day Creams & Sunscreens, Face Care > Luxury, Niacinamide, Peptides, Pro-ceramides",Yes,1,Yes,https://www.maroma.com/product/coco-essence-day-complex-with-niacinamide-peptides-pro-ceramides/,product,https://maroma-development-sgw0qzbd.myshopify.com/products/coco-essence-day-complex-face-cream,coco essence day complex face cream,1,Keep,Live on maroma.com with image
coco-essence-night-complex-face-cream,Coco Essence Night Complex Face Cream,TL16-H03,1660.00,active,Night Creams,"Apricot, best seller, Bukachiol, Face Care, Face Care > Luxury, Face Care > Night Creams, Hyaluronic acid",Yes,1,Yes,https://www.maroma.com/product/coco-essence-night-complex-with-hyaluronic-acid-bakuchiol-apricot-oil/,product,https://maroma-development-sgw0qzbd.myshopify.com/products/coco-essence-night-complex-face-cream,coco essence night complex face cream,1,Keep,Live on maroma.com with image
coconut-bath-soap,Coconut Bath Soap,CT16-A01,480.00,active,Soaps,"Body Care, Body Care > Soaps, coconut, Dry & Dehydrated Skin, Kokum, Mango Butter, Normal Skin, Peppermint, Sensitive Skin, Tired or Stressed Skin, Ylang Ylang",Yes,1,Yes,https://www.maroma.com/product/coconut-bath-soap-with-pouch-100g/,product,https://maroma-development-sgw0qzbd.myshopify.com/products/coconut-bath-soap,coconut bath soap,1,Keep,Live on maroma.com with image
coconut-body-butter,Coconut Body Butter,CT16-A82,1880.00,active,Body Butters,"Body Care, Body Care > Body Lotions & Body Butters, Body Care > Body Lotions & Body Butters > Body Butters, Cocoa Butter, coconut, Dry & Dehydrated Skin, Nourishing, Shea Butter, Tired or Stressed Skin, Uplifiting",Yes,1,Yes,https://www.maroma.com/product/coconut-body-butter-100gms/,product,https://maroma-development-sgw0qzbd.myshopify.com/products/coconut-body-butter,coconut body butter,1,Keep,Live on maroma.com with image
coconut-body-cream-100gms,Coconut Body Cream - 100gms,CT16-A83,1325.00,active,Body Care,Body Care,No,0,No,https://www.maroma.com/?s=Coconut%20Body%20Cream%20-%20100gms,search,https://maroma-development-sgw0qzbd.myshopify.com/products/coconut-body-cream-100gms,coconut body cream,1,Review — no image,Missing image in Shopify
coconut-body-lotion,Coconut Body Lotion,CT16-A12,640.00,active,Body Lotions,"100ml, Body Care, Body Care > Body Lotions & Body Butters, Body Care > Body Lotions & Body Butters > Body Lotions, Dry & Dehydrated Skin, Normal Skin",Yes,1,No,https://www.maroma.com/?s=Coconut%20Body%20Lotion,search,https://maroma-development-sgw0qzbd.myshopify.com/products/coconut-body-lotion,coconut body lotion,1,Keep,
coconut-body-lotion-200ml,Coconut Body Lotion - 200ml,CT16-A11,975.00,active,Body Lotions & Body Butters,"Body Care, Body Care > Body Lotions & Body Butters, coconut",Yes,1,No,https://www.maroma.com/?s=Coconut%20Body%20Lotion%20-%20200ml,search,https://maroma-development-sgw0qzbd.myshopify.com/products/coconut-body-lotion-200ml,coconut body lotion 200ml,1,Keep,
coconut-body-oil-200ml,Coconut Body Oil - 200ml,CT16-A22,1150.00,active,Massage & Body Oils,"Body Care, Body Care > Massage & Body Oils, coconut",Yes,1,No,https://www.maroma.com/?s=Coconut%20Body%20Oil%20-%20200ml,search,https://maroma-development-sgw0qzbd.myshopify.com/products/coconut-body-oil-200ml,coconut body oil 200ml,1,Keep,
coconut-conditioner-with-aloe-vera-extract,Coconut Conditioner with Aloe Vera Extract,CT16-A43,700.00,active,Conditioners,"100ml, Aloe Vera, coconut, Dry / Dehydrated Hair, Frizz Control, Hair, Hair > Conditioners, Jojoba, Olive, Shine / Nourishment",Yes,1,No,https://www.maroma.com/?s=Coconut%20Conditioner%20with%20Aloe%20Vera%20Extract,search,https://maroma-development-sgw0qzbd.myshopify.com/products/coconut-conditioner-with-aloe-vera-extract,coconut conditioner with aloe vera extract,1,Keep,
coconut-day-cream,Coconut Day Cream,CT16-A31,995.00,active,Day Creams & Sunscreens,"coconut, Dry Skin, Face Care, Face Care > Day Creams & Sunscreens, Glycerine, Kokum, Moisturising, Normal Skin, Olive, Protective, Softening",Yes,1,Yes,https://www.maroma.com/product/coconut-day-cream-50gms/,product,https://maroma-development-sgw0qzbd.myshopify.com/products/coconut-day-cream,coconut day cream,1,Keep,Live on maroma.com with image
coconut-hair-conditioner-200ml,Coconut Hair Conditioner - 200ml,CT16-A41,1110.00,active,Conditioners,"coconut, Hair, Hair > Conditioners",Yes,1,No,https://www.maroma.com/?s=Coconut%20Hair%20Conditioner%20-%20200ml,search,https://maroma-development-sgw0qzbd.myshopify.com/products/coconut-hair-conditioner-200ml,coconut hair conditioner 200ml,1,Keep,
coconut-hair-oil,Coconut Hair Oil,CT16-A52,1480.00,active,Hair Oils,"coconut, Deep hydration, Dry / Dehydrated Hair, Frizz Control, Hair, Hair > Hair Oils, Lightweight feel, Peppermint, Refreshing aroma, Shine / Nourishment, three, Ylang Ylang",Yes,1,No,https://www.maroma.com/?s=Coconut%20Hair%20Oil,search,https://maroma-development-sgw0qzbd.myshopify.com/products/coconut-hair-oil,coconut hair oil,1,Keep,
coconut-incense-sticks,Coconut Incense Sticks,EA10-A07,260.00,active,Encens D’auroville,"coconut, Encens D'Auroville, Home Essences, Home Essences > Fragrance for Spaces > Incense, Home Essences > Fragrance for Spaces > Incense > Encens D’auroville, Relaxing & Calming",Yes,1,Yes,https://www.maroma.com/product/coconut-10-incense-sticks-copy/,product,https://maroma-development-sgw0qzbd.myshopify.com/products/coconut-incense-sticks,coconut incense sticks,1,Keep,Live on maroma.com with image
coconut-night-cream,Coconut Night Cream,CT16-A32,1210.00,active,Night Creams,"Almond, Aloe Vera, Avocado, coconut, Dry Skin, Dull Skin, Face Care, Face Care > Night Creams, Moisturising, Nourishing, Rejuvenating, Sensitive Skin",Yes,1,Yes,https://www.maroma.com/product/coconut-night-cream-50gms/,product,https://maroma-development-sgw0qzbd.myshopify.com/products/coconut-night-cream,coconut night cream,1,Keep,Live on maroma.com with image
coconut-shampoo-200ml,Coconut Shampoo - 200ml,CT16-A61,940.00,active,Shampoos,"coconut, Hair, Hair > Shampoos",Yes,1,No,https://www.maroma.com/?s=Coconut%20Shampoo%20-%20200ml,search,https://maroma-development-sgw0qzbd.myshopify.com/products/coconut-shampoo-200ml,coconut shampoo 200ml,1,Keep,
coconut-shampoo-with-aloe-vera-extract,Coconut Shampoo with Aloe Vera Extract,CT16-A64,630.00,active,Shampoos,"100ml, Aloe Vera, coconut, Dry / Dehydrated Hair, Hair, Hair > Shampoos, Hydrating, Peppermint, Shine / Nourishment, Softening, Strengthening, Ylang Ylang",Yes,1,No,https://www.maroma.com/?s=Coconut%20Shampoo%20with%20Aloe%20Vera%20Extract,search,https://maroma-development-sgw0qzbd.myshopify.com/products/coconut-shampoo-with-aloe-vera-extract,coconut shampoo with aloe vera extract,1,Keep,
coconut-shower-gel,Coconut Shower Gel,CT16-A74,640.00,active,Shower Gels,"100ml, Aloe Vera, Body Care, Body Care > Shower Gels, coconut, Dry & Dehydrated Skin, Glycerine, Peppermint, Sensitive Skin, Tired or Stressed Skin, Ylang Ylang",Yes,1,No,https://www.maroma.com/?s=Coconut%20Shower%20Gel,search,https://maroma-development-sgw0qzbd.myshopify.com/products/coconut-shower-gel,coconut shower gel,1,Keep,
coconut-shower-gel-200ml,Coconut Shower Gel - 200ml,CT16-A71,920.00,active,Shower Gels,"Body Care, Body Care > Shower Gels, coconut",Yes,1,No,https://www.maroma.com/?s=Coconut%20Shower%20Gel%20-%20200ml,search,https://maroma-development-sgw0qzbd.myshopify.com/products/coconut-shower-gel-200ml,coconut shower gel 200ml,1,Keep,
coconut-soap-bar-with-coconut-scrub-mango-butter,Coconut Soap Bar with Coconut Scrub & Mango Butter,CT16-A03,450.00,active,Scrub Soap,"Body Care, Body Care > Soaps, Body Care > Soaps > Scrub Soap, Coconut, Dry & Dehydrated Skin, Kokum, Lavender, Moringa, Normal Skin, Rosemary, Sensitive Skin",Yes,1,Yes,https://www.maroma.com/product/coconut-soap-bar-with-coconut-scrub-mango-butter/,product,https://maroma-development-sgw0qzbd.myshopify.com/products/coconut-soap-bar-with-coconut-scrub-mango-butter,coconut soap bar with coconut scrub mango butter,1,Keep,Live on maroma.com with image
coconut-with-aloe-vera-hair-and-body-bar,Coconut with Aloe Vera Hair and Body Bar,CT16-A65,545.00,active,Hair & Body Bars (Solid),"Aloe Vera, Avocado, coconut, Dry / Dehydrated Hair, Hair, Hair > Multipurpose > Hair & Body Bars (Solid), Olive, Peppermint, Shea Butter, Ylang Ylang",Yes,1,Yes,https://www.maroma.com/product/hair-and-body-bar-coconut-with-aloe-butter-100gms/,product,https://maroma-development-sgw0qzbd.myshopify.com/products/coconut-with-aloe-vera-hair-and-body-bar,coconut with aloe vera hair and body bar,1,Keep,Live on maroma.com with image
coconut-with-shea-butter-hair-and-body-bar,Coconut with Shea Butter Hair and Body Bar,CT16-A66,545.00,active,Hair & Body Bars (Solid),"Aloe Vera, Avocado, Castor, coconut, Dry / Dehydrated Hair, Hair, Hair > Multipurpose > Hair & Body Bars (Solid), Olive, Shea Butter",Yes,1,Yes,https://www.maroma.com/product/hair-and-body-bar-coconut-with-shea-butter-100gms/,product,https://maroma-development-sgw0qzbd.myshopify.com/products/coconut-with-shea-butter-hair-and-body-bar,coconut with shea butter hair and body bar,1,Keep,Live on maroma.com with image
coilbri-cedarwood-incense-10-sticks,Coilbri Cedarwood Incense - 10 Sticks,CL10-A03,260.00,active,Colibri Incense,"100% natural, Colibri, Colibri > Incense, Colibri > Incense > Incense Sticks, Home Essences, Home Essences > Fragrance for Spaces > Incense, Home Essences > Fragrance for Spaces > Incense > Colibri Incense",Yes,1,Yes,https://www.maroma.com/product/cedarwood-standard-incense/,product,https://maroma-development-sgw0qzbd.myshopify.com/products/coilbri-cedarwood-incense-10-sticks,coilbri cedarwood incense 10 sticks,1,Keep,Live on maroma.com with image
coilbri-lavender-incense-10-sticks,Coilbri Lavender Incense - 10 Sticks,CL10-A02,260.00,active,Colibri Incense,"Colibri, Colibri > Incense, Colibri > Incense > Incense Sticks, Home Essences, Home Essences > Fragrance for Spaces > Incense, Home Essences > Fragrance for Spaces > Incense > Colibri Incense",Yes,1,Yes,https://www.maroma.com/product/lavender-standard-incense/,product,https://maroma-development-sgw0qzbd.myshopify.com/products/coilbri-lavender-incense-10-sticks,coilbri lavender incense 10 sticks,1,Keep,Live on maroma.com with image
coilbri-lemongrass-incense-10-sticks,Coilbri Lemongrass Incense - 10 Sticks,CL10-A01,260.00,active,Colibri Incense,"Colibri, Colibri > Incense, Colibri > Incense > Incense Sticks, Home Essences, Home Essences > Fragrance for Spaces > Incense, Home Essences > Fragrance for Spaces > Incense > Colibri Incense",Yes,1,Yes,https://www.maroma.com/product/lemongrass-standard-incense/,product,https://maroma-development-sgw0qzbd.myshopify.com/products/coilbri-lemongrass-incense-10-sticks,coilbri lemongrass incense 10 sticks,1,Keep,Live on maroma.com with image
colibri-body-gel-100ml,Colibri Body Gel - 100ml,CL16-A22,545.00,active,Body Care,"Body Care, Colibri",No,0,No,https://www.maroma.com/?s=Colibri%20Body%20Gel%20-%20100ml,search,https://maroma-development-sgw0qzbd.myshopify.com/products/colibri-body-gel-100ml,colibri body gel 100ml,1,Review — no image,Missing image in Shopify
colibri-body-lotion-100ml,Colibri Body Lotion - 100ml,CL16-A01,650.00,active,Body Care,"Body Care, Colibri",No,0,No,https://www.maroma.com/?s=Colibri%20Body%20Lotion%20-%20100ml,search,https://maroma-development-sgw0qzbd.myshopify.com/products/colibri-body-lotion-100ml,colibri body lotion 100ml,1,Review — no image,Missing image in Shopify
colibri-candle-in-a-terracotta-clay-pot,Colibri Candle in a Terracotta Clay Pot,CA39-A01,385.00,active,Home Essences,"Colibri, Home Essences",Yes,1,Yes,https://www.maroma.com/product/claypot/,product,https://maroma-development-sgw0qzbd.myshopify.com/products/colibri-candle-in-a-terracotta-clay-pot,colibri candle in a terracotta clay pot,1,Keep,Live on maroma.com with image
colibri-cedarwood-body-spray,Colibri Cedarwood Body Spray,CL16-A11,690.00,active,Colibri Incense,"Body Care, Colibri, Colibri > Body, Colibri > Body > Body Spray, Geranium, Himalayan Cedarwood, Home Essences > Fragrance for Spaces > Incense > Colibri Incense, Neem, Vetiver",Yes,1,Yes,https://www.maroma.com/product/cedarwood-colibri-spray/,product,https://maroma-development-sgw0qzbd.myshopify.com/products/colibri-cedarwood-body-spray,colibri cedarwood body spray,1,Keep,Live on maroma.com with image
colibri-cedarwood-cylindric-candle-with-terracotta,Colibri Cedarwood Cylindric Candle with Terracotta,CA11-A95 Colibri Cedarwood,1200.00,active,Pillar,"Colibri, Gifting, Home Essences, Home Essences > Ambience & Decor > Candles, Home Essences > Ambience & Decor > Candles > Pillar",Yes,1,No,https://www.maroma.com/?s=Colibri%20Cedarwood%20Cylindric%20Candle%20with%20Terracotta,search,https://maroma-development-sgw0qzbd.myshopify.com/products/colibri-cedarwood-cylindric-candle-with-terracotta,colibri cedarwood cylindric candle with terracotta,1,Keep,
colibri-cedarwood-hanging-sachet,Colibri Cedarwood Hanging Sachet,CL13-A24,335.00,active,Colibri Anti Moth,"Colibri, Colibri > Home, Colibri > Home > Sachets, Home Essences, Home Essences > Fragrance for Spaces > Fragrance Sachets, Home Essences > Fragrance for Spaces > Fragrance Sachets > Colibri Anti Moth",Yes,1,Yes,https://www.maroma.com/product/cedarwood-hanging-sachet/,product,https://maroma-development-sgw0qzbd.myshopify.com/products/colibri-cedarwood-hanging-sachet,colibri cedarwood hanging sachet,1,Keep,Live on maroma.com with image
colibri-cedarwood-leaf-incense,Colibri Cedarwood Leaf Incense,CL10-A23,280.00,active,Smudge Leaf Incense,"Colibri, Colibri > Incense, Colibri > Incense > Leaf Incense, Home Essences, Home Essences > Everyday Essentials, Home Essences > Everyday Essentials > Colibri Range, Home Essences > Fragrance for Spaces > Incense, Home Essences > Fragrance for Spaces > Incense > Colibri Incense, Home Essences > Fragrance for Spaces > Incense > Smudge Leaf Incense",Yes,1,Yes,https://www.maroma.com/product/cedarwood-leaf-incense/,product,https://maroma-development-sgw0qzbd.myshopify.com/products/colibri-cedarwood-leaf-incense,colibri cedarwood leaf incense,1,Keep,Live on maroma.com with image
colibri-cedarwood-sachet-pack-of-3,Colibri Cedarwood Sachet - Pack of 3,CL13-A30,640.00,active,Colibri Anti Moth,"Colibri, Colibri > Home, Colibri > Home > Sachets, Home Essences, Home Essences > Fragrance for Spaces > Fragrance Sachets, Home Essences > Fragrance for Spaces > Fragrance Sachets > Colibri Anti Moth",Yes,1,Yes,https://www.maroma.com/product/cedarwood-square-sachet-pack-of-3/,product,https://maroma-development-sgw0qzbd.myshopify.com/products/colibri-cedarwood-sachet-pack-of-3,colibri cedarwood sachet pack of 3,1,Keep,Live on maroma.com with image
colibri-lavender-body-spray,Colibri Lavender Body Spray,CL16-A04,690.00,active,Colibri Incense,"Body Care, Colibri, Colibri > Body, Colibri > Body > Body Spray, Geranium, Home Essences > Fragrance for Spaces > Incense > Colibri Incense, Lavender, Neem, Vetiver",Yes,1,Yes,https://www.maroma.com/product/lavender-colibri-spray/,product,https://maroma-development-sgw0qzbd.myshopify.com/products/colibri-lavender-body-spray,colibri lavender body spray,1,Keep,Live on maroma.com with image
colibri-lavender-cylindric-candle-with-terracotta,Colibri Lavender Cylindric Candle with Terracotta,CA11-A95 Colibri Lavender,1200.00,active,Pillar,"Colibri, Home Essences, Home Essences > Ambience & Decor > Candles, Home Essences > Ambience & Decor > Candles > Pillar",Yes,1,No,https://www.maroma.com/?s=Colibri%20Lavender%20Cylindric%20Candle%20with%20Terracotta,search,https://maroma-development-sgw0qzbd.myshopify.com/products/colibri-lavender-cylindric-candle-with-terracotta,colibri lavender cylindric candle with terracotta,1,Keep,
colibri-lavender-diffuser-mats-pack-of-10,Colibri Lavender Diffuser Mats - Pack of 10,CL35-A10,600.00,active,Perfume Mat,"Colibri, Colibri > Home, Colibri > Home > Diffuser Mats, Home Essences, Home Essences > Everyday Essentials, Home Essences > Fragrance for Spaces > Diffusers & Ambient Perfumes > Perfume Mat",Yes,1,Yes,https://www.maroma.com/product/lavender-mat-box-pack-of-10/,product,https://maroma-development-sgw0qzbd.myshopify.com/products/colibri-lavender-diffuser-mats-pack-of-10,colibri lavender diffuser mats pack of 10,1,Keep,Live on maroma.com with image
colibri-lavender-hanging-sachet,Colibri Lavender Hanging Sachet,CL13-A07,335.00,active,Colibri Anti Moth,"Colibri, Colibri > Home, Colibri > Home > Sachets, Home Essences, Home Essences > Fragrance for Spaces > Fragrance Sachets, Home Essences > Fragrance for Spaces > Fragrance Sachets > Colibri Anti Moth",Yes,1,Yes,https://www.maroma.com/product/lavender-hanging-sachet/,product,https://maroma-development-sgw0qzbd.myshopify.com/products/colibri-lavender-hanging-sachet,colibri lavender hanging sachet,1,Keep,Live on maroma.com with image
colibri-lavender-leaf-incense,Colibri Lavender Leaf Incense,CL10-A22,280.00,active,Smudge Leaf Incense,"Colibri, Colibri > Incense, Colibri > Incense > Leaf Incense, Home Essences, Home Essences > Everyday Essentials, Home Essences > Everyday Essentials > Colibri Range, Home Essences > Fragrance for Spaces > Incense, Home Essences > Fragrance for Spaces > Incense > Colibri Incense, Home Essences > Fragrance for Spaces > Incense > Smudge Leaf Incense",Yes,1,Yes,https://www.maroma.com/product/lavender-leaf-incense/,product,https://maroma-development-sgw0qzbd.myshopify.com/products/colibri-lavender-leaf-incense,colibri lavender leaf incense,1,Keep,Live on maroma.com with image
colibri-lavender-oil-10ml,Colibri Lavender Oil - 10ml,CL14-A02,555.00,active,Colibri Essential Oils,"Colibri, Colibri > Home, Colibri > Home > Essential Oils, Home Essences, Home Essences > Everyday Essentials, Home Essences > Everyday Essentials > Colibri Range, Home Essences > Fragrance for Spaces > Essential Oils, Home Essences > Fragrance for Spaces > Essential Oils > Colibri Essential Oils",Yes,1,Yes,https://www.maroma.com/product/lavender-colibri-oil/,product,https://maroma-development-sgw0qzbd.myshopify.com/products/colibri-lavender-oil-10ml,colibri lavender oil 10ml,1,Keep,Live on maroma.com with image
colibri-lavender-rollon-9ml,Colibri Lavender Rollon - 9ml,CL16-A08,200.00,active,Body Care,"Body Care, Colibri",Yes,1,No,https://www.maroma.com/?s=Colibri%20Lavender%20Rollon%20-%209ml,search,https://maroma-development-sgw0qzbd.myshopify.com/products/colibri-lavender-rollon-9ml,colibri lavender rollon 9ml,1,Keep,
colibri-lavender-sachet-pack-of-3,Colibri Lavender Sachet - Pack of 3,CL13-A29,640.00,active,Colibri Anti Moth,"Colibri, Colibri > Home, Colibri > Home > Sachets, Home Essences, Home Essences > Fragrance for Spaces > Fragrance Sachets, Home Essences > Fragrance for Spaces > Fragrance Sachets > Colibri Anti Moth",Yes,1,Yes,https://www.maroma.com/product/lavender-square-sachet-pack-of-3/,product,https://maroma-development-sgw0qzbd.myshopify.com/products/colibri-lavender-sachet-pack-of-3,colibri lavender sachet pack of 3,1,Keep,Live on maroma.com with image
colibri-lemongrass-body-spray,Colibri Lemongrass Body Spray,CL16-A03,690.00,active,Colibri Incense,"Body Care, Colibri, Colibri > Body, Colibri > Body > Body Spray, Himalayan Cedarwood, Home Essences > Fragrance for Spaces > Incense > Colibri Incense, Lemongrass, Neem, Vetiver",Yes,1,Yes,https://www.maroma.com/product/lemongrass-colibri-spray/,product,https://maroma-development-sgw0qzbd.myshopify.com/products/colibri-lemongrass-body-spray,colibri lemongrass body spray,1,Keep,Live on maroma.com with image
colibri-lemongrass-cylindric-candle-with-terracotta,Colibri Lemongrass Cylindric Candle with Terracotta,CA11-A95 Colibri Lemongrass,1200.00,active,Pillar,"Colibri, Gifting, Home Essences, Home Essences > Ambience & Decor > Candles, Home Essences > Ambience & Decor > Candles > Pillar",Yes,1,No,https://www.maroma.com/?s=Colibri%20Lemongrass%20Cylindric%20Candle%20with%20Terracotta,search,https://maroma-development-sgw0qzbd.myshopify.com/products/colibri-lemongrass-cylindric-candle-with-terracotta,colibri lemongrass cylindric candle with terracotta,1,Keep,
colibri-lemongrass-diffuser-mats-pack-of-10,Colibri Lemongrass Diffuser Mats - Pack of 10,CL35-A09,600.00,active,Perfume Mat,"Colibri, Colibri > Home, Colibri > Home > Diffuser Mats, Home Essences, Home Essences > Everyday Essentials, Home Essences > Everyday Essentials > Colibri Range, Home Essences > Fragrance for Spaces > Diffusers & Ambient Perfumes > Perfume Mat",Yes,1,Yes,https://www.maroma.com/product/lemongrass-mat-box-pack-of-10/,product,https://maroma-development-sgw0qzbd.myshopify.com/products/colibri-lemongrass-diffuser-mats-pack-of-10,colibri lemongrass diffuser mats pack of 10,1,Keep,Live on maroma.com with image
colibri-lemongrass-hanging-sachet,Colibri Lemongrass Hanging Sachet,CL13-A01,335.00,active,Colibri Anti Moth,"Colibri, Colibri > Home, Colibri > Home > Sachets, Home Essences, Home Essences > Everyday Essentials, Home Essences > Everyday Essentials > Colibri Range, Home Essences > Fragrance for Spaces > Fragrance Sachets, Home Essences > Fragrance for Spaces > Fragrance Sachets > Colibri Anti Moth",Yes,1,Yes,https://www.maroma.com/product/lemongrass-hanging-sachet/,product,https://maroma-development-sgw0qzbd.myshopify.com/products/colibri-lemongrass-hanging-sachet,colibri lemongrass hanging sachet,1,Keep,Live on maroma.com with image
colibri-lemongrass-leaf-incense,Colibri Lemongrass Leaf Incense,CL10-A21,280.00,active,Smudge Leaf Incense,"Colibri, Colibri > Incense > Leaf Incense, Home Essences, Home Essences > Everyday Essentials, Home Essences > Everyday Essentials > Colibri Range, Home Essences > Fragrance for Spaces > Incense, Home Essences > Fragrance for Spaces > Incense > Colibri Incense, Home Essences > Fragrance for Spaces > Incense > Smudge Leaf Incense",Yes,1,Yes,https://www.maroma.com/product/lemongrass-leaf-incense/,product,https://maroma-development-sgw0qzbd.myshopify.com/products/colibri-lemongrass-leaf-incense,colibri lemongrass leaf incense,1,Keep,Live on maroma.com with image
colibri-lemongrass-oil-10ml,Colibri Lemongrass Oil - 10ml,CL14-A01,555.00,active,Colibri Essential Oils,"Colibri, Colibri > Home, Colibri > Home > Essential Oils, Home Essences, Home Essences > Fragrance for Spaces > Essential Oils, Home Essences > Fragrance for Spaces > Essential Oils > Colibri Essential Oils",Yes,1,Yes,https://www.maroma.com/product/lemongrass-colibri-oil/,product,https://maroma-development-sgw0qzbd.myshopify.com/products/colibri-lemongrass-oil-10ml,colibri lemongrass oil 10ml,1,Keep,Live on maroma.com with image
colibri-lemongrass-rollon-9ml,Colibri Lemongrass Rollon - 9ml,CL16-A07,200.00,active,Body Care,"Body Care, Colibri",Yes,1,No,https://www.maroma.com/?s=Colibri%20Lemongrass%20Rollon%20-%209ml,search,https://maroma-development-sgw0qzbd.myshopify.com/products/colibri-lemongrass-rollon-9ml,colibri lemongrass rollon 9ml,1,Keep,
colibri-lemongrass-solid-stick,Colibri Lemongrass Solid Stick,CL16-A25,1090.00,active,Solid Stick,"Body Care, Coconut, Colibri, Colibri > Body, Colibri > Body > Solid Stick, Himalayan Cedarwood, Lemongrass, Neem, Vetiver",Yes,1,Yes,https://www.maroma.com/product/colibri-lemongrass-solid-stick/,product,https://maroma-development-sgw0qzbd.myshopify.com/products/colibri-lemongrass-solid-stick,colibri lemongrass solid stick,1,Keep,Live on maroma.com with image
colibri-lemongrass-spray-10ml,Colibri Lemongrass Spray - 10ml,CL16-A05,200.00,active,Body Care,"Body Care, Colibri, new",No,0,No,https://www.maroma.com/?s=Colibri%20Lemongrass%20Spray%20-%2010ml,search,https://maroma-development-sgw0qzbd.myshopify.com/products/colibri-lemongrass-spray-10ml,colibri lemongrass spray 10ml,1,Review — no image,Missing image in Shopify
colibri-lemongrass-square-sachet-pack-of-3,Colibri Lemongrass Square Sachet - Pack of 3,CL13-A28,640.00,active,Colibri Anti Moth,"Colibri, Colibri > Home, Colibri > Home > Sachets, Home Essences, Home Essences > Fragrance for Spaces > Fragrance Sachets, Home Essences > Fragrance for Spaces > Fragrance Sachets > Colibri Anti Moth",Yes,1,Yes,https://www.maroma.com/product/lemongrass-square-sachet-pack-of-3/,product,https://maroma-development-sgw0qzbd.myshopify.com/products/colibri-lemongrass-square-sachet-pack-of-3,colibri lemongrass square sachet pack of 3,1,Keep,Live on maroma.com with image
colibri-post-9ml,Colibri Post - 9ml,CL16-A09,200.00,active,Body Care,"Body Care, Colibri",Yes,1,No,https://www.maroma.com/?s=Colibri%20Post%20-%209ml,search,https://maroma-development-sgw0qzbd.myshopify.com/products/colibri-post-9ml,colibri post 9ml,1,Keep,
colibri-roll-on-spray-set,Colibri Roll-On & Spray Set,Cl16-A13,770.00,active,Body Spray,"Aloe Vera, Body Care, Cedarwood, Colibri, Colibri > Body, Colibri > Body > Body Spray, Lavender, Lemongrass",Yes,1,Yes,https://www.maroma.com/product/colibri-rollon-and-spray/,product,https://maroma-development-sgw0qzbd.myshopify.com/products/colibri-roll-on-spray-set,colibri roll on spray set,1,Keep,Live on maroma.com with image
colibri-spiral-pack-of-2,Colibri Spiral (Pack of 2),CL34-A03,315.00,active,Colibri Incense,"Colibri, Colibri > Incense, Colibri > Incense > Incense Spiral, Home Essences, Home Essences > Everyday Essentials, Home Essences > Everyday Essentials > Colibri Range, Home Essences > Fragrance for Spaces > Incense > Colibri Incense",Yes,1,Yes,https://www.maroma.com/product/colibri-spiral-pack-of-2/,product,https://maroma-development-sgw0qzbd.myshopify.com/products/colibri-spiral-pack-of-2,colibri spiral pack of 2,1,Keep,Live on maroma.com with image
colibri-spiral-pack-of-6,Colibri Spiral (Pack of 6),CL34-A04,695.00,active,Colibri Incense,"Colibri, Colibri > Incense, Colibri > Incense > Incense Spiral, Home Essences, Home Essences > Fragrance for Spaces > Incense > Colibri Incense",Yes,1,Yes,https://www.maroma.com/product/colibri-spiral-pack-of-6-in-box/,product,https://maroma-development-sgw0qzbd.myshopify.com/products/colibri-spiral-pack-of-6,colibri spiral pack of 6,1,Keep,Live on maroma.com with image
corporate-gift-set,Corporate Gift Set,EA29-E64,1250.00,active,Gift Sets,"Gifting, Gifting > Gift Sets",Yes,1,No,https://www.maroma.com/?s=Corporate%20Gift%20Set,search,https://maroma-development-sgw0qzbd.myshopify.com/products/corporate-gift-set,corporate gift set,1,Keep,
cosmos,Cosmos,,31120.00,active,Art Candles,Home Essences > Ambience & Decor > Art Candles,Yes,1,No,https://www.maroma.com/?s=Cosmos,search,https://maroma-development-sgw0qzbd.myshopify.com/products/cosmos,cosmos,1,Keep,
cosmos-5-34kg,Cosmos-5.34kg,TL16-T66-1,0.00,active,Art Candles,Home Essences > Ambience & Decor > Art Candles,Yes,1,No,https://www.maroma.com/?s=Cosmos-5.34kg,search,https://maroma-development-sgw0qzbd.myshopify.com/products/cosmos-5-34kg,cosmos 5 34kg,1,Keep,
courage,Courage,,21460.00,active,Art Candles,Home Essences > Ambience & Decor > Art Candles,Yes,1,No,https://www.maroma.com/?s=Courage,search,https://maroma-development-sgw0qzbd.myshopify.com/products/courage,courage,1,Keep,
courage-sama-incense-50-sticks,Courage Sama Incense - 50 Sticks,SL10-A11,600.00,active,Bulk Incense 50 Sticks,"Home Essences, Home Essences > Fragrance for Spaces > Incense, Home Essences > Fragrance for Spaces > Incense > Bulk Incense 50 Sticks",Yes,1,No,https://www.maroma.com/?s=Courage%20Sama%20Incense%20-%2050%20Sticks,search,https://maroma-development-sgw0qzbd.myshopify.com/products/courage-sama-incense-50-sticks,courage sama incense 50 sticks,1,Keep,
cranberry-100gms,Cranberry - 100gms,CA11-B02 CY,360.00,active,Pillar,"Home Essences, Home Essences > Ambience & Decor > Candles, Home Essences > Ambience & Decor > Candles > Pillar",Yes,1,No,https://www.maroma.com/?s=Cranberry%20-%20100gms,search,https://maroma-development-sgw0qzbd.myshopify.com/products/cranberry-100gms,cranberry,1,Keep,
cranberry-incense-sticks,Cranberry Incense Sticks,EA10-A44,260.00,active,Encens D’auroville,"Encens D'Auroville, Energizing & Uplifting, Home Essences, Home Essences > Fragrance for Spaces > Incense, Home Essences > Fragrance for Spaces > Incense > Encens D’auroville",Yes,1,Yes,https://www.maroma.com/product/cranberry-10-incense-sticks/,product,https://maroma-development-sgw0qzbd.myshopify.com/products/cranberry-incense-sticks,cranberry incense sticks,1,Keep,Live on maroma.com with image
cranberry-mist-hanging-perfumed-sachet,Cranberry Mist Hanging Perfumed Sachet,EA13-B13,335.00,active,Wardrobe Sachet-Aromatic,"Featured, Home Essences, Home Essences > Fragrance for Spaces > Fragrance Sachets, Home Essences > Fragrance for Spaces > Fragrance Sachets > Wardrobe Sachet-Aromatic",Yes,1,Yes,https://www.maroma.com/product/perfumed-hanging-sachet-cranberry-mist/,product,https://maroma-development-sgw0qzbd.myshopify.com/products/cranberry-mist-hanging-perfumed-sachet,cranberry mist hanging perfumed sachet,1,Keep,Live on maroma.com with image
cranberry-mist-perfume-oil,Cranberry Mist Perfume Oil,EA14-D15,650.00,active,Perfume Oil & Roll On,"Bottle, Cassia, Citrus & Fresh, Fruity, Orange, Perfumes, Perfumes > Perfume Oil & Roll On, Roll On, Vanilla",Yes,1,No,https://www.maroma.com/?s=Cranberry%20Mist%20Perfume%20Oil,search,https://maroma-development-sgw0qzbd.myshopify.com/products/cranberry-mist-perfume-oil,cranberry mist perfume oil,1,Keep,
cranberry-mist-roll-on-perfume-oil,Cranberry Mist Roll On/Perfume Oil,EA14-D15-BOTTLE,650.00,active,Perfume Oil & Roll On,"Bottle, Cassia, Citrus & Fresh, Fruity, Orange, Perfumes, Perfumes > Perfume Oil & Roll On, Roll On, Vanilla",Yes,1,No,https://www.maroma.com/?s=Cranberry%20Mist%20Roll%20On%2FPerfume%20Oil,search,https://maroma-development-sgw0qzbd.myshopify.com/products/cranberry-mist-roll-on-perfume-oil,cranberry mist roll on perfume oil,1,Keep,
cranberry-pillar-candle,Cranberry Pillar Candle,CN11-C04,360.00,active,Pillar,"Home Essences, Home Essences > Ambience & Decor > Candles, Home Essences > Ambience & Decor > Candles > Pillar",Yes,1,No,https://www.maroma.com/?s=Cranberry%20Pillar%20Candle,search,https://maroma-development-sgw0qzbd.myshopify.com/products/cranberry-pillar-candle,cranberry pillar candle,1,Keep,
cranberry-votive-250g,Cranberry Votive - 250g,CA39-B04,1425.00,active,Votive,"Home Essences, Home Essences > Ambience & Decor > Candles > Votive",Yes,1,Yes,https://www.maroma.com/product/cranberry-250gms/,product,https://maroma-development-sgw0qzbd.myshopify.com/products/cranberry-votive-250g,cranberry votive 250g,1,Keep,Live on maroma.com with image
crimson-ripple-heart-rose-scented-candle,Crimson Ripple Heart Rose Scented Candle,CA11-A93,400.00,active,Candles,"Gifting > Gift Sets, Home Essences > Ambience & Decor > Candles, Valentine's Day Special",Yes,1,No,https://www.maroma.com/?s=Crimson%20Ripple%20Heart%20Rose%20Scented%20Candle,search,https://maroma-development-sgw0qzbd.myshopify.com/products/crimson-ripple-heart-rose-scented-candle,crimson ripple heart rose scented candle,1,Keep,
cypress-eucalyptus-cone-incense,Cypress Eucalyptus Cone Incense,EA27-A29,260.00,active,Cone Incense,"Encens D'Auroville, Encens D'Auroville > Cone Incense, Home Essences, Home Essences > Fragrance for Spaces > Incense, Home Essences > Fragrance for Spaces > Incense > Cone Incense",Yes,1,Yes,https://www.maroma.com/product/cypress-eucalyptus-cone-incense/,product,https://maroma-development-sgw0qzbd.myshopify.com/products/cypress-eucalyptus-cone-incense,cypress eucalyptus cone incense,1,Keep,Live on maroma.com with image
cypress-eucalyptus-incense-sticks,Cypress Eucalyptus Incense Sticks,EA10-A66,260.00,active,Encens D’auroville,"100% natural, Encens D'Auroville, Energizing & Uplifting, Home Essences, Home Essences > Fragrance for Spaces > Incense, Home Essences > Fragrance for Spaces > Incense > Encens D’auroville, Refreshing & Cleansing",Yes,1,Yes,https://www.maroma.com/product/cypress-eucalyptus-10-incense-sticks/,product,https://maroma-development-sgw0qzbd.myshopify.com/products/cypress-eucalyptus-incense-sticks,cypress eucalyptus incense sticks,1,Keep,Live on maroma.com with image
cypress-eucalyptus-juniper,Cypress Eucalyptus & Juniper,EA26-D11,440.00,active,Smudge Leaf Incense,"Home Essences, Home Essences > Ambience & Decor > Ceramics > Incense Holder, Home Essences > Fragrance for Spaces > Incense, Home Essences > Fragrance for Spaces > Incense > Smudge Leaf Incense",Yes,1,No,https://www.maroma.com/?s=Cypress%20Eucalyptus%20%26%20Juniper,search,https://maroma-development-sgw0qzbd.myshopify.com/products/cypress-eucalyptus-juniper,cypress eucalyptus juniper,1,Keep,
deep-blue,Deep Blue,,78440.00,active,Art Candles,Home Essences > Ambience & Decor > Art Candles,Yes,1,No,https://www.maroma.com/?s=Deep%20Blue,search,https://maroma-development-sgw0qzbd.myshopify.com/products/deep-blue,deep blue,1,Keep,
delight-aromatherapy-roll-on-perfume,Delight Aromatherapy Roll-On Perfume,MS14-B02,550.00,active,Aromatherapy Roll On,"100% natural, Bitter Orange, Cardamom, Citrus & Fresh, Clary Sage, Energizing & Uplifting, Floral, Grapeseed, Perfumes, Perfumes > Aromatherapy, Perfumes > Aromatherapy > Aromatherapy Roll On",Yes,1,Yes,https://www.maroma.com/product/aromatherapy-pulse-point-rollon-delight-10ml/,product,https://maroma-development-sgw0qzbd.myshopify.com/products/delight-aromatherapy-roll-on-perfume,delight aromatherapy roll on perfume,1,Keep,Live on maroma.com with image
delight-room-mist,Delight Room Mist,MS14-C04,470.00,active,Room Mist,"Home Essences, Home Essences > Fragrance for Spaces > Room Mist",Yes,1,Yes,https://www.maroma.com/product/room-mist-happy-vibes/,product,https://maroma-development-sgw0qzbd.myshopify.com/products/delight-room-mist,delight room mist,1,Keep,Live on maroma.com with image
desert-dunes-cone-incense,Desert Dunes Cone Incense,EA27-A03,260.00,active,Cone Incense,"Encens D'Auroville, Encens D'Auroville > Cone Incense, Home Essences, Home Essences > Fragrance for Spaces > Incense, Home Essences > Fragrance for Spaces > Incense > Cone Incense",Yes,1,Yes,https://www.maroma.com/product/desert-dunes-cone-incense/,product,https://maroma-development-sgw0qzbd.myshopify.com/products/desert-dunes-cone-incense,desert dunes cone incense,1,Keep,Live on maroma.com with image
desert-dunes-essential-gift-set,Desert Dunes Essential Gift Set,CA29-C30,760.00,active,Gift Sets,"Gifting, Gifting > Gift Sets",Yes,1,Yes,https://www.maroma.com/product/desert-dunes-essential-gift-set/,product,https://maroma-development-sgw0qzbd.myshopify.com/products/desert-dunes-essential-gift-set,desert dunes essential gift set,1,Keep,Live on maroma.com with image
desert-dunes-incense-sticks,Desert Dunes Incense Sticks,EA10-A10,260.00,active,Encens D’auroville,"Encens D'Auroville, Energizing & Uplifting, Home Essences, Home Essences > Fragrance for Spaces > Incense, Home Essences > Fragrance for Spaces > Incense > Encens D’auroville",Yes,1,Yes,https://www.maroma.com/product/desert-dunes-10-incense-sticks/,product,https://maroma-development-sgw0qzbd.myshopify.com/products/desert-dunes-incense-sticks,desert dunes incense sticks,1,Keep,Live on maroma.com with image
desert-spring-oceans-into-the-night-60gms-each-triple-scented-pack-of-2,"Desert Spring, Oceans, Into the Night - 60gms. Each Triple Scented (Pack of 2)",CA11-R03,420.00,active,Pillar,"Home Essences, Home Essences > Ambience & Decor > Candles, Home Essences > Ambience & Decor > Candles > Pillar",Yes,1,Yes,https://www.maroma.com/product/desertspring-oceans-intothenight-75gms-triple-scented/,product,https://maroma-development-sgw0qzbd.myshopify.com/products/desert-spring-oceans-into-the-night-60gms-each-triple-scented-pack-of-2,desert spring oceans into the night each triple scented pack of 2,1,Keep,Live on maroma.com with image
desert-spring-oceans-into-the-night-100gms-triple-scented,"Desert Spring, Oceans, Into the Night - 100gms Triple Scented",,370.00,active,Pillar,"Home Essences, Home Essences > Ambience & Decor > Candles, Home Essences > Ambience & Decor > Candles > Pillar",Yes,1,No,https://www.maroma.com/?s=Desert%20Spring%2C%20Oceans%2C%20Into%20the%20Night%20-%20100gms%20Triple%20Scented,search,https://maroma-development-sgw0qzbd.myshopify.com/products/desert-spring-oceans-into-the-night-100gms-triple-scented,desert spring oceans into the night triple scented,1,Keep,
desert-spring-oceans-into-the-night-triple-scented-candle,"Desert Spring, Oceans, Into the Night Triple Scented Candle",,370.00,active,Pillar,"Home Essences, Home Essences > Ambience & Decor > Candles, Home Essences > Ambience & Decor > Candles > Pillar",Yes,1,No,https://www.maroma.com/?s=Desert%20Spring%2C%20Oceans%2C%20Into%20the%20Night%20Triple%20Scented%20Candle,search,https://maroma-development-sgw0qzbd.myshopify.com/products/desert-spring-oceans-into-the-night-triple-scented-candle,desert spring oceans into the night triple scented candle,1,Keep,
desert-spring-potpourri,Desert Spring Potpourri,EA17-E22,710.00,active,Potpourri,"Home Essences, Home Essences > Fragrance for Spaces > Potpourri",Yes,1,Yes,https://www.maroma.com/product/potpourri-desert-spring/,product,https://maroma-development-sgw0qzbd.myshopify.com/products/desert-spring-potpourri,desert spring potpourri,1,Keep,Live on maroma.com with image
desert-spring-reed-diffuser,Desert Spring Reed Diffuser,EA14-H59,3485.00,active,Reed Diffuser,"Home Essences, Home Essences > Everyday Essentials > Home Essentials, Home Essences > Everyday Essentials > Home Essentials > Diffuser & Accessories, Home Essences > Fragrance for Spaces, Home Essences > Fragrance for Spaces > Diffusers & Ambient Perfumes > Reed Diffuser",Yes,1,No,https://www.maroma.com/?s=Desert%20Spring%20Reed%20Diffuser,search,https://maroma-development-sgw0qzbd.myshopify.com/products/desert-spring-reed-diffuser,desert spring reed diffuser,1,Keep,
devi-gift-set-the-spirit-of-divine-fragrance,Devi Gift Set. The Spirit of Divine Fragrance,EA29-E59,2275.00,active,Gift Sets,"Gifting, Gifting > Gift Sets",Yes,1,Yes,https://www.maroma.com/product/devi-gift-set-the-spirit-of-divine-fragrance/,product,https://maroma-development-sgw0qzbd.myshopify.com/products/devi-gift-set-the-spirit-of-divine-fragrance,devi gift set the spirit of divine fragrance,1,Keep,Live on maroma.com with image
devi-perfume-audacity-10ml,Devi Perfume Audacity - 10ml,MD14-A01,650.00,active,Perfume Oil & Roll On,"Perfumes, Perfumes > Perfume Oil & Roll On",Yes,1,No,https://www.maroma.com/?s=Devi%20Perfume%20Audacity%20-%2010ml,search,https://maroma-development-sgw0qzbd.myshopify.com/products/devi-perfume-audacity-10ml,devi perfume audacity 10ml,1,Keep,
devi-perfume-mastery-10ml,Devi Perfume Mastery - 10ml,MD14-A02,650.00,active,Perfume Oil & Roll On,"Perfumes, Perfumes > Perfume Oil & Roll On",Yes,1,No,https://www.maroma.com/?s=Devi%20Perfume%20Mastery%20-%2010ml,search,https://maroma-development-sgw0qzbd.myshopify.com/products/devi-perfume-mastery-10ml,devi perfume mastery 10ml,1,Keep,
devi-perfume-serenity-10ml,Devi Perfume Serenity - 10ml,MD14-A03,650.00,active,Perfume Oil & Roll On,"Perfumes, Perfumes > Perfume Oil & Roll On",Yes,1,No,https://www.maroma.com/?s=Devi%20Perfume%20Serenity%20-%2010ml,search,https://maroma-development-sgw0qzbd.myshopify.com/products/devi-perfume-serenity-10ml,devi perfume serenity 10ml,1,Keep,
devotion-kalki-incense-50-sticks,Devotion Kalki Incense - 50 Sticks,KI10-D04,600.00,active,Bulk Incense 50 Sticks,"Home Essences, Home Essences > Fragrance for Spaces > Incense, Home Essences > Fragrance for Spaces > Incense > Bulk Incense 50 Sticks",Yes,1,No,https://www.maroma.com/?s=Devotion%20Kalki%20Incense%20-%2050%20Sticks,search,https://maroma-development-sgw0qzbd.myshopify.com/products/devotion-kalki-incense-50-sticks,devotion kalki incense 50 sticks,1,Keep,
devotional-jasmine-guru-incense-pack-of-50,Devotional Jasmine Guru Incense - Pack of 50,RI10-C22,600.00,active,Bulk Incense 50 Sticks,"Home Essences, Home Essences > Fragrance for Spaces > Incense, Home Essences > Fragrance for Spaces > Incense > Bulk Incense 50 Sticks",Yes,1,Yes,https://www.maroma.com/product/guru-bulk-incense-devotional-jasmine/,product,https://maroma-development-sgw0qzbd.myshopify.com/products/devotional-jasmine-guru-incense-pack-of-50,devotional jasmine guru incense pack of 50,1,Keep,Live on maroma.com with image
diffuser-gift-set,Diffuser Gift Set,EA29-E87,3230.00,active,Gift Sets,"Gifting, Gifting > Gift Sets",Yes,1,No,https://www.maroma.com/?s=Diffuser%20Gift%20Set,search,https://maroma-development-sgw0qzbd.myshopify.com/products/diffuser-gift-set,diffuser gift set,1,Keep,
dish-wash-graperfruit-500ml,Dish Wash Graperfruit- 500ml,CL16-E02,760.00,active,Hand Wash / Dish Wash,"Gifting, Home Essences, Home Essences > Everyday Essentials > Home Essentials > Hand Wash / Dish Wash",Yes,1,No,https://www.maroma.com/?s=Dish%20Wash%20Graperfruit-%20500ml,search,https://maroma-development-sgw0qzbd.myshopify.com/products/dish-wash-graperfruit-500ml,dish wash graperfruit 500ml,1,Keep,
diwali-gift-set,Diwali Gift set,EA29-A40,1625.00,active,Mini Soap Set,"Gifting, Gifting > Gift Sets, Gifting > Mini Soap Set",Yes,1,No,https://www.maroma.com/?s=Diwali%20Gift%20set,search,https://maroma-development-sgw0qzbd.myshopify.com/products/diwali-gift-set,diwali gift set,1,Keep,
diwali-giftset,Diwali Giftset,EA29-A39,1900.00,active,Mini Soap Set,"Gifting, Gifting > Gift Sets, Gifting > Mini Soap Set",No,0,No,https://www.maroma.com/?s=Diwali%20Giftset,search,https://maroma-development-sgw0qzbd.myshopify.com/products/diwali-giftset,diwali giftset,1,Review — no image,Missing image in Shopify
double-scented-spiral-incense-elemental-harmony,Double Scented Spiral Incense - Elemental Harmony,EA10-I22,750.00,active,Bambooless,"Home Essences, Home Essences > Fragrance for Spaces > Incense, Home Essences > Fragrance for Spaces > Incense > Bambooless, MyTest",Yes,1,Yes,https://www.maroma.com/product/double-scented-incense1/,product,https://maroma-development-sgw0qzbd.myshopify.com/products/double-scented-spiral-incense-elemental-harmony,double scented spiral incense elemental harmony,1,Keep,Live on maroma.com with image
double-scented-spiral-incense-herbal-sanctuary,Double Scented Spiral Incense - Herbal Sanctuary,EA10-I21,750.00,active,Bambooless,"Home Essences, Home Essences > Fragrance for Spaces > Incense, Home Essences > Fragrance for Spaces > Incense > Bambooless",Yes,1,Yes,https://www.maroma.com/product/double-scented-incense/,product,https://maroma-development-sgw0qzbd.myshopify.com/products/double-scented-spiral-incense-herbal-sanctuary,double scented spiral incense herbal sanctuary,1,Keep,Live on maroma.com with image
dream-aromatherapy-roll-on-perfume,Dream Aromatherapy Roll-On Perfume,MS14-B03,550.00,active,Aromatherapy Roll On,"100% natural, Calming & Grounding, Chamomile, Floral, Grapeseed, Lavender, Neroli, Perfumes, Perfumes > Aromatherapy, Perfumes > Aromatherapy > Aromatherapy Roll On, Spikenard",Yes,1,Yes,https://www.maroma.com/product/dream-aromatherapy-roll-on-perfume/,product,https://maroma-development-sgw0qzbd.myshopify.com/products/dream-aromatherapy-roll-on-perfume,dream aromatherapy roll on perfume,1,Keep,Live on maroma.com with image
dream-room-mist,Dream Room Mist,MS14-C09,470.00,active,Room Mist,"Home Essences, Home Essences > Fragrance for Spaces > Room Mist",Yes,1,Yes,https://www.maroma.com/product/room-mist-deep-sleep/,product,https://maroma-development-sgw0qzbd.myshopify.com/products/dream-room-mist,dream room mist,1,Keep,Live on maroma.com with image
earth-and-wood-incense-assortment-100-natural,Earth and Wood Incense Assortment 100% Natural,EA10-A90,260.00,active,Encens D’auroville,"Encens D'Auroville, Energizing & Uplifting, Home Essences, Home Essences > Fragrance for Spaces > Incense, Home Essences > Fragrance for Spaces > Incense > Encens D’auroville, Joyful & Playful",Yes,1,Yes,https://www.maroma.com/product/earth-wood-incense-assortment/,product,https://maroma-development-sgw0qzbd.myshopify.com/products/earth-and-wood-incense-assortment-100-natural,earth and wood incense assortment 100 natural,1,Keep,Live on maroma.com with image
effervescence,Effervescence,,23385.00,active,Art Candles,Home Essences > Ambience & Decor > Art Candles,Yes,1,No,https://www.maroma.com/?s=Effervescence,search,https://maroma-development-sgw0qzbd.myshopify.com/products/effervescence,effervescence,1,Keep,
elemi-incense-sticks,Elemi Incense Sticks,AL10-A02,260.00,active,Encens D’auroville,"Encens D'Auroville, Energizing & Uplifting, Home Essences, Home Essences > Fragrance for Spaces > Incense, Home Essences > Fragrance for Spaces > Incense > Encens D’auroville, Joyful & Playful",Yes,1,Yes,https://www.maroma.com/product/elemi-incense-sticks/,product,https://maroma-development-sgw0qzbd.myshopify.com/products/elemi-incense-sticks,elemi incense sticks,1,Keep,Live on maroma.com with image
elephant-incense-holder,Elephant Incense Holder,CC24-E49,180.00,active,Incense Holder,"Home Essences, Home Essences > Ambience & Decor, Home Essences > Ambience & Decor > Ceramics, Home Essences > Ambience & Decor > Ceramics > Incense Holder",Yes,1,Yes,https://www.maroma.com/product/elephant-incense-holder/,product,https://maroma-development-sgw0qzbd.myshopify.com/products/elephant-incense-holder,elephant incense holder,1,Keep,Live on maroma.com with image
elevate-cedar-lavender-eau-de-toilette,Elevate Cedar Lavender Eau de Toilette,,1210.00,active,Eau de Toilette,"Himalayan Cedarwood, Lavender, Men, Men > Fragrance, Men > Fragrance > Eau de Toilette, Orange, Perfumes, Perfumes > Eau de Toilette",Yes,1,No,https://www.maroma.com/?s=Elevate%20Cedar%20Lavender%20Eau%20de%20Toilette,search,https://maroma-development-sgw0qzbd.myshopify.com/products/elevate-cedar-lavender-eau-de-toilette,elevate cedar lavender eau de toilette,1,Keep,
elevate-eau-de-toilette-for-man,Elevate Eau de Toilette for Man,ML14-A51,995.00,active,Eau de Toilette,"Men, Men > Fragrance > Eau de Toilette, Perfumes, Perfumes > Eau de Toilette",Yes,1,No,https://www.maroma.com/?s=Elevate%20Eau%20de%20Toilette%20for%20Man,search,https://maroma-development-sgw0qzbd.myshopify.com/products/elevate-eau-de-toilette-for-man,elevate eau de toilette,1,Keep,
emanate-eau-de-toilette-for-man,Emanate Eau de Toilette for Man,ML14-A52,995.00,active,Eau de Toilette,"Men, Men > Fragrance > Eau de Toilette, Perfumes, Perfumes > Eau de Toilette",Yes,1,No,https://www.maroma.com/?s=Emanate%20Eau%20de%20Toilette%20for%20Man,search,https://maroma-development-sgw0qzbd.myshopify.com/products/emanate-eau-de-toilette-for-man,emanate eau de toilette,1,Keep,
emanate-olibanum-citrus-eau-de-toilette,Emanate Olibanum Citrus Eau de Toilette,,1210.00,active,Eau de Toilette,"Bergamot, GRAPEFRUIT, Men, Men > Fragrance, Men > Fragrance > Eau de Toilette, Olibanum, Perfumes, Perfumes > Eau de Toilette",Yes,1,No,https://www.maroma.com/?s=Emanate%20Olibanum%20Citrus%20Eau%20de%20Toilette,search,https://maroma-development-sgw0qzbd.myshopify.com/products/emanate-olibanum-citrus-eau-de-toilette,emanate olibanum citrus eau de toilette,1,Keep,
enchanted-amber-earth-collection,Enchanted Amber & Earth Collection,EA29-F47,2960.00,active,Gift Sets,"Gifting, Gifting > Gift Sets",Yes,1,Yes,https://www.maroma.com/product/enchanted-amber-earth-collection/,product,https://maroma-development-sgw0qzbd.myshopify.com/products/enchanted-amber-earth-collection,enchanted amber earth collection,1,Keep,Live on maroma.com with image
enchanted-forest,Enchanted Forest,Enchanted Forest,3100.00,active,Gift Sets,"Gifting, Gifting > Gift Sets",Yes,1,No,https://www.maroma.com/?s=Enchanted%20Forest,search,https://maroma-development-sgw0qzbd.myshopify.com/products/enchanted-forest,enchanted forest,1,Keep,
enchanting-lotus-guru-incense-pack-of-50,Enchanting Lotus Guru Incense - Pack of 50,RI10-C02,600.00,active,Bulk Incense 50 Sticks,"Home Essences, Home Essences > Fragrance for Spaces > Incense, Home Essences > Fragrance for Spaces > Incense > Bulk Incense 50 Sticks",Yes,1,Yes,https://www.maroma.com/product/guru-bulk-incense-purifying-sandal-2/,product,https://maroma-development-sgw0qzbd.myshopify.com/products/enchanting-lotus-guru-incense-pack-of-50,enchanting lotus guru incense pack of 50,1,Keep,Live on maroma.com with image
enchanting-votive-95gms,Enchanting Votive 95gms,MS39-A01,745.00,active,Votive,"Home Essences, Home Essences > Ambience & Decor > Candles > Votive",Yes,1,No,https://www.maroma.com/?s=Enchanting%20Votive%2095gms,search,https://maroma-development-sgw0qzbd.myshopify.com/products/enchanting-votive-95gms,enchanting votive 95gms,1,Keep,
epiphany,Epiphany,,55770.00,active,Art Candles,Home Essences > Ambience & Decor > Art Candles,Yes,1,No,https://www.maroma.com/?s=Epiphany,search,https://maroma-development-sgw0qzbd.myshopify.com/products/epiphany,epiphany,1,Keep,
eternal-light-gift-set,Eternal Light Gift Set,EA29-F36,2120.00,active,Gift Sets,"Gifting, Gifting > Gift Sets",Yes,1,Yes,https://www.maroma.com/product/eternal-light-gift-set/,product,https://maroma-development-sgw0qzbd.myshopify.com/products/eternal-light-gift-set,eternal light gift set,1,Keep,Live on maroma.com with image
ethereal-radiance,Ethereal Radiance,Evergreen Bliss-1,950.00,active,Gift Sets,"Gifting, Gifting > Gift Sets",Yes,1,No,https://www.maroma.com/?s=Ethereal%20Radiance,search,https://maroma-development-sgw0qzbd.myshopify.com/products/ethereal-radiance,ethereal radiance,1,Keep,
eucalyptus-citriodara-100-natural-essential-oil-10ml,Eucalyptus Citriodara 100% Natural Essential Oil - 10ml,NE15-A16,575.00,active,Diffuser Oils,"Home Essences, Home Essences > Fragrance for Spaces > Diffusers & Ambient Perfumes, Home Essences > Fragrance for Spaces > Diffusers & Ambient Perfumes > Diffuser Oils, Home Essences > Fragrance for Spaces > Essential Oils > Natural Essential Oil",Yes,1,Yes,https://www.maroma.com/product/natural-essential-oil-citriodara-10ml/,product,https://maroma-development-sgw0qzbd.myshopify.com/products/eucalyptus-citriodara-100-natural-essential-oil-10ml,eucalyptus citriodara 100 natural essential oil 10ml,1,Keep,Live on maroma.com with image
eucalyptus-globulus-100-natural-essential-oil-10ml,Eucalyptus Globulus 100% Natural Essential Oil - 10ml,NE15-A17,555.00,active,Diffuser Oils,"Home Essences, Home Essences > Fragrance for Spaces > Diffusers & Ambient Perfumes, Home Essences > Fragrance for Spaces > Diffusers & Ambient Perfumes > Diffuser Oils, Home Essences > Fragrance for Spaces > Essential Oils > Natural Essential Oil",Yes,1,Yes,https://www.maroma.com/product/natural-essential-oil-eucalyptus-globulus-10ml/,product,https://maroma-development-sgw0qzbd.myshopify.com/products/eucalyptus-globulus-100-natural-essential-oil-10ml,eucalyptus globulus 100 natural essential oil 10ml,1,Keep,Live on maroma.com with image
evening-offering-kalki-votive-70g,Evening Offering Kalki Votive - 70g,,420.00,active,Votive,"Home Essences, Home Essences > Ambience & Decor > Candles, Home Essences > Ambience & Decor > Candles > Votive",Yes,1,No,https://www.maroma.com/?s=Evening%20Offering%20Kalki%20Votive%20-%2070g,search,https://maroma-development-sgw0qzbd.myshopify.com/products/evening-offering-kalki-votive-70g,evening offering kalki votive 70g,1,Keep,
evergreen-bliss,Evergreen Bliss,Evergreen Bliss,400.00,active,Gift Sets,"Gifting, Gifting > Gift Sets",Yes,1,No,https://www.maroma.com/?s=Evergreen%20Bliss,search,https://maroma-development-sgw0qzbd.myshopify.com/products/evergreen-bliss,evergreen bliss,1,Keep,
exotic-patchouli-ambient-perfume-10ml,Exotic Patchouli Ambient Perfume - 10ml,EA14-B16,435.00,active,Ambient Perfumes,"Home Essences, Home Essences > Fragrance for Spaces > Diffusers & Ambient Perfumes, Home Essences > Fragrance for Spaces > Diffusers & Ambient Perfumes > Ambient Perfumes, Home Essences > Fragrance for Spaces > Diffusers & Ambient Perfumes > Diffuser Oils",Yes,1,Yes,https://www.maroma.com/product/ambient-perfume-patchouli-10ml/,product,https://maroma-development-sgw0qzbd.myshopify.com/products/exotic-patchouli-ambient-perfume-10ml,exotic patchouli ambient perfume 10ml,1,Keep,Live on maroma.com with image
exotic-patchouli-perfume-oil,Exotic Patchouli Perfume Oil,EA14-D02,650.00,active,Perfume Oil & Roll On,"Bottle, Himalayan Cedarwood, Indian Tulsi, Patchouli, Perfumes, Perfumes > Perfume Oil & Roll On, Roll On, Warm, Woody & Earthy",Yes,1,No,https://www.maroma.com/?s=Exotic%20Patchouli%20Perfume%20Oil,search,https://maroma-development-sgw0qzbd.myshopify.com/products/exotic-patchouli-perfume-oil,exotic patchouli perfume oil,1,Keep,
exotic-patchouli-roll-on-perfume-oil,Exotic Patchouli Roll On/Perfume Oil,EA14-D02-BOTTLE,650.00,active,Perfume Oil & Roll On,"Bottle, Himalayan Cedarwood, Indian Tulsi, Patchouli, Perfumes, Perfumes > Perfume Oil & Roll On, Roll On, Warm, Woody & Earthy",Yes,1,No,https://www.maroma.com/?s=Exotic%20Patchouli%20Roll%20On%2FPerfume%20Oil,search,https://maroma-development-sgw0qzbd.myshopify.com/products/exotic-patchouli-roll-on-perfume-oil,exotic patchouli roll on perfume oil,1,Keep,
express-love,Express Love,Express Love (Red with Pink Wax Rose),650.00,active,Gift Sets,"Gifting > Gift Sets, Valentine's Day Special",Yes,1,No,https://www.maroma.com/?s=Express%20Love,search,https://maroma-development-sgw0qzbd.myshopify.com/products/express-love,express love,1,Keep,
face-cream-scrub-50gms,Face Cream Scrub - 50gms,TL16-O09,895.00,active,Gift Sets,"Body Care, Face Care, Gifting, Gifting > Gift Sets",Yes,1,No,https://www.maroma.com/?s=Face%20Cream%20Scrub%20-%2050gms,search,https://maroma-development-sgw0qzbd.myshopify.com/products/face-cream-scrub-50gms,face cream scrub,1,Keep,
face-mask,Face Mask,TL16-O53,1305.00,active,Masks,"Black Clay, Clarifying, Detoxifying, Dull Skin, Face Care, Face Care > Masks, Kaolin, Normal Skin, Oily & Blemish-Prone Skin, Olive, Soothing, Vitamin E",Yes,1,Yes,https://www.maroma.com/product/face-mask-100gms/,product,https://maroma-development-sgw0qzbd.myshopify.com/products/face-mask,face mask,1,Keep,Live on maroma.com with image
face-oil,Face Oil,TL16-B06,1250.00,active,Oils,"Almond, Apricot, Balancing, Combination Skin, Dry Skin, Face Care, Face Care > Oils, Grapeseed, Normal Skin, Nourishing, Olive, Rejuvenating, Sensitive Skin",Yes,1,Yes,https://www.maroma.com/product/face-oil-in-box-50-ml-with-dropper/,product,https://maroma-development-sgw0qzbd.myshopify.com/products/face-oil,face oil,1,Keep,Live on maroma.com with image
face-scrub,Face Scrub,TL16-O13,1845.00,active,Exfoliators,"Almond, Aloe Vera, Brightening, Dry Skin, Dull Skin, Face Care, Face Care > Exfoliators, Gentle Exfoliation, Normal Skin, Sesame, Smoothing, Walnut",Yes,1,Yes,https://www.maroma.com/product/face-scrub-100gms/,product,https://maroma-development-sgw0qzbd.myshopify.com/products/face-scrub,face scrub,1,Keep,Live on maroma.com with image
face-wash-powder-50gms,Face Wash Powder - 50gms,TL16-O56,470.00,active,Face Care,Face Care,Yes,1,No,https://www.maroma.com/?s=Face%20Wash%20Powder%20-%2050gms,search,https://maroma-development-sgw0qzbd.myshopify.com/products/face-wash-powder-50gms,face wash powder,1,Keep,
faith,Faith,,34875.00,active,Art Candles,Home Essences > Ambience & Decor > Art Candles,Yes,1,No,https://www.maroma.com/?s=Faith,search,https://maroma-development-sgw0qzbd.myshopify.com/products/faith,faith,1,Keep,
fern-moss-10-incense-sticks,Fern & Moss 10 Incense Sticks,EA10-A12,260.00,active,Encens D’auroville,"Encens D'Auroville, Home Essences, Home Essences > Fragrance for Spaces > Incense, Home Essences > Fragrance for Spaces > Incense > Encens D’auroville",Yes,1,No,https://www.maroma.com/?s=Fern%20%26%20Moss%2010%20Incense%20Sticks,search,https://maroma-development-sgw0qzbd.myshopify.com/products/fern-moss-10-incense-sticks,fern moss 10 incense sticks,1,Keep,
festival-harmony-gift-set,Festival Harmony Gift Set,EA29-F37,2175.00,active,Gift Sets,"Gifting, Gifting > Gift Sets",Yes,1,Yes,https://www.maroma.com/product/festival-harmony-gift-set/,product,https://maroma-development-sgw0qzbd.myshopify.com/products/festival-harmony-gift-set,festival harmony gift set,1,Keep,Live on maroma.com with image
festive-aura-gift-set,Festive Aura Gift Set,EA29-F41,1390.00,active,Gift Sets,"Gifting, Gifting > Gift Sets",Yes,1,Yes,https://www.maroma.com/product/festive-aura-gift-set/,product,https://maroma-development-sgw0qzbd.myshopify.com/products/festive-aura-gift-set,festive aura gift set,1,Keep,Live on maroma.com with image
festive-cheer,Festive Cheer,Festive Cheer,400.00,active,Gift Sets,"Gifting, Gifting > Gift Sets",Yes,1,No,https://www.maroma.com/?s=Festive%20Cheer,search,https://maroma-development-sgw0qzbd.myshopify.com/products/festive-cheer,festive cheer,1,Keep,
festive-florals-gift-set,Festive Florals Gift Set,EA29-E58,1550.00,active,Gift Sets,"Gifting, Gifting > Gift Sets",Yes,1,Yes,https://www.maroma.com/product/festive-florals-gift-set/,product,https://maroma-development-sgw0qzbd.myshopify.com/products/festive-florals-gift-set,festive florals gift set,1,Keep,Live on maroma.com with image
floral-incense-assortment,Floral Incense Assortment,EA10-A89,260.00,active,Encens D’auroville,"Encens D'Auroville, Energizing & Uplifting, Home Essences, Home Essences > Fragrance for Spaces > Incense, Home Essences > Fragrance for Spaces > Incense > Encens D’auroville, Joyful & Playful",Yes,1,Yes,https://www.maroma.com/product/floral-incense-assortment/,product,https://maroma-development-sgw0qzbd.myshopify.com/products/floral-incense-assortment,floral incense assortment,1,Keep,Live on maroma.com with image
floral-nocturne-incense-collection,Floral Nocturne Incense Collection,EA10-E24,1050.00,active,Incense Collection,"Gifting, Gifting > Gift Sets, Gifting > Incense Collection",Yes,1,Yes,https://www.maroma.com/product/incense-collection-floral-nocturne/,product,https://maroma-development-sgw0qzbd.myshopify.com/products/floral-nocturne-incense-collection,floral nocturne incense collection,1,Keep,Live on maroma.com with image
floral-set,Floral Set,EA29-F14,1500.00,active,Gift Sets,Gifting > Gift Sets,Yes,1,No,https://www.maroma.com/?s=Floral%20Set,search,https://maroma-development-sgw0qzbd.myshopify.com/products/floral-set,floral set,1,Keep,
flower-blush-reed-diffuser-apple-blossom,Flower Blush Reed Diffuser- Apple Blossom,EA14-G34,1990.00,active,Reed Diffuser,"Gifting, Home Essences, Home Essences > Fragrance for Spaces > Diffusers & Ambient Perfumes > Reed Diffuser",Yes,1,No,https://www.maroma.com/?s=Flower%20Blush%20Reed%20Diffuser-%20Apple%20Blossom,search,https://maroma-development-sgw0qzbd.myshopify.com/products/flower-blush-reed-diffuser-apple-blossom,flower blush reed diffuser apple blossom,1,Keep,
flower-blush-reed-diffuser-bhutan-lemongrass,Flower Blush Reed Diffuser-Bhutan Lemongrass,EA14-H54,3485.00,active,Home Essences,"Gifting, Home Essences",Yes,1,No,https://www.maroma.com/?s=Flower%20Blush%20Reed%20Diffuser-Bhutan%20Lemongrass,search,https://maroma-development-sgw0qzbd.myshopify.com/products/flower-blush-reed-diffuser-bhutan-lemongrass,flower blush reed diffuser bhutan lemongrass,1,Keep,
flower-blush-reed-diffuser-cherry-blossom,Flower Blush Reed Diffuser- Cherry Blossom,EA14-G31,1990.00,active,Reed Diffuser,"Gifting, Home Essences, Home Essences > Fragrance for Spaces > Diffusers & Ambient Perfumes > Reed Diffuser",Yes,1,No,https://www.maroma.com/?s=Flower%20Blush%20Reed%20Diffuser-%20Cherry%20Blossom,search,https://maroma-development-sgw0qzbd.myshopify.com/products/flower-blush-reed-diffuser-cherry-blossom,flower blush reed diffuser cherry blossom,1,Keep,
flower-blush-reed-diffuser-madurai-frangipani,Flower Blush Reed Diffuser-Madurai Frangipani,EA14-H51,3485.00,active,Home Essences,"Gifting, Home Essences",Yes,1,No,https://www.maroma.com/?s=Flower%20Blush%20Reed%20Diffuser-Madurai%20Frangipani,search,https://maroma-development-sgw0qzbd.myshopify.com/products/flower-blush-reed-diffuser-madurai-frangipani,flower blush reed diffuser madurai frangipani,1,Keep,
flower-blush-reed-diffuser-opium-flowers,Flower Blush Reed Diffuser-Opium Flowers,EA14-H56,3300.00,active,Home Essences,Home Essences,Yes,1,No,https://www.maroma.com/?s=Flower%20Blush%20Reed%20Diffuser-Opium%20Flowers,search,https://maroma-development-sgw0qzbd.myshopify.com/products/flower-blush-reed-diffuser-opium-flowers,flower blush reed diffuser opium flowers,1,Keep,
flower-blush-reed-diffuser-orange-blossom,Flower Blush Reed Diffuser- Orange Blossom,EA14-G33,1990.00,active,Reed Diffuser,"Gifting, Home Essences, Home Essences > Fragrance for Spaces > Diffusers & Ambient Perfumes > Reed Diffuser",Yes,1,No,https://www.maroma.com/?s=Flower%20Blush%20Reed%20Diffuser-%20Orange%20Blossom,search,https://maroma-development-sgw0qzbd.myshopify.com/products/flower-blush-reed-diffuser-orange-blossom,flower blush reed diffuser orange blossom,1,Keep,
flower-blush-reed-diffuser-peach-blossom,Flower Blush Reed Diffuser- Peach Blossom,EA14-G32,1990.00,active,Reed Diffuser,"Gifting, Home Essences, Home Essences > Fragrance for Spaces > Diffusers & Ambient Perfumes > Reed Diffuser",Yes,1,No,https://www.maroma.com/?s=Flower%20Blush%20Reed%20Diffuser-%20Peach%20Blossom,search,https://maroma-development-sgw0qzbd.myshopify.com/products/flower-blush-reed-diffuser-peach-blossom,flower blush reed diffuser peach blossom,1,Keep,
flower-jute-sachet-exotic-patchouli,Flower Jute Sachet - Exotic Patchouli,EA13-E61,600.00,active,Jute Sachet,"Home Essences, Home Essences > Fragrance for Spaces > Fragrance Sachets, Home Essences > Fragrance for Spaces > Fragrance Sachets > Jute Sachet",Yes,1,No,https://www.maroma.com/?s=Flower%20Jute%20Sachet%20-%20Exotic%20Patchouli,search,https://maroma-development-sgw0qzbd.myshopify.com/products/flower-jute-sachet-exotic-patchouli,flower jute sachet exotic patchouli,1,Keep,
flower-jute-sachet-mysore-sandal,Flower Jute Sachet - Mysore Sandal,EA13-E63,600.00,active,Home Essences,Home Essences,Yes,1,No,https://www.maroma.com/?s=Flower%20Jute%20Sachet%20-%20Mysore%20Sandal,search,https://maroma-development-sgw0qzbd.myshopify.com/products/flower-jute-sachet-mysore-sandal,flower jute sachet mysore sandal,1,Keep,
flower-jute-sachet-opium-flower,Flower Jute Sachet - Opium Flower,EA13-E64,600.00,active,Home Essences,Home Essences,Yes,1,No,https://www.maroma.com/?s=Flower%20Jute%20Sachet%20-%20Opium%20Flower,search,https://maroma-development-sgw0qzbd.myshopify.com/products/flower-jute-sachet-opium-flower,flower jute sachet opium flower,1,Keep,
flower-jute-sachet-peach-blossom,Flower Jute Sachet - Peach Blossom,EA13-E67,600.00,active,Jute Sachet,"Home Essences, Home Essences > Fragrance for Spaces > Fragrance Sachets, Home Essences > Fragrance for Spaces > Fragrance Sachets > Jute Sachet",Yes,1,No,https://www.maroma.com/?s=Flower%20Jute%20Sachet%20-%20Peach%20Blossom,search,https://maroma-development-sgw0qzbd.myshopify.com/products/flower-jute-sachet-peach-blossom,flower jute sachet peach blossom,1,Keep,
flower-jute-sachet-spicy-orange,Flower Jute Sachet - Spicy Orange,EA13-E69,600.00,active,Jute Sachet,"Home Essences, Home Essences > Fragrance for Spaces > Fragrance Sachets, Home Essences > Fragrance for Spaces > Fragrance Sachets > Jute Sachet",Yes,1,No,https://www.maroma.com/?s=Flower%20Jute%20Sachet%20-%20Spicy%20Orange,search,https://maroma-development-sgw0qzbd.myshopify.com/products/flower-jute-sachet-spicy-orange,flower jute sachet spicy orange,1,Keep,
flower-jute-sachet-white-flower,Flower Jute Sachet - White Flower,EA13-E74,600.00,active,Home Essences,Home Essences,Yes,1,No,https://www.maroma.com/?s=Flower%20Jute%20Sachet%20-%20White%20Flower,search,https://maroma-development-sgw0qzbd.myshopify.com/products/flower-jute-sachet-white-flower,flower jute sachet white flower,1,Keep,
foot-cream,Foot Cream,TL16-O54,1450.00,active,Body Creams,"Body Care, Body Care > Body Creams, Cooling, Kokum Butter, Mango Butter, Repair, Sunflower",Yes,1,Yes,https://www.maroma.com/product/foot-cream-100gms/,product,https://maroma-development-sgw0qzbd.myshopify.com/products/foot-cream,foot cream,1,Keep,Live on maroma.com with image
frangipani-body-lotion-125ml,Frangipani Body Lotion - 125ml,TL16-E81,415.00,active,Body Lotions & Body Butters,"Body Care, Body Care > Body Lotions & Body Butters",No,0,No,https://www.maroma.com/?s=Frangipani%20Body%20Lotion%20-%20125ml,search,https://maroma-development-sgw0qzbd.myshopify.com/products/frangipani-body-lotion-125ml,frangipani body lotion 125ml,1,Review — no image,Missing image in Shopify
frangipani-hair-conditioner-125ml,Frangipani Hair Conditioner - 125ml,TL16-D81,630.00,active,Conditioners,"Hair, Hair > Conditioners",No,0,No,https://www.maroma.com/?s=Frangipani%20Hair%20Conditioner%20-%20125ml,search,https://maroma-development-sgw0qzbd.myshopify.com/products/frangipani-hair-conditioner-125ml,frangipani hair conditioner 125ml,1,Review — no image,Missing image in Shopify
frangipani-incense-sticks,Frangipani Incense Sticks,EA10-A83,260.00,active,Encens D’auroville,"Encens D'Auroville, Home Essences, Home Essences > Fragrance for Spaces > Incense, Home Essences > Fragrance for Spaces > Incense > Encens D’auroville, Relaxing & Calming",No,0,No,https://www.maroma.com/?s=Frangipani%20Incense%20Sticks,search,https://maroma-development-sgw0qzbd.myshopify.com/products/frangipani-incense-sticks,frangipani incense sticks,1,Review — no image,Missing image in Shopify
frangipani-perfumed-sachet,Frangipani Perfumed Sachet,EG13-B13,270.00,active,Wardrobe Sachet-Aromatic,"Home Essences, Home Essences > Fragrance for Spaces > Fragrance Sachets, Home Essences > Fragrance for Spaces > Fragrance Sachets > Wardrobe Sachet-Aromatic",Yes,1,Yes,https://www.maroma.com/product/flower-sachet-frangipani/,product,https://maroma-development-sgw0qzbd.myshopify.com/products/frangipani-perfumed-sachet,frangipani perfumed sachet,1,Keep,Live on maroma.com with image
frangipani-pillar-candle,Frangipani Pillar Candle,CN11-C06,360.00,active,Pillar,"Home Essences, Home Essences > Ambience & Decor > Candles, Home Essences > Ambience & Decor > Candles > Pillar",Yes,1,No,https://www.maroma.com/?s=Frangipani%20Pillar%20Candle,search,https://maroma-development-sgw0qzbd.myshopify.com/products/frangipani-pillar-candle,frangipani pillar candle,1,Keep,
frangipani-shampoo-125ml,Frangipani Shampoo - 125ml,TL16-D71,500.00,active,Shampoos,"Hair, Hair > Shampoos",Yes,1,No,https://www.maroma.com/?s=Frangipani%20Shampoo%20-%20125ml,search,https://maroma-development-sgw0qzbd.myshopify.com/products/frangipani-shampoo-125ml,frangipani shampoo 125ml,1,Keep,
frangipani-shower-gel-100ml,Frangipani Shower Gel - 100ml,TL16-T52,500.00,active,Shower Gels,"Body Care, Body Care > Shower Gels",No,0,No,https://www.maroma.com/?s=Frangipani%20Shower%20Gel%20-%20100ml,search,https://maroma-development-sgw0qzbd.myshopify.com/products/frangipani-shower-gel-100ml,frangipani shower gel 100ml,1,Review — no image,Missing image in Shopify
frankincense-100-natural-essential-oil-10ml,Frankincense 100% Natural Essential Oil - 10ml,NE15-A19,790.00,active,Diffuser Oils,"Home Essences, Home Essences > Fragrance for Spaces > Diffusers & Ambient Perfumes, Home Essences > Fragrance for Spaces > Diffusers & Ambient Perfumes > Diffuser Oils, Home Essences > Fragrance for Spaces > Essential Oils > Natural Essential Oil",Yes,1,Yes,https://www.maroma.com/product/natural-essential-oil-frankincense-10ml/,product,https://maroma-development-sgw0qzbd.myshopify.com/products/frankincense-100-natural-essential-oil-10ml,frankincense 100 natural essential oil 10ml,1,Keep,Live on maroma.com with image
frankincense-bambooless-incense-pack-of-20,Frankincense Bambooless Incense. Pack of 20,EA10-I05,600.00,active,Bambooless,"Home Essences, Home Essences > Fragrance for Spaces > Incense, Home Essences > Fragrance for Spaces > Incense > Bambooless",Yes,1,Yes,https://www.maroma.com/product/bamboo-free-incense-frankincense/,product,https://maroma-development-sgw0qzbd.myshopify.com/products/frankincense-bambooless-incense-pack-of-20,frankincense bambooless incense pack of 20,1,Keep,Live on maroma.com with image
frankincense-cone-incense,Frankincense Cone Incense,EA27-A05,260.00,active,Cone Incense,"100% natural, Encens D'Auroville, Encens D'Auroville > Cone Incense, Home Essences, Home Essences > Fragrance for Spaces > Incense, Home Essences > Fragrance for Spaces > Incense > Cone Incense",Yes,1,Yes,https://www.maroma.com/product/frankincense-cone-incense/,product,https://maroma-development-sgw0qzbd.myshopify.com/products/frankincense-cone-incense,frankincense cone incense,1,Keep,Live on maroma.com with image
frankincense-face-cream-50gms,Frankincense Face Cream - 50gms,TL16-O10,1100.00,active,Face Care,Face Care,Yes,1,No,https://www.maroma.com/?s=Frankincense%20Face%20Cream%20-%2050gms,search,https://maroma-development-sgw0qzbd.myshopify.com/products/frankincense-face-cream-50gms,frankincense face cream,1,Keep,
frankincense-incense-sticks,Frankincense Incense Sticks,EA10-A14,260.00,active,Encens D’auroville,"100% natural, Encens D'Auroville, Home Essences, Home Essences > Fragrance for Spaces > Incense, Home Essences > Fragrance for Spaces > Incense > Encens D’auroville, Spiritual & Meditative",Yes,1,Yes,https://www.maroma.com/product/frankincense-10-incense-sticks/,product,https://maroma-development-sgw0qzbd.myshopify.com/products/frankincense-incense-sticks,frankincense incense sticks,1,Keep,Live on maroma.com with image
frankincense-myrrh-incense-sticks,Frankincense & Myrrh Incense Sticks,EA10-A15,260.00,active,Encens D’auroville,"100% natural, Encens D'Auroville, Home Essences, Home Essences > Fragrance for Spaces > Incense, Home Essences > Fragrance for Spaces > Incense > Encens D’auroville, Spiritual & Meditative",Yes,1,Yes,https://www.maroma.com/product/frankincense-myrrh-10-incense-sticks/,product,https://maroma-development-sgw0qzbd.myshopify.com/products/frankincense-myrrh-incense-sticks,frankincense myrrh incense sticks,1,Keep,Live on maroma.com with image
frankincense-sandalwood-incense-leaves,Frankincense & Sandalwood Incense Leaves,EA26-D02,355.00,active,Smudge Leaf Incense,"Home Essences, Home Essences > Fragrance for Spaces > Incense, Home Essences > Fragrance for Spaces > Incense > Smudge Leaf Incense",Yes,1,Yes,https://www.maroma.com/product/frankincense-sandalwood/,product,https://maroma-development-sgw0qzbd.myshopify.com/products/frankincense-sandalwood-incense-leaves,frankincense sandalwood incense leaves,1,Keep,Live on maroma.com with image
frankincense-smudging-incense-wands,Frankincense Smudging Incense Wands,EA26-D22,380.00,active,Smudge Leaf Incense,"Home Essences, Home Essences > Fragrance for Spaces > Incense, Home Essences > Fragrance for Spaces > Incense > Smudge Leaf Incense",Yes,1,Yes,https://www.maroma.com/product/smudge-leaf-wands-frankincense/,product,https://maroma-development-sgw0qzbd.myshopify.com/products/frankincense-smudging-incense-wands,frankincense smudging incense wands,1,Keep,Live on maroma.com with image
friendzone,Friendzone,Friendzone (Pink with white heart),650.00,active,Gift Sets,"Gifting > Gift Sets, Valentine's Day Special",Yes,1,No,https://www.maroma.com/?s=Friendzone,search,https://maroma-development-sgw0qzbd.myshopify.com/products/friendzone,friendzone,1,Keep,
frog-incense-holder,Frog Incense Holder,CC24-E48,180.00,active,Incense Holder,"Home Essences, Home Essences > Ambience & Decor, Home Essences > Ambience & Decor > Ceramics, Home Essences > Ambience & Decor > Ceramics > Incense Holder",Yes,1,Yes,https://www.maroma.com/product/frog-incense-holder/,product,https://maroma-development-sgw0qzbd.myshopify.com/products/frog-incense-holder,frog incense holder,1,Keep,Live on maroma.com with image
frosted-pine-scented-candle-200gms,Frosted Pine Scented Candle - 200gms,,650.00,active,Pillar,"Home Essences, Home Essences > Ambience & Decor > Candles, Home Essences > Ambience & Decor > Candles > Pillar",Yes,1,No,https://www.maroma.com/?s=Frosted%20Pine%20Scented%20Candle%20-%20200gms,search,https://maroma-development-sgw0qzbd.myshopify.com/products/frosted-pine-scented-candle-200gms,frosted pine scented candle,1,Keep,
fulfillment-cedarwood-95gms,Fulfillment(Cedarwood) - 95gms,TL39-A01,520.00,active,Votive,"Gifting, Home Essences, Home Essences > Ambience & Decor > Candles, Home Essences > Ambience & Decor > Candles > Votive",Yes,1,No,https://www.maroma.com/?s=Fulfillment(Cedarwood)%20-%2095gms,search,https://maroma-development-sgw0qzbd.myshopify.com/products/fulfillment-cedarwood-95gms,fulfillment cedarwood,1,Keep,
ganesh-votive-250-gms,Ganesh Votive 250 gms,CA39-A61A,1355.00,active,Votive,"Home Essences, Home Essences > Ambience & Decor > Candles > Votive",Yes,1,No,https://www.maroma.com/?s=Ganesh%20Votive%20250%20gms,search,https://maroma-development-sgw0qzbd.myshopify.com/products/ganesh-votive-250-gms,ganesh votive 250 gms,1,Keep,
ganesh-votive-250gms,Ganesh Votive 250gms,CA39-A61,1355.00,active,Votive,"Home Essences, Home Essences > Ambience & Decor > Candles > Votive",Yes,1,No,https://www.maroma.com/?s=Ganesh%20Votive%20250gms,search,https://maroma-development-sgw0qzbd.myshopify.com/products/ganesh-votive-250gms,ganesh votive 250gms,1,Keep,
ganesh-votive-70gms,Ganesh Votive 70gms,CA39-A49,420.00,active,Votive,"Home Essences, Home Essences > Ambience & Decor > Candles > Votive",Yes,1,No,https://www.maroma.com/?s=Ganesh%20Votive%2070gms,search,https://maroma-development-sgw0qzbd.myshopify.com/products/ganesh-votive-70gms,ganesh votive 70gms,1,Keep,
generosity-sama-incense-50-sticks,Generosity Sama Incense - 50 Sticks,SL10-A12,600.00,active,Bulk Incense 50 Sticks,"Home Essences, Home Essences > Fragrance for Spaces > Incense, Home Essences > Fragrance for Spaces > Incense > Bulk Incense 50 Sticks",Yes,1,No,https://www.maroma.com/?s=Generosity%20Sama%20Incense%20-%2050%20Sticks,search,https://maroma-development-sgw0qzbd.myshopify.com/products/generosity-sama-incense-50-sticks,generosity sama incense 50 sticks,1,Keep,
geranium-lemon-champagne-strawberry-60gms-each-triple-scented-pack-of-2,"Geranium, Lemon, Champagne Strawberry - 60gms Each Triple Scented (Pack of 2)",,420.00,active,Pillar,"Home Essences, Home Essences > Ambience & Decor > Candles, Home Essences > Ambience & Decor > Candles > Pillar",Yes,1,No,https://www.maroma.com/?s=Geranium%2C%20Lemon%2C%20Champagne%20Strawberry%20-%2060gms%20Each%20Triple%20Scented%20(Pack%20of%202),search,https://maroma-development-sgw0qzbd.myshopify.com/products/geranium-lemon-champagne-strawberry-60gms-each-triple-scented-pack-of-2,geranium lemon champagne strawberry each triple scented pack of 2,1,Keep,
geranium-lemon-champagne-strawberry-100gms-triple-scented,"Geranium,Lemon, Champagne Strawberry - 100gms Triple Scented",,370.00,active,Pillar,"Home Essences, Home Essences > Ambience & Decor > Candles, Home Essences > Ambience & Decor > Candles > Pillar",Yes,1,No,https://www.maroma.com/?s=Geranium%2CLemon%2C%20Champagne%20Strawberry%20-%20100gms%20Triple%20Scented,search,https://maroma-development-sgw0qzbd.myshopify.com/products/geranium-lemon-champagne-strawberry-100gms-triple-scented,geranium lemon champagne strawberry triple scented,1,Keep,
geranium-lemon-champagne-strawberry-triple-scented-candle,"Geranium, Lemon, Champagne Strawberry Triple Scented Candle",,370.00,active,Pillar,"Home Essences, Home Essences > Ambience & Decor > Candles, Home Essences > Ambience & Decor > Candles > Pillar",Yes,1,No,https://www.maroma.com/?s=Geranium%2C%20Lemon%2C%20Champagne%20Strawberry%20Triple%20Scented%20Candle,search,https://maroma-development-sgw0qzbd.myshopify.com/products/geranium-lemon-champagne-strawberry-triple-scented-candle,geranium lemon champagne strawberry triple scented candle,1,Keep,
gift-set-with-soap-shampoo-sachet,"Gift Set with Soap, Shampoo, Sachet",EA29-E62,2525.00,active,Gift Sets,"Gifting, Gifting > Gift Sets",Yes,1,No,https://www.maroma.com/?s=Gift%20Set%20with%20Soap%2C%20Shampoo%2C%20Sachet,search,https://maroma-development-sgw0qzbd.myshopify.com/products/gift-set-with-soap-shampoo-sachet,gift set with soap shampoo sachet,1,Keep,
giftset-devi,Giftset-Devi,a,1900.00,active,Gift Sets,"Gifting, Gifting > Gift Sets",Yes,1,No,https://www.maroma.com/?s=Giftset-Devi,search,https://maroma-development-sgw0qzbd.myshopify.com/products/giftset-devi,giftset devi,1,Keep,
glow-grace-set,Glow & Grace Set,EA29-F08,1290.00,active,Gift Sets,"Gifting, Gifting > Gift Sets",Yes,1,No,https://www.maroma.com/?s=Glow%20%26%20Grace%20Set,search,https://maroma-development-sgw0qzbd.myshopify.com/products/glow-grace-set,glow grace set,1,Keep,
grace-sama-incense-50-sticks,Grace Sama Incense - 50 Sticks,SL10-A13,600.00,active,Bulk Incense 50 Sticks,"Home Essences, Home Essences > Fragrance for Spaces > Incense, Home Essences > Fragrance for Spaces > Incense > Bulk Incense 50 Sticks",Yes,1,No,https://www.maroma.com/?s=Grace%20Sama%20Incense%20-%2050%20Sticks,search,https://maroma-development-sgw0qzbd.myshopify.com/products/grace-sama-incense-50-sticks,grace sama incense 50 sticks,1,Keep,
grace-votive-95gms,Grace Votive 95gms,MS39-A05,745.00,active,Votive,"Home Essences, Home Essences > Ambience & Decor > Candles > Votive",Yes,1,No,https://www.maroma.com/?s=Grace%20Votive%2095gms,search,https://maroma-development-sgw0qzbd.myshopify.com/products/grace-votive-95gms,grace votive 95gms,1,Keep,
grapefruit-hand-wash-250ml,Grapefruit Hand Wash - 250ml,CL16-E57,880.00,active,Hand Wash / Dish Wash,"Home Essences, Home Essences > Everyday Essentials > Home Essentials > Hand Wash / Dish Wash",Yes,1,No,https://www.maroma.com/?s=Grapefruit%20Hand%20Wash%20-%20250ml,search,https://maroma-development-sgw0qzbd.myshopify.com/products/grapefruit-hand-wash-250ml,grapefruit hand wash 250ml,1,Keep,
grapefruit-hand-wash-500ml,Grapefruit Hand Wash - 500ml,,1400.00,active,Hand Wash / Dish Wash,"Home Essences, Home Essences > Everyday Essentials > Home Essentials > Hand Wash / Dish Wash",Yes,1,No,https://www.maroma.com/?s=Grapefruit%20Hand%20Wash%20-%20500ml,search,https://maroma-development-sgw0qzbd.myshopify.com/products/grapefruit-hand-wash-500ml,grapefruit hand wash 500ml,1,Keep,
grapefruit-lip-balm,Grapefruit Lip Balm,TL16-O78,220.00,active,Lip care,"Almond, Beeswax, Face Care, Face Care > Lip care, Jojoba, not vegan, Oily & Blemish-Prone Skin, Shea Butter",Yes,1,Yes,https://www.maroma.com/product/grape-fruit-lip-care-5gms/,product,https://maroma-development-sgw0qzbd.myshopify.com/products/grapefruit-lip-balm,grapefruit lip balm,1,Keep,Live on maroma.com with image
gratitude-kalki-incense-50-sticks,Gratitude Kalki Incense - 50 Sticks,KI10-D07,600.00,active,Bulk Incense 50 Sticks,"Home Essences, Home Essences > Fragrance for Spaces > Incense, Home Essences > Fragrance for Spaces > Incense > Bulk Incense 50 Sticks",Yes,1,Yes,https://www.maroma.com/product/kalki-bulk-incense-gratitude/,product,https://maroma-development-sgw0qzbd.myshopify.com/products/gratitude-kalki-incense-50-sticks,gratitude kalki incense 50 sticks,1,Keep,Live on maroma.com with image
gratitude-kalki-votive-95g,Gratitude Kalki Votive - 95g,,520.00,active,Votive,"Home Essences, Home Essences > Ambience & Decor > Candles, Home Essences > Ambience & Decor > Candles > Votive",Yes,1,No,https://www.maroma.com/?s=Gratitude%20Kalki%20Votive%20-%2095g,search,https://maroma-development-sgw0qzbd.myshopify.com/products/gratitude-kalki-votive-95g,gratitude kalki votive 95g,1,Keep,
green-light-fig-and-wine-95gms,Green Light - Fig and Wine - 95gms,,520.00,active,Votive,"Home Essences, Home Essences > Ambience & Decor > Candles, Home Essences > Ambience & Decor > Candles > Votive",Yes,1,No,https://www.maroma.com/?s=Green%20Light%20-%20Fig%20and%20Wine%20-%2095gms,search,https://maroma-development-sgw0qzbd.myshopify.com/products/green-light-fig-and-wine-95gms,green light fig and wine,1,Keep,
green-light-malaysian-orchid-95gms,Green Light - Malaysian Orchid - 95gms,,520.00,active,Votive,"Home Essences, Home Essences > Ambience & Decor > Candles, Home Essences > Ambience & Decor > Candles > Votive",Yes,1,No,https://www.maroma.com/?s=Green%20Light%20-%20Malaysian%20Orchid%20-%2095gms,search,https://maroma-development-sgw0qzbd.myshopify.com/products/green-light-malaysian-orchid-95gms,green light malaysian orchid,1,Keep,
green-tea-10-incense-sticks,Green Tea 10 Incense Sticks,EA10-A19,260.00,active,Encens D’auroville,"Encens D'Auroville, Home Essences, Home Essences > Fragrance for Spaces > Incense, Home Essences > Fragrance for Spaces > Incense > Encens D’auroville",Yes,1,No,https://www.maroma.com/?s=Green%20Tea%2010%20Incense%20Sticks,search,https://maroma-development-sgw0qzbd.myshopify.com/products/green-tea-10-incense-sticks,green tea 10 incense sticks,1,Keep,
hair-and-body-bar-bamboo-charcoal,Hair and Body Bar Bamboo Charcoal,BC16-A14,545.00,active,Hair & Body Bars (Solid),"Hair, Hair > Multipurpose > Hair & Body Bars (Solid)",Yes,1,Yes,https://www.maroma.com/product/hair-and-body-bar-bamboo-charcoal-100gms/,product,https://maroma-development-sgw0qzbd.myshopify.com/products/hair-and-body-bar-bamboo-charcoal,hair and body bar bamboo charcoal,1,Keep,Live on maroma.com with image
hair-rinse-100ml,Hair Rinse - 100ml,TL16-A11,400.00,active,Hair,Hair,No,0,No,https://www.maroma.com/?s=Hair%20Rinse%20-%20100ml,search,https://maroma-development-sgw0qzbd.myshopify.com/products/hair-rinse-100ml,hair rinse 100ml,1,Review — no image,Missing image in Shopify
hair-scalp-serum,Hair & Scalp Serum,TL16-O94,1200.00,active,Hair & Scalp Serum,"Almond, Avocado, Coconut, Dandruff / Scalp Health, Dry / Dehydrated Hair, Frizz Control, Hair, Hair > Hair & Scalp Serum, Hair Strengthening / Growth, Jojoba",Yes,1,Yes,https://www.maroma.com/product/hair-serum-50-ml/,product,https://maroma-development-sgw0qzbd.myshopify.com/products/hair-scalp-serum,hair scalp serum,1,Keep,Live on maroma.com with image
hair-wash-powder-50gms,Hair Wash Powder - 50gms,TL16-O11,455.00,active,Hair,Hair,Yes,1,No,https://www.maroma.com/?s=Hair%20Wash%20Powder%20-%2050gms,search,https://maroma-development-sgw0qzbd.myshopify.com/products/hair-wash-powder-50gms,hair wash powder,1,Keep,
hand-cream,Hand Cream,TL16-O55,1305.00,active,Body Creams,"Aloe Vera, Body Care, Body Care > Body Creams, Comforting, Quick-absorbing, Sesame, Shea Butter",Yes,1,Yes,https://www.maroma.com/product/hand-cream-100gms/,product,https://maroma-development-sgw0qzbd.myshopify.com/products/hand-cream,hand cream,1,Keep,Live on maroma.com with image
harmony-sama-incense-50-sticks,Harmony Sama Incense - 50 Sticks,SL10-A14,600.00,active,Bulk Incense 50 Sticks,"Home Essences, Home Essences > Fragrance for Spaces > Incense, Home Essences > Fragrance for Spaces > Incense > Bulk Incense 50 Sticks",Yes,1,No,https://www.maroma.com/?s=Harmony%20Sama%20Incense%20-%2050%20Sticks,search,https://maroma-development-sgw0qzbd.myshopify.com/products/harmony-sama-incense-50-sticks,harmony sama incense 50 sticks,1,Keep,
harmony-set,Harmony Set,EA29-F12,1500.00,active,Gift Sets,"Gifting, Gifting > Gift Sets",Yes,1,No,https://www.maroma.com/?s=Harmony%20Set,search,https://maroma-development-sgw0qzbd.myshopify.com/products/harmony-set,harmony set,1,Keep,
hemp-bath-soap-100gms-only-for-sale-in-india,Hemp Bath Soap - 100gms (Only for Sale in India),HL16-A01,525.00,active,Soaps,"Body Care, Body Care > Soaps",No,0,No,https://www.maroma.com/?s=Hemp%20Bath%20Soap%20-%20100gms%20(Only%20for%20Sale%20in%20India),search,https://maroma-development-sgw0qzbd.myshopify.com/products/hemp-bath-soap-100gms-only-for-sale-in-india,hemp bath soap only for sale in india,1,Review — no image,Missing image in Shopify
hemp-body-butter-100gms-only-for-sale-in-india,Hemp Body Butter - 100gms (Only for Sale in India),HL16-A02,960.00,active,Body Lotions & Body Butters,"Body Care, Body Care > Body Lotions & Body Butters",No,0,No,https://www.maroma.com/?s=Hemp%20Body%20Butter%20-%20100gms%20(Only%20for%20Sale%20in%20India),search,https://maroma-development-sgw0qzbd.myshopify.com/products/hemp-body-butter-100gms-only-for-sale-in-india,hemp body butter only for sale in india,1,Review — no image,Missing image in Shopify
hemp-face-cream-50gms-only-for-sale-in-india,Hemp Face Cream - 50gms (Only for Sale in India),HL16-A03,1040.00,active,Night Creams,"Face Care, Face Care > Night Creams",Yes,1,No,https://www.maroma.com/?s=Hemp%20Face%20Cream%20-%2050gms%20(Only%20for%20Sale%20in%20India),search,https://maroma-development-sgw0qzbd.myshopify.com/products/hemp-face-cream-50gms-only-for-sale-in-india,hemp face cream only for sale in india,1,Keep,
hemp-lip-care-5gms-only-for-sale-in-india,Hemp Lip Care - 5gms (Only for Sale in India),HL16-A05,220.00,active,Lip care,"Face Care, Face Care > Lip care",Yes,1,No,https://www.maroma.com/?s=Hemp%20Lip%20Care%20-%205gms%20(Only%20for%20Sale%20in%20India),search,https://maroma-development-sgw0qzbd.myshopify.com/products/hemp-lip-care-5gms-only-for-sale-in-india,hemp lip care only for sale in india,1,Keep,
hemp-serum-50gms-only-for-sale-in-india,Hemp Serum - 50gms (Only for Sale in India),HL16-A04,1310.00,active,Serums,"Face Care, Face Care > Serums",Yes,1,No,https://www.maroma.com/?s=Hemp%20Serum%20-%2050gms%20(Only%20for%20Sale%20in%20India),search,https://maroma-development-sgw0qzbd.myshopify.com/products/hemp-serum-50gms-only-for-sale-in-india,hemp serum only for sale in india,1,Keep,
herb-chest-incense-collection,Herb Chest Incense Collection,EA10-E25,1050.00,active,Incense Collection,"Gifting, Gifting > Gift Sets, Gifting > Incense Collection",Yes,1,Yes,https://www.maroma.com/product/incense-collection-herb-chest/,product,https://maroma-development-sgw0qzbd.myshopify.com/products/herb-chest-incense-collection,herb chest incense collection,1,Keep,Live on maroma.com with image
himalayan-cedarwood-conditioner-100ml,Himalayan Cedarwood Conditioner - 100ml,TL16-T25,630.00,active,Conditioners,"100ml, Calendula, Castor, Guaiac Wood, Hair, Hair > Conditioners, Himalayan Cedarwood, Oakmoss, Oats, Olive, Sesame",Yes,1,Yes,https://www.maroma.com/product/himalayan-cedarwood-conditioner-100ml/,product,https://maroma-development-sgw0qzbd.myshopify.com/products/himalayan-cedarwood-conditioner-100ml,himalayan cedarwood conditioner 100ml,1,Keep,Live on maroma.com with image
himalayan-cedarwood-shampoo-100ml,Himalayan Cedarwood Shampoo - 100ml,TL16-T45,630.00,active,Shampoos,"100ml, Calendula, Guaiac Wood, Hair, Hair > Shampoos, Himalayan Cedarwood, Oakmoss, Oats",Yes,1,Yes,https://www.maroma.com/product/himalayan-cedarwood-shampoo-100ml/,product,https://maroma-development-sgw0qzbd.myshopify.com/products/himalayan-cedarwood-shampoo-100ml,himalayan cedarwood shampoo 100ml,1,Keep,Live on maroma.com with image
himalayan-cedarwood-shower-gel-100ml,Himalayan Cedarwood Shower Gel - 100ml,TL16-T55,600.00,active,Shower Gels,"100ml, Bergamot, Body Care, Body Care > Shower Gels, Geranium, Lavender, Normal Skin, Rosemary, Sensitive Skin, Tired or Stressed Skin",Yes,1,Yes,https://www.maroma.com/product/himalayan-cedarwood-shower-gel-100ml/,product,https://maroma-development-sgw0qzbd.myshopify.com/products/himalayan-cedarwood-shower-gel-100ml,himalayan cedarwood shower gel 100ml,1,Keep,Live on maroma.com with image
holiday-hearth-fragrance-set,Holiday Hearth Fragrance Set,EA29-E69,3135.00,active,Gift Sets,"Gifting, Gifting > Gift Sets",Yes,1,Yes,https://www.maroma.com/product/holiday-hearth-fragrance-set/,product,https://maroma-development-sgw0qzbd.myshopify.com/products/holiday-hearth-fragrance-set,holiday hearth fragrance set,1,Keep,Live on maroma.com with image
home-fragrance-gift-set,Home Fragrance Gift Set,EA29-E61,1625.00,active,Gift Sets,"Gifting, Gifting > Gift Sets",Yes,1,No,https://www.maroma.com/?s=Home%20Fragrance%20Gift%20Set,search,https://maroma-development-sgw0qzbd.myshopify.com/products/home-fragrance-gift-set,home fragrance gift set,1,Keep,
hydra-glow-elixir-serum,Hydra Glow Elixir Serum,TL16-H22,2360.00,active,Luxury,"Aloe Vera, Bearberry, Dry Skin, Dull Skin, Face Care, Face Care > Luxury, Face Care > Serums, Hyaluronic acid, Licorice, Normal Skin, Oily & Blemish-Prone Skin, Panthenol, Rose, Tocopherol, Turmeric",Yes,1,Yes,https://www.maroma.com/product/hydra-glow-elixir-with-hyaluronic-acid-turmeric-licorice-bearberry-extracts/,product,https://maroma-development-sgw0qzbd.myshopify.com/products/hydra-glow-elixir-serum,hydra glow elixir serum,1,Keep,Live on maroma.com with image
impact,Impact,,12880.00,active,Art Candles,Home Essences > Ambience & Decor > Art Candles,Yes,1,No,https://www.maroma.com/?s=Impact,search,https://maroma-development-sgw0qzbd.myshopify.com/products/impact,impact,1,Keep,
incense-collection-giftset,Incense Collection-Giftset,EA10-E26,950.00,active,Incense Collection,"Gifting, Gifting > Incense Collection",Yes,1,No,https://www.maroma.com/?s=Incense%20Collection-Giftset,search,https://maroma-development-sgw0qzbd.myshopify.com/products/incense-collection-giftset,incense collection giftset,1,Keep,
incense-cone-votive-gift-set-frankincense-myrrh,Incense Cone & Votive Gift Set -Frankincense & Myrrh,CA29-C06,760.00,active,Cone Incense & Votive,"Gifting, Gifting > Cone Incense & Votive",Yes,1,No,https://www.maroma.com/?s=Incense%20Cone%20%26%20Votive%20Gift%20Set%20-Frankincense%20%26%20Myrrh,search,https://maroma-development-sgw0qzbd.myshopify.com/products/incense-cone-votive-gift-set-frankincense-myrrh,incense cone votive gift set frankincense myrrh,1,Keep,
incense-cone-votive-gift-set-sandalwood,Incense Cone & Votive Gift Set -Sandalwood,CA29-C09,760.00,active,Cone Incense & Votive,"Gifting, Gifting > Cone Incense & Votive",Yes,1,No,https://www.maroma.com/?s=Incense%20Cone%20%26%20Votive%20Gift%20Set%20-Sandalwood,search,https://maroma-development-sgw0qzbd.myshopify.com/products/incense-cone-votive-gift-set-sandalwood,incense cone votive gift set sandalwood,1,Keep,
incense-leaves-votive-gift-set-zen,Incense Leaves & Votive Gift Set - Zen,CA29-C36,760.00,active,Incense Leaves & Votive,"Gifting, Gifting > Incense Leaves & Votive",Yes,1,No,https://www.maroma.com/?s=Incense%20Leaves%20%26%20Votive%20Gift%20Set%20-%20Zen,search,https://maroma-development-sgw0qzbd.myshopify.com/products/incense-leaves-votive-gift-set-zen,incense leaves votive gift set zen,1,Keep,
inner-peace-kalki-incense-50-sticks,Inner Peace Kalki Incense - 50 Sticks,KI10-D08,600.00,active,Bulk Incense 50 Sticks,"Home Essences, Home Essences > Fragrance for Spaces > Incense, Home Essences > Fragrance for Spaces > Incense > Bulk Incense 50 Sticks",Yes,1,Yes,https://www.maroma.com/product/kalki-bulk-incense-inner-peace/,product,https://maroma-development-sgw0qzbd.myshopify.com/products/inner-peace-kalki-incense-50-sticks,inner peace kalki incense 50 sticks,1,Keep,Live on maroma.com with image
inner-peace-kalki-votive-70g,Inner Peace Kalki Votive - 70g,,420.00,active,Votive,"Home Essences, Home Essences > Ambience & Decor > Candles, Home Essences > Ambience & Decor > Candles > Votive",Yes,1,No,https://www.maroma.com/?s=Inner%20Peace%20Kalki%20Votive%20-%2070g,search,https://maroma-development-sgw0qzbd.myshopify.com/products/inner-peace-kalki-votive-70g,inner peace kalki votive 70g,1,Keep,
inspire-aromatherapy-roll-on-perfume,Inspire Aromatherapy Roll-On Perfume,MS14-B04,550.00,active,Aromatherapy Roll On,"100% natural, Citrus & Fresh, Energizing & Uplifting, GRAPEFRUIT, Grapeseed, Palmarosa, Perfumes, Perfumes > Aromatherapy, Perfumes > Aromatherapy > Aromatherapy Roll On, Ylang Ylang",Yes,1,Yes,https://www.maroma.com/product/inspire-aromatherapy-roll-on-perfume/,product,https://maroma-development-sgw0qzbd.myshopify.com/products/inspire-aromatherapy-roll-on-perfume,inspire aromatherapy roll on perfume,1,Keep,Live on maroma.com with image
intensity,Intensity,,47360.00,active,Art Candles,Home Essences > Ambience & Decor > Art Candles,Yes,1,No,https://www.maroma.com/?s=Intensity,search,https://maroma-development-sgw0qzbd.myshopify.com/products/intensity,intensity,1,Keep,
intersection,Intersection,,54760.00,active,Art Candles,Home Essences > Ambience & Decor > Art Candles,Yes,1,No,https://www.maroma.com/?s=Intersection,search,https://maroma-development-sgw0qzbd.myshopify.com/products/intersection,intersection,1,Keep,
into-the-night-cone-incense,Into the Night Cone Incense,EA27-A07,260.00,active,Cone Incense,"Encens D'Auroville, Encens D'Auroville > Cone Incense, Home Essences, Home Essences > Fragrance for Spaces > Incense, Home Essences > Fragrance for Spaces > Incense > Cone Incense",Yes,1,Yes,https://www.maroma.com/product/into-the-night-cone-incense/,product,https://maroma-development-sgw0qzbd.myshopify.com/products/into-the-night-cone-incense,into the night cone incense,1,Keep,Live on maroma.com with image
into-the-night-jute-sachet,Into the Night Jute Sachet,EA13-E12,600.00,active,Jute Sachet,"Home Essences, Home Essences > Fragrance for Spaces > Fragrance Sachets, Home Essences > Fragrance for Spaces > Fragrance Sachets > Jute Sachet",Yes,1,Yes,https://www.maroma.com/product/seed-perfume-sachet-into-the-night/,product,https://maroma-development-sgw0qzbd.myshopify.com/products/into-the-night-jute-sachet,into the night jute sachet,1,Keep,Live on maroma.com with image
into-the-night-pillar-candle,Into the Night Pillar Candle,CN11-C07,360.00,active,Pillar,"Home Essences, Home Essences > Ambience & Decor > Candles, Home Essences > Ambience & Decor > Candles > Pillar",Yes,1,No,https://www.maroma.com/?s=Into%20the%20Night%20Pillar%20Candle,search,https://maroma-development-sgw0qzbd.myshopify.com/products/into-the-night-pillar-candle,into the night pillar candle,1,Keep,
intrigue-eau-de-toilette-for-man,Intrigue Eau De Toilette for Man,ML14-A54,995.00,active,Eau de Toilette,"Men, Men > Fragrance > Eau de Toilette, Perfumes, Perfumes > Eau de Toilette",Yes,1,No,https://www.maroma.com/?s=Intrigue%20Eau%20De%20Toilette%20for%20Man,search,https://maroma-development-sgw0qzbd.myshopify.com/products/intrigue-eau-de-toilette-for-man,intrigue eau de toilette,1,Keep,
intrigue-orange-patchouli-eau-de-toilette,Intrigue Orange Patchouli Eau de Toilette,,1210.00,active,Eau de Toilette,"Elemi, Geranium, Lemon, Men, Men > Fragrance, Men > Fragrance > Eau de Toilette, Nutmeg, Orange, Patchouli, Perfumes, Perfumes > Eau de Toilette, Rosemary, Shiu",Yes,1,No,https://www.maroma.com/?s=Intrigue%20Orange%20Patchouli%20Eau%20de%20Toilette,search,https://maroma-development-sgw0qzbd.myshopify.com/products/intrigue-orange-patchouli-eau-de-toilette,intrigue orange patchouli eau de toilette,1,Keep,
jasmine-95gms,Jasmine - 95gms,TL39-A11,520.00,active,Votive,"Gifting, Home Essences, Home Essences > Ambience & Decor > Candles, Home Essences > Ambience & Decor > Candles > Votive",Yes,1,No,https://www.maroma.com/?s=Jasmine%20-%2095gms,search,https://maroma-development-sgw0qzbd.myshopify.com/products/jasmine-95gms,jasmine,1,Keep,
jasmine-cone-incense,Jasmine Cone Incense,EA27-A08,260.00,active,Cone Incense,"Encens D'Auroville, Encens D'Auroville > Cone Incense, Home Essences, Home Essences > Fragrance for Spaces > Incense, Home Essences > Fragrance for Spaces > Incense > Cone Incense",Yes,1,Yes,https://www.maroma.com/product/jasmine-cone-incense/,product,https://maroma-development-sgw0qzbd.myshopify.com/products/jasmine-cone-incense,jasmine cone incense,1,Keep,Live on maroma.com with image
jasmine-cylindric-with-leaf-100-gms,Jasmine Cylindric with Leaf 100 Gms.,CA11-B04,470.00,active,Pillar,"Home Essences, Home Essences > Ambience & Decor > Candles, Home Essences > Ambience & Decor > Candles > Pillar",Yes,1,No,https://www.maroma.com/?s=Jasmine%20Cylindric%20with%20Leaf%20100%20Gms.,search,https://maroma-development-sgw0qzbd.myshopify.com/products/jasmine-cylindric-with-leaf-100-gms,jasmine cylindric with leaf 100 gms,1,Keep,
jasmine-cylindric-with-leaf-140-gms,Jasmine Cylindric with Leaf 140 Gms.,CA11-B06,470.00,active,Pillar,"Home Essences, Home Essences > Ambience & Decor > Candles, Home Essences > Ambience & Decor > Candles > Pillar",Yes,1,No,https://www.maroma.com/?s=Jasmine%20Cylindric%20with%20Leaf%20140%20Gms.,search,https://maroma-development-sgw0qzbd.myshopify.com/products/jasmine-cylindric-with-leaf-140-gms,jasmine cylindric with leaf 140 gms,1,Keep,
jasmine-cylindric-with-leaf-200-gms,Jasmine Cylindric With Leaf 200 Gms.,CA11-B08,650.00,active,Pillar,"Home Essences, Home Essences > Ambience & Decor > Candles, Home Essences > Ambience & Decor > Candles > Pillar",Yes,1,No,https://www.maroma.com/?s=Jasmine%20Cylindric%20With%20Leaf%20200%20Gms.,search,https://maroma-development-sgw0qzbd.myshopify.com/products/jasmine-cylindric-with-leaf-200-gms,jasmine cylindric with leaf 200 gms,1,Keep,
jasmine-cylindric-with-leaf-280-gms,Jasmine Cylindric With Leaf 280 Gms.,,865.00,active,Pillar,"Home Essences, Home Essences > Ambience & Decor > Candles, Home Essences > Ambience & Decor > Candles > Pillar",Yes,1,No,https://www.maroma.com/?s=Jasmine%20Cylindric%20With%20Leaf%20280%20Gms.,search,https://maroma-development-sgw0qzbd.myshopify.com/products/jasmine-cylindric-with-leaf-280-gms,jasmine cylindric with leaf 280 gms,1,Keep,
jasmine-cylindric-with-leaf-300-gms,Jasmine Cylindric With Leaf 300 Gms.,,900.00,active,Pillar,"Home Essences, Home Essences > Ambience & Decor > Candles, Home Essences > Ambience & Decor > Candles > Pillar",Yes,1,No,https://www.maroma.com/?s=Jasmine%20Cylindric%20With%20Leaf%20300%20Gms.,search,https://maroma-development-sgw0qzbd.myshopify.com/products/jasmine-cylindric-with-leaf-300-gms,jasmine cylindric with leaf 300 gms,1,Keep,
jasmine-cylindric-with-leaf-600-gms,Jasmine Cylindric with Leaf 600 Gms.,,1485.00,active,Pillar,"Home Essences, Home Essences > Ambience & Decor > Candles, Home Essences > Ambience & Decor > Candles > Pillar",Yes,1,No,https://www.maroma.com/?s=Jasmine%20Cylindric%20with%20Leaf%20600%20Gms.,search,https://maroma-development-sgw0qzbd.myshopify.com/products/jasmine-cylindric-with-leaf-600-gms,jasmine cylindric with leaf 600 gms,1,Keep,
jasmine-75gms-each,Jasmine - 75gms each,,460.00,active,Pillar,"Home Essences, Home Essences > Ambience & Decor > Candles, Home Essences > Ambience & Decor > Candles > Pillar",Yes,1,No,https://www.maroma.com/?s=Jasmine%20-%2075gms%20each,search,https://maroma-development-sgw0qzbd.myshopify.com/products/jasmine-75gms-each,jasmine each,1,Keep,
jasmine-essential-gift-set,Jasmine Essential Gift Set,CA29-C25,760.00,active,Gift Sets,"Gifting, Gifting > Gift Sets",Yes,1,Yes,https://www.maroma.com/product/jasmine-essential-gift-set/,product,https://maroma-development-sgw0qzbd.myshopify.com/products/jasmine-essential-gift-set,jasmine essential gift set,1,Keep,Live on maroma.com with image
jasmine-incense-sticks,Jasmine Incense Sticks,EA10-A22,260.00,active,Encens D’auroville,"Encens D'Auroville, Energizing & Uplifting, Home Essences, Home Essences > Fragrance for Spaces > Incense, Home Essences > Fragrance for Spaces > Incense > Encens D’auroville, Romantic & Sensual",Yes,1,Yes,https://www.maroma.com/product/jasmine-10-incense-sticks/,product,https://maroma-development-sgw0qzbd.myshopify.com/products/jasmine-incense-sticks,jasmine incense sticks,1,Keep,Live on maroma.com with image
jasmine-jute-sachet,Jasmine Jute Sachet,EA13-E62,600.00,active,Jute Sachet,"Home Essences, Home Essences > Fragrance for Spaces > Fragrance Sachets, Home Essences > Fragrance for Spaces > Fragrance Sachets > Jute Sachet",Yes,1,Yes,https://www.maroma.com/product/flower-jute-sachet-jasmine/,product,https://maroma-development-sgw0qzbd.myshopify.com/products/jasmine-jute-sachet,jasmine jute sachet,1,Keep,Live on maroma.com with image
jasmine-sambac-pillar-candle,Jasmine Sambac Pillar Candle,,360.00,active,Pillar,"Home Essences, Home Essences > Ambience & Decor > Candles, Home Essences > Ambience & Decor > Candles > Pillar",Yes,1,No,https://www.maroma.com/?s=Jasmine%20Sambac%20Pillar%20Candle,search,https://maroma-development-sgw0qzbd.myshopify.com/products/jasmine-sambac-pillar-candle,jasmine sambac pillar candle,1,Keep,
jasmine-scented-candle,Jasmine Scented Candle,,530.00,active,Pillar,"Home Essences, Home Essences > Ambience & Decor > Candles, Home Essences > Ambience & Decor > Candles > Pillar",Yes,1,No,https://www.maroma.com/?s=Jasmine%20Scented%20Candle,search,https://maroma-development-sgw0qzbd.myshopify.com/products/jasmine-scented-candle,jasmine scented candle,1,Keep,
jasmine-scented-wooden-leaf-diffuser,Jasmine Scented Wooden Leaf Diffuser,EA36-A13,800.00,active,Scented Wood Leaf,"Home Essences, Home Essences > Fragrance for Spaces > Scented Wood Leaf",Yes,1,No,https://www.maroma.com/?s=Jasmine%20Scented%20Wooden%20Leaf%20Diffuser,search,https://maroma-development-sgw0qzbd.myshopify.com/products/jasmine-scented-wooden-leaf-diffuser,jasmine scented wooden leaf diffuser,1,Keep,
jasmine-square-sachet,Jasmine Square Sachet,TL13-A11,240.00,active,Wardrobe Sachet-Aromatic,"Home Essences, Home Essences > Fragrance for Spaces > Fragrance Sachets, Home Essences > Fragrance for Spaces > Fragrance Sachets > Wardrobe Sachet-Aromatic",Yes,1,No,https://www.maroma.com/?s=Jasmine%20Square%20Sachet,search,https://maroma-development-sgw0qzbd.myshopify.com/products/jasmine-square-sachet,jasmine square sachet,1,Keep,
jasmine-square-with-leaf-300-gms,Jasmine Square with Leaf 300 Gms.,,900.00,active,Pillar,"Home Essences, Home Essences > Ambience & Decor > Candles, Home Essences > Ambience & Decor > Candles > Pillar",Yes,1,No,https://www.maroma.com/?s=Jasmine%20Square%20with%20Leaf%20300%20Gms.,search,https://maroma-development-sgw0qzbd.myshopify.com/products/jasmine-square-with-leaf-300-gms,jasmine square with leaf 300 gms,1,Keep,
jasmine-square-with-leaf-600-gms,Jasmine Square with Leaf 600 Gms.,CA11-B20,1485.00,active,Pillar,"Home Essences, Home Essences > Ambience & Decor > Candles, Home Essences > Ambience & Decor > Candles > Pillar",Yes,1,No,https://www.maroma.com/?s=Jasmine%20Square%20with%20Leaf%20600%20Gms.,search,https://maroma-development-sgw0qzbd.myshopify.com/products/jasmine-square-with-leaf-600-gms,jasmine square with leaf 600 gms,1,Keep,
jasmine-votive-95g,Jasmine Votive - 95g,,520.00,active,Votive,"Home Essences, Home Essences > Ambience & Decor > Candles, Home Essences > Ambience & Decor > Candles > Votive",Yes,1,No,https://www.maroma.com/?s=Jasmine%20Votive%20-%2095g,search,https://maroma-development-sgw0qzbd.myshopify.com/products/jasmine-votive-95g,jasmine votive 95g,1,Keep,
joy,Joy,,25160.00,active,Art Candles,Home Essences > Ambience & Decor > Art Candles,Yes,1,No,https://www.maroma.com/?s=Joy,search,https://maroma-development-sgw0qzbd.myshopify.com/products/joy,joy,1,Keep,
juniper-cone-incense,Juniper Cone Incense,EA27-A30,260.00,active,Cone Incense,"Encens D'Auroville, Encens D'Auroville > Cone Incense, Home Essences, Home Essences > Fragrance for Spaces > Incense, Home Essences > Fragrance for Spaces > Incense > Cone Incense",Yes,1,Yes,https://www.maroma.com/product/juniper-cone-incense/,product,https://maroma-development-sgw0qzbd.myshopify.com/products/juniper-cone-incense,juniper cone incense,1,Keep,Live on maroma.com with image
juniper-incense-sticks,Juniper Incense Sticks,EA10-A93,260.00,active,Encens D’auroville,"100% natural, Encens D'Auroville, Energizing & Uplifting, Home Essences, Home Essences > Fragrance for Spaces > Incense, Home Essences > Fragrance for Spaces > Incense > Encens D’auroville, Refreshing & Cleansing",Yes,1,Yes,https://www.maroma.com/product/juniper-10-incense-sticks/,product,https://maroma-development-sgw0qzbd.myshopify.com/products/juniper-incense-sticks,juniper incense sticks,1,Keep,Live on maroma.com with image
juniper-smudging-incense-wands,Juniper Smudging Incense Wands,EA26-D23,380.00,active,Smudge Leaf Incense,"Home Essences, Home Essences > Fragrance for Spaces > Incense, Home Essences > Fragrance for Spaces > Incense > Smudge Leaf Incense",Yes,1,Yes,https://www.maroma.com/product/smudge-leaf-wands-juniper/,product,https://maroma-development-sgw0qzbd.myshopify.com/products/juniper-smudging-incense-wands,juniper smudging incense wands,1,Keep,Live on maroma.com with image
kalki-gift-set-light-fragrance-for-the-festive-season,Kalki Gift Set - Light & Fragrance for the Festive Season,EA29-E69-1,2275.00,active,Gift Sets,"Gifting, Gifting > Gift Sets",Yes,1,No,https://www.maroma.com/?s=Kalki%20Gift%20Set%20-%20Light%20%26%20Fragrance%20for%20the%20Festive%20Season,search,https://maroma-development-sgw0qzbd.myshopify.com/products/kalki-gift-set-light-fragrance-for-the-festive-season,kalki gift set light fragrance for the festive season,1,Keep,
kalki-votive-blessing-95gms,Kalki Votive Blessing - 95gms,KI39-A28,520.00,active,Votive,"Home Essences, Home Essences > Ambience & Decor > Candles, Home Essences > Ambience & Decor > Candles > Votive",Yes,1,No,https://www.maroma.com/?s=Kalki%20Votive%20Blessing%20-%2095gms,search,https://maroma-development-sgw0qzbd.myshopify.com/products/kalki-votive-blessing-95gms,kalki votive blessing,1,Keep,
kalki-votive-clarity-70gms,Kalki Votive Clarity - 70gms,,420.00,active,Votive,"Home Essences, Home Essences > Ambience & Decor > Candles, Home Essences > Ambience & Decor > Candles > Votive",Yes,1,No,https://www.maroma.com/?s=Kalki%20Votive%20Clarity%20-%2070gms,search,https://maroma-development-sgw0qzbd.myshopify.com/products/kalki-votive-clarity-70gms,kalki votive clarity,1,Keep,
kalki-votive-white-lotus-70gms,Kalki Votive White Lotus -70gms,KI39-A06,420.00,active,Votive,"Home Essences, Home Essences > Ambience & Decor > Candles, Home Essences > Ambience & Decor > Candles > Votive",Yes,1,No,https://www.maroma.com/?s=Kalki%20Votive%20White%20Lotus%20-70gms,search,https://maroma-development-sgw0qzbd.myshopify.com/products/kalki-votive-white-lotus-70gms,kalki votive white lotus,1,Keep,
knowledge,Knowledge,,55690.00,active,Art Candles,Home Essences > Ambience & Decor > Art Candles,Yes,1,No,https://www.maroma.com/?s=Knowledge,search,https://maroma-development-sgw0qzbd.myshopify.com/products/knowledge,knowledge,1,Keep,
kolibri-spray-100ml,Kolibri Spray - 100ml,KL16-A01,925.00,active,Face Care,"Colibri, Face Care",Yes,1,No,https://www.maroma.com/?s=Kolibri%20Spray%20-%20100ml,search,https://maroma-development-sgw0qzbd.myshopify.com/products/kolibri-spray-100ml,kolibri spray 100ml,1,Keep,
la-terre-t-01,La Terre T 01,T-01,0.00,active,Body Care,Body Care,No,0,No,https://www.maroma.com/?s=La%20Terre%20T%2001,search,https://maroma-development-sgw0qzbd.myshopify.com/products/la-terre-t-01,la terre t 01,1,Review — no image,Missing image in Shopify
la-terre-t-06,La Terre T 06,T-06,0.00,active,Body Care,Body Care,No,0,No,https://www.maroma.com/?s=La%20Terre%20T%2006,search,https://maroma-development-sgw0qzbd.myshopify.com/products/la-terre-t-06,la terre t 06,1,Review — no image,Missing image in Shopify
la-terre-t-07,La Terre T 07,T-07,0.00,active,Body Care,Body Care,No,0,No,https://www.maroma.com/?s=La%20Terre%20T%2007,search,https://maroma-development-sgw0qzbd.myshopify.com/products/la-terre-t-07,la terre t 07,1,Review — no image,Missing image in Shopify
la-terre-t-08,La Terre T 08,T-08,0.00,active,Body Care,Body Care,No,0,No,https://www.maroma.com/?s=La%20Terre%20T%2008,search,https://maroma-development-sgw0qzbd.myshopify.com/products/la-terre-t-08,la terre t 08,1,Review — no image,Missing image in Shopify
la-terre-t-12,La Terre T 12,T-12,0.00,active,Body Care,Body Care,No,0,No,https://www.maroma.com/?s=La%20Terre%20T%2012,search,https://maroma-development-sgw0qzbd.myshopify.com/products/la-terre-t-12,la terre t 12,1,Review — no image,Missing image in Shopify
la-terre-t-13,La Terre T 13,T-13,0.00,active,Body Care,Body Care,No,0,No,https://www.maroma.com/?s=La%20Terre%20T%2013,search,https://maroma-development-sgw0qzbd.myshopify.com/products/la-terre-t-13,la terre t 13,1,Review — no image,Missing image in Shopify
large-lavender-colibri-incense-cone,Large Lavender Colibri Incense Cone,CL27-A04,140.00,active,Colibri Incense,"Colibri, Colibri > Incense, Colibri > Incense > Incense Cones, Home Essences, Home Essences > Everyday Essentials, Home Essences > Everyday Essentials > Colibri Range, Home Essences > Fragrance for Spaces > Incense > Colibri Incense, Home Essences > Fragrance for Spaces > Incense > Cone Incense",Yes,1,Yes,https://www.maroma.com/product/lavender-colibri-big-cone/,product,https://maroma-development-sgw0qzbd.myshopify.com/products/large-lavender-colibri-incense-cone,large lavender colibri incense cone,1,Keep,Live on maroma.com with image
large-lemongrass-colibri-incense-cone,Large Lemongrass Colibri Incense Cone,CL27-A02,140.00,active,Colibri Incense,"Colibri, Colibri > Incense, Colibri > Incense > Incense Cones, Home Essences, Home Essences > Everyday Essentials, Home Essences > Everyday Essentials > Colibri Range, Home Essences > Fragrance for Spaces > Incense, Home Essences > Fragrance for Spaces > Incense > Colibri Incense",Yes,1,Yes,https://www.maroma.com/product/lemongrass-colibri-big-cone/,product,https://maroma-development-sgw0qzbd.myshopify.com/products/large-lemongrass-colibri-incense-cone,large lemongrass colibri incense cone,1,Keep,Live on maroma.com with image
large-love-heart-candle,Large Love Heart Candle,CA11-A87,5000.00,active,Candles,"Gifting > Gift Sets, Home Essences > Ambience & Decor > Candles, Valentine's Day Special",Yes,1,Yes,https://www.maroma.com/product/large-love-heart-candle/,product,https://maroma-development-sgw0qzbd.myshopify.com/products/large-love-heart-candle,large love heart candle,1,Keep,Live on maroma.com with image
lavender-100-natural-essential-oil-10ml,Lavender 100% Natural Essential Oil - 10ml,NE15-A26,1400.00,active,Diffuser Oils,"Home Essences, Home Essences > Fragrance for Spaces > Diffusers & Ambient Perfumes, Home Essences > Fragrance for Spaces > Diffusers & Ambient Perfumes > Diffuser Oils, Home Essences > Fragrance for Spaces > Essential Oils > Natural Essential Oil",Yes,1,Yes,https://www.maroma.com/product/natural-essential-oil-lavender-10ml/,product,https://maroma-development-sgw0qzbd.myshopify.com/products/lavender-100-natural-essential-oil-10ml,lavender 100 natural essential oil 10ml,1,Keep,Live on maroma.com with image
lavender-and-bergamot-deodorant,Lavender and Bergamot Deodorant,TL16-O26,700.00,active,Deodorant,"Body Care, Body Care > Deodorant",Yes,1,Yes,https://www.maroma.com/product/deodorant-lavender-and-bergamot-50ml/,product,https://maroma-development-sgw0qzbd.myshopify.com/products/lavender-and-bergamot-deodorant,lavender and bergamot deodorant,1,Keep,Live on maroma.com with image
lavender-bambooless-incense-pack-of-20,Lavender Bambooless Incense. Pack of 20,EA10-I02,600.00,active,Bambooless,"Home Essences, Home Essences > Fragrance for Spaces > Incense, Home Essences > Fragrance for Spaces > Incense > Bambooless",Yes,1,Yes,https://www.maroma.com/product/bamboo-free-incense-lavender/,product,https://maroma-development-sgw0qzbd.myshopify.com/products/lavender-bambooless-incense-pack-of-20,lavender bambooless incense pack of 20,1,Keep,Live on maroma.com with image
lavender-body-lotion,Lavender Body Lotion,TL16-T03,600.00,active,Body Lotions,"100ml, Bergamot, Body Care, Body Care > Body Lotions & Body Butters, Body Care > Body Lotions & Body Butters > Body Lotions, Geranium, Lavender, Normal Skin, Rosemary, Sensitive Skin, Sesame, Shea Butter, Tired or Stressed Skin",Yes,1,No,https://www.maroma.com/?s=Lavender%20Body%20Lotion,search,https://maroma-development-sgw0qzbd.myshopify.com/products/lavender-body-lotion,lavender body lotion,1,Keep,
lavender-body-lotion-125ml,Lavender Body Lotion - 125ml,TL16-E82,500.00,active,Body Lotions & Body Butters,"Body Care, Body Care > Body Lotions & Body Butters",Yes,1,No,https://www.maroma.com/?s=Lavender%20Body%20Lotion%20-%20125ml,search,https://maroma-development-sgw0qzbd.myshopify.com/products/lavender-body-lotion-125ml,lavender body lotion 125ml,1,Keep,
lavender-body-oil,Lavender Body Oil,TL16-S38,510.00,active,Massage & Body Oils,"Apricot, Bergamot, Body Care, Body Care > Massage & Body Oils, Geranium, Lavender",Yes,1,Yes,https://www.maroma.com/product/body-massage-oil-lavender-100ml/,product,https://maroma-development-sgw0qzbd.myshopify.com/products/lavender-body-oil,lavender body oil,1,Keep,Live on maroma.com with image
lavender-cherry-blossom-peach-vanilla-60gms-each-triple-scented-pack-of-2,"Lavender, Cherry Blossom, Peach Vanilla - 60gms Each Triple Scented (Pack of 2)",CA11-R04,420.00,active,Pillar,"Home Essences, Home Essences > Ambience & Decor > Candles, Home Essences > Ambience & Decor > Candles > Pillar",Yes,1,Yes,https://www.maroma.com/product/lavender-cherryblossom-peachvanilla-75gms-triple-scented/,product,https://maroma-development-sgw0qzbd.myshopify.com/products/lavender-cherry-blossom-peach-vanilla-60gms-each-triple-scented-pack-of-2,lavender cherry blossom peach vanilla each triple scented pack of 2,1,Keep,Live on maroma.com with image
lavender-cherry-blossom-peach-vanilla-100gms-triple-scented,"Lavender, Cherry Blossom, Peach Vanilla - 100gms Triple Scented",,370.00,active,Pillar,"Home Essences, Home Essences > Ambience & Decor > Candles, Home Essences > Ambience & Decor > Candles > Pillar",Yes,1,No,https://www.maroma.com/?s=Lavender%2C%20Cherry%20Blossom%2C%20Peach%20Vanilla%20-%20100gms%20Triple%20Scented,search,https://maroma-development-sgw0qzbd.myshopify.com/products/lavender-cherry-blossom-peach-vanilla-100gms-triple-scented,lavender cherry blossom peach vanilla triple scented,1,Keep,
lavender-cherry-blossom-peach-vanilla-triple-scented-candle,"Lavender, Cherry Blossom, Peach Vanilla Triple Scented Candle",,370.00,active,Pillar,"Home Essences, Home Essences > Ambience & Decor > Candles, Home Essences > Ambience & Decor > Candles > Pillar, Valentine's Day Special",Yes,1,No,https://www.maroma.com/?s=Lavender%2C%20Cherry%20Blossom%2C%20Peach%20Vanilla%20Triple%20Scented%20Candle,search,https://maroma-development-sgw0qzbd.myshopify.com/products/lavender-cherry-blossom-peach-vanilla-triple-scented-candle,lavender cherry blossom peach vanilla triple scented candle,1,Keep,
lavender-conditioner-with-rosemary-extract,Lavender Conditioner with Rosemary Extract,TL16-T23,630.00,active,Conditioners,"100ml, Bergamot, Castor, Dry / Dehydrated Hair, Fenugreek, Frizz Control, Geranium, Hair, Hair > Conditioners, Lavender, Olive, Rosemary, Sesame, Shea Butter, Shine / Nourishment",Yes,1,No,https://www.maroma.com/?s=Lavender%20Conditioner%20with%20Rosemary%20Extract,search,https://maroma-development-sgw0qzbd.myshopify.com/products/lavender-conditioner-with-rosemary-extract,lavender conditioner with rosemary extract,1,Keep,
lavender-cone-incense,Lavender Cone Incense,EA27-A09,260.00,active,Cone Incense,"Encens D'Auroville, Encens D'Auroville > Cone Incense, Home Essences, Home Essences > Fragrance for Spaces > Incense, Home Essences > Fragrance for Spaces > Incense > Cone Incense",Yes,1,Yes,https://www.maroma.com/product/lavender-cone-incense/,product,https://maroma-development-sgw0qzbd.myshopify.com/products/lavender-cone-incense,lavender cone incense,1,Keep,Live on maroma.com with image
lavender-dreams-ambient-perfume-10ml,Lavender Dreams Ambient Perfume - 10ml,EA14-B09,435.00,active,Ambient Perfumes,"Home Essences, Home Essences > Fragrance for Spaces > Diffusers & Ambient Perfumes, Home Essences > Fragrance for Spaces > Diffusers & Ambient Perfumes > Ambient Perfumes, Home Essences > Fragrance for Spaces > Diffusers & Ambient Perfumes > Diffuser Oils",Yes,1,Yes,https://www.maroma.com/product/ambient-perfume-lavender-10ml/,product,https://maroma-development-sgw0qzbd.myshopify.com/products/lavender-dreams-ambient-perfume-10ml,lavender dreams ambient perfume 10ml,1,Keep,Live on maroma.com with image
lavender-dreams-hanging-perfumed-sachet,Lavender Dreams Hanging Perfumed Sachet,EA13-B05,335.00,active,Wardrobe Sachet-Aromatic,"Featured, Home Essences, Home Essences > Fragrance for Spaces > Fragrance Sachets, Home Essences > Fragrance for Spaces > Fragrance Sachets > Wardrobe Sachet-Aromatic",Yes,1,Yes,https://www.maroma.com/product/perfumed-hanging-sachet-lavender-dreams/,product,https://maroma-development-sgw0qzbd.myshopify.com/products/lavender-dreams-hanging-perfumed-sachet,lavender dreams hanging perfumed sachet,1,Keep,Live on maroma.com with image
lavender-dreams-perfume-sachet,Lavender Dreams Perfume Sachet,,175.00,active,Wardrobe Sachet-Aromatic,"Featured, Home Essences, Home Essences > Fragrance for Spaces > Fragrance Sachets, Home Essences > Fragrance for Spaces > Fragrance Sachets > Wardrobe Sachet-Aromatic",Yes,1,No,https://www.maroma.com/?s=Lavender%20Dreams%20Perfume%20Sachet,search,https://maroma-development-sgw0qzbd.myshopify.com/products/lavender-dreams-perfume-sachet,lavender dreams perfume sachet,1,Keep,
lavender-dreams-perfumed-sachet,Lavender Dreams Perfumed Sachet,EA13-A05,240.00,active,Wardrobe Sachet-Aromatic,"Home Essences, Home Essences > Fragrance for Spaces > Fragrance Sachets, Home Essences > Fragrance for Spaces > Fragrance Sachets > Wardrobe Sachet-Aromatic",Yes,1,Yes,https://www.maroma.com/product/perfumed-square-sachet-lavender-dreams/,product,https://maroma-development-sgw0qzbd.myshopify.com/products/lavender-dreams-perfumed-sachet,lavender dreams perfumed sachet,1,Keep,Live on maroma.com with image
lavender-dreams-potpourri,Lavender Dreams Potpourri,EA17-E05,710.00,active,Potpourri,"Home Essences, Home Essences > Fragrance for Spaces > Potpourri",Yes,1,Yes,https://www.maroma.com/product/potpourri-lavender-dreams/,product,https://maroma-development-sgw0qzbd.myshopify.com/products/lavender-dreams-potpourri,lavender dreams potpourri,1,Keep,Live on maroma.com with image
lavender-dreams-reed-diffuser,Lavender Dreams Reed Diffuser,EA14-H53,3485.00,active,Reed Diffuser,"Home Essences, Home Essences > Fragrance for Spaces > Diffusers & Ambient Perfumes > Reed Diffuser",Yes,1,No,https://www.maroma.com/?s=Lavender%20Dreams%20Reed%20Diffuser,search,https://maroma-development-sgw0qzbd.myshopify.com/products/lavender-dreams-reed-diffuser,lavender dreams reed diffuser,1,Keep,
lavender-essential-gift-set,Lavender Essential Gift Set,CA29-C33,760.00,active,Gift Sets,"Gifting, Gifting > Gift Sets",Yes,1,Yes,https://www.maroma.com/product/lavender-essential-gift-set/,product,https://maroma-development-sgw0qzbd.myshopify.com/products/lavender-essential-gift-set,lavender essential gift set,1,Keep,Live on maroma.com with image
lavender-hair-conditioner-125ml,Lavender Hair Conditioner - 125ml,TL16-D82,525.00,active,Conditioners,"Hair, Hair > Conditioners",Yes,1,No,https://www.maroma.com/?s=Lavender%20Hair%20Conditioner%20-%20125ml,search,https://maroma-development-sgw0qzbd.myshopify.com/products/lavender-hair-conditioner-125ml,lavender hair conditioner 125ml,1,Keep,
lavender-hair-oil-125ml,Lavender Hair Oil - 125ml,TL16-B52,800.00,active,Hair Oils,"Hair, Hair > Hair Oils",Yes,1,No,https://www.maroma.com/?s=Lavender%20Hair%20Oil%20-%20125ml,search,https://maroma-development-sgw0qzbd.myshopify.com/products/lavender-hair-oil-125ml,lavender hair oil 125ml,1,Keep,
lavender-hair-oil-with-rosemary-and-amla-oil,Lavender Hair Oil with Rosemary and Amla Oil,TL16-B37,545.00,active,Hair Oils,"Amla, Coconut, Dandruff / Scalp Health, Dry / Dehydrated Hair, Hair, Hair > Hair Oils, Hair Strengthening / Growth, Himalayan Cedarwood, Lavender, Rosemary, Sesame",Yes,1,Yes,https://www.maroma.com/product/lavender-hair-oil-100ml/,product,https://maroma-development-sgw0qzbd.myshopify.com/products/lavender-hair-oil-with-rosemary-and-amla-oil,lavender hair oil with rosemary and amla oil,1,Keep,Live on maroma.com with image
lavender-incense-sticks,Lavender Incense Sticks,EA10-A23,260.00,active,Encens D’auroville,"100% natural, Encens D'Auroville, Home Essences, Home Essences > Fragrance for Spaces > Incense, Home Essences > Fragrance for Spaces > Incense > Encens D’auroville, Relaxing & Calming",Yes,1,Yes,https://www.maroma.com/product/lavender-10-incense-sticks/,product,https://maroma-development-sgw0qzbd.myshopify.com/products/lavender-incense-sticks,lavender incense sticks,1,Keep,Live on maroma.com with image
lavender-jute-sachet,Lavender Jute Sachet,EA13-E05,600.00,active,Jute Sachet,"Featured, Home Essences, Home Essences > Fragrance for Spaces > Fragrance Sachets, Home Essences > Fragrance for Spaces > Fragrance Sachets > Jute Sachet",Yes,1,Yes,https://www.maroma.com/product/seed-perfume-sachet-lavender/,product,https://maroma-development-sgw0qzbd.myshopify.com/products/lavender-jute-sachet,lavender jute sachet,1,Keep,Live on maroma.com with image
lavender-mild-scrub-soap,Lavender Mild Scrub Soap,SS16-A80,480.00,active,Scrub Soap,"Bergamot, Body Care, Body Care > Soaps, Body Care > Soaps > Scrub Soap, Coconut, Dry & Dehydrated Skin, Geranium, Lavender, Mango Butter, Normal Skin, Rosemary, Sensitive Skin, Tired or Stressed Skin",Yes,1,Yes,https://www.maroma.com/product/mild-scrub-soap-lavender-100gms/,product,https://maroma-development-sgw0qzbd.myshopify.com/products/lavender-mild-scrub-soap,lavender mild scrub soap,1,Keep,Live on maroma.com with image
lavender-mini-sachet-pack-of-5,Lavender Mini Sachet - Pack of 5,CL13-A33,690.00,active,Colibri Anti Moth,"Colibri, Home Essences, Home Essences > Fragrance for Spaces > Fragrance Sachets, Home Essences > Fragrance for Spaces > Fragrance Sachets > Colibri Anti Moth",Yes,1,Yes,https://www.maroma.com/product/lavender-mini-sachet-strip/,product,https://maroma-development-sgw0qzbd.myshopify.com/products/lavender-mini-sachet-pack-of-5,lavender mini sachet pack of 5,1,Keep,Live on maroma.com with image
lavender-mist-75gms-each,Lavender Mist - 75gms each,,460.00,active,Pillar,"Home Essences, Home Essences > Ambience & Decor > Candles, Home Essences > Ambience & Decor > Candles > Pillar",Yes,1,No,https://www.maroma.com/?s=Lavender%20Mist%20-%2075gms%20each,search,https://maroma-development-sgw0qzbd.myshopify.com/products/lavender-mist-75gms-each,lavender mist each,1,Keep,
lavender-mist-pillar-candle,Lavender Mist Pillar Candle,CN11-C09,360.00,active,Pillar,"Home Essences, Home Essences > Ambience & Decor > Candles, Home Essences > Ambience & Decor > Candles > Pillar",Yes,1,No,https://www.maroma.com/?s=Lavender%20Mist%20Pillar%20Candle,search,https://maroma-development-sgw0qzbd.myshopify.com/products/lavender-mist-pillar-candle,lavender mist pillar candle,1,Keep,
lavender-rosemary-incense-sticks,Lavender Rosemary Incense Sticks,EA10-A69,260.00,active,Encens D’auroville,"100% natural, Encens D'Auroville, Home Essences, Home Essences > Fragrance for Spaces > Incense, Home Essences > Fragrance for Spaces > Incense > Encens D’auroville, Relaxing & Calming",Yes,1,Yes,https://www.maroma.com/product/lavender-rosemary-10-incense-sticks/,product,https://maroma-development-sgw0qzbd.myshopify.com/products/lavender-rosemary-incense-sticks,lavender rosemary incense sticks,1,Keep,Live on maroma.com with image
lavender-scented-candle,Lavender Scented Candle,,530.00,active,Pillar,"Home Essences, Home Essences > Ambience & Decor > Candles, Home Essences > Ambience & Decor > Candles > Pillar",Yes,1,No,https://www.maroma.com/?s=Lavender%20Scented%20Candle,search,https://maroma-development-sgw0qzbd.myshopify.com/products/lavender-scented-candle,lavender scented candle,1,Keep,
lavender-shampoo-125ml,Lavender Shampoo - 125ml,TL16-D72,550.00,active,Shampoos,"Hair, Hair > Shampoos",Yes,1,No,https://www.maroma.com/?s=Lavender%20Shampoo%20-%20125ml,search,https://maroma-development-sgw0qzbd.myshopify.com/products/lavender-shampoo-125ml,lavender shampoo 125ml,1,Keep,
lavender-shampoo-with-rosemary-extract,Lavender Shampoo with Rosemary Extract,TL16-T43,630.00,active,Shampoos,"100ml, Bergamot, Fenugreek, Frizz Control, Geranium, Hair, Hair > Shampoos, Hair Strengthening / Growth, Lavender, Rosemary",Yes,1,No,https://www.maroma.com/?s=Lavender%20Shampoo%20with%20Rosemary%20Extract,search,https://maroma-development-sgw0qzbd.myshopify.com/products/lavender-shampoo-with-rosemary-extract,lavender shampoo with rosemary extract,1,Keep,
lavender-shoe-sachet,Lavender - Shoe Sachet,CL13-A85,355.00,active,Home Essences,Home Essences,Yes,1,No,https://www.maroma.com/?s=Lavender%20-%20Shoe%20Sachet,search,https://maroma-development-sgw0qzbd.myshopify.com/products/lavender-shoe-sachet,lavender shoe sachet,1,Keep,
lavender-shower-gel,Lavender Shower Gel,TL16-T53,600.00,active,Shower Gels,"100ml, Bergamot, Body Care, Body Care > Shower Gels, Geranium, Lavender, Normal Skin, Rosemary, Sensitive Skin, Tired or Stressed Skin",Yes,1,No,https://www.maroma.com/?s=Lavender%20Shower%20Gel,search,https://maroma-development-sgw0qzbd.myshopify.com/products/lavender-shower-gel,lavender shower gel,1,Keep,
lavender-shower-gel-125ml,Lavender Shower Gel - 125ml,TL16-D92,600.00,active,Shower Gels,"Body Care, Body Care > Shower Gels, Gifting",Yes,1,No,https://www.maroma.com/?s=Lavender%20Shower%20Gel%20-%20125ml,search,https://maroma-development-sgw0qzbd.myshopify.com/products/lavender-shower-gel-125ml,lavender shower gel 125ml,1,Keep,
lavender-square-sachet,Lavender Square Sachet,TL13-A53,240.00,active,Wardrobe Sachet-Aromatic,"Home Essences, Home Essences > Fragrance for Spaces > Fragrance Sachets, Home Essences > Fragrance for Spaces > Fragrance Sachets > Wardrobe Sachet-Aromatic",Yes,1,No,https://www.maroma.com/?s=Lavender%20Square%20Sachet,search,https://maroma-development-sgw0qzbd.myshopify.com/products/lavender-square-sachet,lavender square sachet,1,Keep,
lavender-vinegar-deodorant-spray,Lavender & Vinegar Deodorant Spray,TL16-O73,550.00,active,Deodorant,"Bergamot, Body Care, Body Care > Deodorant, Combination Skin, Geranium, Lavender, Natural Vinegar, Normal Skin",Yes,1,Yes,https://www.maroma.com/product/deodorant-spray-lavender-with-vinegar-100-ml/,product,https://maroma-development-sgw0qzbd.myshopify.com/products/lavender-vinegar-deodorant-spray,lavender vinegar deodorant spray,1,Keep,Live on maroma.com with image
lavender-votive-95gms,Lavender Votive - 95gms,,520.00,active,Votive,"Home Essences, Home Essences > Ambience & Decor > Candles, Home Essences > Ambience & Decor > Candles > Votive",Yes,1,No,https://www.maroma.com/?s=Lavender%20Votive%20-%2095gms,search,https://maroma-development-sgw0qzbd.myshopify.com/products/lavender-votive-95gms,lavender votive,1,Keep,
lemon-100-natural-essential-oil-10ml,Lemon 100% Natural Essential Oil - 10ml,NE15-A27,720.00,active,Diffuser Oils,"Home Essences, Home Essences > Fragrance for Spaces > Diffusers & Ambient Perfumes, Home Essences > Fragrance for Spaces > Diffusers & Ambient Perfumes > Diffuser Oils, Home Essences > Fragrance for Spaces > Essential Oils > Natural Essential Oil",Yes,1,Yes,https://www.maroma.com/product/natural-essential-oil-lemon-10ml/,product,https://maroma-development-sgw0qzbd.myshopify.com/products/lemon-100-natural-essential-oil-10ml,lemon 100 natural essential oil 10ml,1,Keep,Live on maroma.com with image
lemon-lip-balm,Lemon Lip Balm,TL16-O79,220.00,active,Lip care,"Almond, Beeswax, Dry Skin, Face Care, Face Care > Lip care, Jojoba, Moisturising, Normal Skin, not vegan, Protective, Revitalising, Shea Butter",Yes,1,Yes,https://www.maroma.com/product/lemon-lip-care-5gms/,product,https://maroma-development-sgw0qzbd.myshopify.com/products/lemon-lip-balm,lemon lip balm,1,Keep,Live on maroma.com with image
lemon-verbena-incense-sticks,Lemon Verbena Incense Sticks,EA10-A25,260.00,active,Encens D’auroville,"100% natural, Encens D'Auroville, Energizing & Uplifting, Home Essences, Home Essences > Fragrance for Spaces > Incense, Home Essences > Fragrance for Spaces > Incense > Encens D’auroville, Refreshing & Cleansing",Yes,1,Yes,https://www.maroma.com/product/lemon-verbena-10-incense-sticks/,product,https://maroma-development-sgw0qzbd.myshopify.com/products/lemon-verbena-incense-sticks,lemon verbena incense sticks,1,Keep,Live on maroma.com with image
lemongrass-95gms,Lemongrass - 95gms,TL39-A04,520.00,active,Votive,"Gifting, Home Essences, Home Essences > Ambience & Decor > Candles, Home Essences > Ambience & Decor > Candles > Votive",Yes,1,No,https://www.maroma.com/?s=Lemongrass%20-%2095gms,search,https://maroma-development-sgw0qzbd.myshopify.com/products/lemongrass-95gms,lemongrass,1,Keep,
lemongrass-100-natural-essential-oil-10ml,Lemongrass 100% Natural Essential Oil - 10ml,NE15-A28,640.00,active,Diffuser Oils,"Home Essences, Home Essences > Fragrance for Spaces > Diffusers & Ambient Perfumes, Home Essences > Fragrance for Spaces > Diffusers & Ambient Perfumes > Diffuser Oils, Home Essences > Fragrance for Spaces > Essential Oils > Natural Essential Oil",Yes,1,Yes,https://www.maroma.com/product/natural-essential-oil-lemongrass-10ml/,product,https://maroma-development-sgw0qzbd.myshopify.com/products/lemongrass-100-natural-essential-oil-10ml,lemongrass 100 natural essential oil 10ml,1,Keep,Live on maroma.com with image
lemongrass-bambooless-incense,Lemongrass Bambooless Incense,,600.00,active,Bambooless,"Home Essences, Home Essences > Fragrance for Spaces > Incense, Home Essences > Fragrance for Spaces > Incense > Bambooless",Yes,1,No,https://www.maroma.com/?s=Lemongrass%20Bambooless%20Incense,search,https://maroma-development-sgw0qzbd.myshopify.com/products/lemongrass-bambooless-incense,lemongrass bambooless incense,1,Keep,
lemongrass-cone-incense,Lemongrass Cone Incense,EA27-A10,260.00,active,Cone Incense,"Encens D'Auroville, Encens D'Auroville > Cone Incense, Home Essences, Home Essences > Fragrance for Spaces > Incense, Home Essences > Fragrance for Spaces > Incense > Cone Incense",Yes,1,Yes,https://www.maroma.com/product/lemongrass-cone-incense/,product,https://maroma-development-sgw0qzbd.myshopify.com/products/lemongrass-cone-incense,lemongrass cone incense,1,Keep,Live on maroma.com with image
lemongrass-cylindric-candle-with-terracotta,Lemongrass Cylindric Candle with Terracotta,CA11-A95 Lemongrass,1200.00,active,Pillar,"Gifting, Home Essences, Home Essences > Ambience & Decor > Candles, Home Essences > Ambience & Decor > Candles > Pillar",Yes,1,No,https://www.maroma.com/?s=Lemongrass%20Cylindric%20Candle%20with%20Terracotta,search,https://maroma-development-sgw0qzbd.myshopify.com/products/lemongrass-cylindric-candle-with-terracotta,lemongrass cylindric candle with terracotta,1,Keep,
lemongrass-dish-wash-500ml,Lemongrass Dish Wash - 500ml,CL16-E01,935.00,active,Hand Wash / Dish Wash,"Home Essences, Home Essences > Everyday Essentials > Home Essentials > Hand Wash / Dish Wash",Yes,1,No,https://www.maroma.com/?s=Lemongrass%20Dish%20Wash%20-%20500ml,search,https://maroma-development-sgw0qzbd.myshopify.com/products/lemongrass-dish-wash-500ml,lemongrass dish wash 500ml,1,Keep,
lemongrass-75gms-each,Lemongrass - 75gms each,,460.00,active,Pillar,"Home Essences, Home Essences > Ambience & Decor > Candles, Home Essences > Ambience & Decor > Candles > Pillar",Yes,1,No,https://www.maroma.com/?s=Lemongrass%20-%2075gms%20each,search,https://maroma-development-sgw0qzbd.myshopify.com/products/lemongrass-75gms-each,lemongrass each,1,Keep,
lemongrass-hand-wash-250ml,Lemongrass Hand Wash - 250ml,CL16-E59,880.00,active,Hand Wash / Dish Wash,"Home Essences, Home Essences > Everyday Essentials > Home Essentials > Hand Wash / Dish Wash",Yes,1,No,https://www.maroma.com/?s=Lemongrass%20Hand%20Wash%20-%20250ml,search,https://maroma-development-sgw0qzbd.myshopify.com/products/lemongrass-hand-wash-250ml,lemongrass hand wash 250ml,1,Keep,
lemongrass-hand-wash-500ml,Lemongrass Hand Wash - 500ml,CL16-E56,1400.00,active,Hand Wash / Dish Wash,"Home Essences, Home Essences > Everyday Essentials > Home Essentials > Hand Wash / Dish Wash",Yes,1,No,https://www.maroma.com/?s=Lemongrass%20Hand%20Wash%20-%20500ml,search,https://maroma-development-sgw0qzbd.myshopify.com/products/lemongrass-hand-wash-500ml,lemongrass hand wash 500ml,1,Keep,
lemongrass-incense-sticks,Lemongrass Incense Sticks,EA10-A24,260.00,active,Encens D’auroville,"100% natural, Encens D'Auroville, Energizing & Uplifting, Home Essences, Home Essences > Fragrance for Spaces > Incense, Home Essences > Fragrance for Spaces > Incense > Encens D’auroville, Refreshing & Cleansing",Yes,1,Yes,https://www.maroma.com/product/lemongrass-10-incense-sticks/,product,https://maroma-development-sgw0qzbd.myshopify.com/products/lemongrass-incense-sticks,lemongrass incense sticks,1,Keep,Live on maroma.com with image
lemongrass-jute-sachet,Lemongrass Jute Sachet,EA13-E06,600.00,active,Jute Sachet,"Home Essences, Home Essences > Fragrance for Spaces > Fragrance Sachets, Home Essences > Fragrance for Spaces > Fragrance Sachets > Jute Sachet",Yes,1,Yes,https://www.maroma.com/product/seed-perfume-sachet-lemongrass/,product,https://maroma-development-sgw0qzbd.myshopify.com/products/lemongrass-jute-sachet,lemongrass jute sachet,1,Keep,Live on maroma.com with image
lemongrass-lavender-rosemary,Lemongrass & Lavender Rosemary,EA26-D07,440.00,active,Smudge Leaf Incense,"Home Essences, Home Essences > Ambience & Decor > Ceramics > Incense Holder, Home Essences > Fragrance for Spaces > Incense, Home Essences > Fragrance for Spaces > Incense > Smudge Leaf Incense",Yes,1,No,https://www.maroma.com/?s=Lemongrass%20%26%20Lavender%20Rosemary,search,https://maroma-development-sgw0qzbd.myshopify.com/products/lemongrass-lavender-rosemary,lemongrass lavender rosemary,1,Keep,
lemongrass-mild-scrub-soap,Lemongrass Mild Scrub Soap,SS16-A82,480.00,active,Scrub Soap,"Body Care, Body Care > Soaps, Body Care > Soaps > Scrub Soap, Coconut, Dry & Dehydrated Skin, Ginger Grass, Lemongrass, Mango Butter, Normal Skin, Palmarosa, Sensitive Skin",Yes,1,Yes,https://www.maroma.com/product/mild-scrub-soap-lemongrass-100gms/,product,https://maroma-development-sgw0qzbd.myshopify.com/products/lemongrass-mild-scrub-soap,lemongrass mild scrub soap,1,Keep,Live on maroma.com with image
lemongrass-mini-sachet-pack-of-5,Lemongrass Mini Sachet - Pack of 5,CL13-A32,690.00,active,Colibri Anti Moth,"Colibri, Colibri > Home, Colibri > Home > Sachets, Home Essences, Home Essences > Fragrance for Spaces > Fragrance Sachets, Home Essences > Fragrance for Spaces > Fragrance Sachets > Colibri Anti Moth",Yes,1,Yes,https://www.maroma.com/product/lemongrass-mini-sachet-strip/,product,https://maroma-development-sgw0qzbd.myshopify.com/products/lemongrass-mini-sachet-pack-of-5,lemongrass mini sachet pack of 5,1,Keep,Live on maroma.com with image
lemongrass-pillar-candle,Lemongrass Pillar Candle,CN11-C10,360.00,active,Pillar,"Home Essences, Home Essences > Ambience & Decor > Candles, Home Essences > Ambience & Decor > Candles > Pillar",Yes,1,No,https://www.maroma.com/?s=Lemongrass%20Pillar%20Candle,search,https://maroma-development-sgw0qzbd.myshopify.com/products/lemongrass-pillar-candle,lemongrass pillar candle,1,Keep,
lemongrass-shoe-sachet,Lemongrass - Shoe Sachet,CL13-A90,355.00,active,Home Essences,Home Essences,Yes,1,No,https://www.maroma.com/?s=Lemongrass%20-%20Shoe%20Sachet,search,https://maroma-development-sgw0qzbd.myshopify.com/products/lemongrass-shoe-sachet,lemongrass shoe sachet,1,Keep,
lemongrass-soap-bar-with-mango-butter,Lemongrass Soap Bar with Mango Butter,TL16-P04,450.00,active,Soaps,"Body Care, Body Care > Soaps, Coconut, Dry & Dehydrated Skin, Kokum, Lavender, Moringa, Normal Skin, Rosemary, Sensitive Skin",Yes,1,Yes,https://www.maroma.com/product/lemongrass-soap-bar-with-mango-butter/,product,https://maroma-development-sgw0qzbd.myshopify.com/products/lemongrass-soap-bar-with-mango-butter,lemongrass soap bar with mango butter,1,Keep,Live on maroma.com with image
lemongrass-square-sachet,Lemongrass Square Sachet,TL13-A55,240.00,active,Wardrobe Sachet-Aromatic,"Home Essences, Home Essences > Fragrance for Spaces > Fragrance Sachets, Home Essences > Fragrance for Spaces > Fragrance Sachets > Wardrobe Sachet-Aromatic",Yes,1,No,https://www.maroma.com/?s=Lemongrass%20Square%20Sachet,search,https://maroma-development-sgw0qzbd.myshopify.com/products/lemongrass-square-sachet,lemongrass square sachet,1,Keep,
lightening-face-cream-50gms,Lightening Face Cream - 50gms,TL16-O89,1100.00,active,Face Care,Face Care,No,0,No,https://www.maroma.com/?s=Lightening%20Face%20Cream%20-%2050gms,search,https://maroma-development-sgw0qzbd.myshopify.com/products/lightening-face-cream-50gms,lightening face cream,1,Review — no image,Missing image in Shopify
lightening-serum-for-men-30ml,Lightening Serum for Men - 30ml,ML16-D41,1750.00,active,Serums,"Face Care, Face Care > Serums, Men",No,0,No,https://www.maroma.com/?s=Lightening%20Serum%20for%20Men%20-%2030ml,search,https://maroma-development-sgw0qzbd.myshopify.com/products/lightening-serum-for-men-30ml,lightening serum 30ml,1,Review — no image,Missing image in Shopify
little-delights-mini-gift-set-blue,Little Delights Mini Gift Set - Blue,EA29-F52-1,485.00,active,Gift Sets,"Gifting, Gifting > Gift Sets",Yes,1,Yes,https://www.maroma.com/product/little-delights-mini-gift-set-blue/,product,https://maroma-development-sgw0qzbd.myshopify.com/products/little-delights-mini-gift-set-blue,little delights mini gift set blue,1,Keep,Live on maroma.com with image
little-delights-mini-gift-set-green,Little Delights Mini Gift Set - Green,EA29-F52-2,485.00,active,Gift Sets,"Gifting, Gifting > Gift Sets",Yes,1,Yes,https://www.maroma.com/product/little-delights-mini-gift-set-green/,product,https://maroma-development-sgw0qzbd.myshopify.com/products/little-delights-mini-gift-set-green,little delights mini gift set green,1,Keep,Live on maroma.com with image
little-delights-mini-gift-set-red,Little Delights Mini Gift Set - Red,EA29-F52-3,485.00,active,Gift Sets,"Gifting, Gifting > Gift Sets",Yes,1,Yes,https://www.maroma.com/product/little-delights-mini-gift-set-red/,product,https://maroma-development-sgw0qzbd.myshopify.com/products/little-delights-mini-gift-set-red,little delights mini gift set red,1,Keep,Live on maroma.com with image
lotus-75gms-each,Lotus - 75gms each,CA11-C61,460.00,active,Pillar,"Home Essences, Home Essences > Ambience & Decor > Candles, Home Essences > Ambience & Decor > Candles > Pillar",Yes,1,Yes,https://www.maroma.com/product/lotus-75gms-each/,product,https://maroma-development-sgw0qzbd.myshopify.com/products/lotus-75gms-each,lotus each,1,Keep,Live on maroma.com with image
lotus-incense-holder,Lotus Incense Holder,CC24-E44,180.00,active,Incense Holder,"Home Essences, Home Essences > Ambience & Decor, Home Essences > Ambience & Decor > Ceramics, Home Essences > Ambience & Decor > Ceramics > Incense Holder",Yes,1,Yes,https://www.maroma.com/product/incense-holder-lotus/,product,https://maroma-development-sgw0qzbd.myshopify.com/products/lotus-incense-holder,lotus incense holder,1,Keep,Live on maroma.com with image
lotus-incense-sticks,Lotus Incense Sticks,EA10-A28,260.00,active,Encens D’auroville,"Encens D'Auroville, Home Essences, Home Essences > Fragrance for Spaces > Incense, Home Essences > Fragrance for Spaces > Incense > Encens D’auroville, Relaxing & Calming, Valentine's Day Special",Yes,1,Yes,https://www.maroma.com/product/lotus-10-incense-sticks/,product,https://maroma-development-sgw0qzbd.myshopify.com/products/lotus-incense-sticks,lotus incense sticks,1,Keep,Live on maroma.com with image
lotus-jute-sachet,Lotus Jute Sachet,EA13-E71,600.00,active,Jute Sachet,"Home Essences, Home Essences > Fragrance for Spaces > Fragrance Sachets, Home Essences > Fragrance for Spaces > Fragrance Sachets > Jute Sachet",Yes,1,Yes,https://www.maroma.com/product/flower-jute-sachet-lotus/,product,https://maroma-development-sgw0qzbd.myshopify.com/products/lotus-jute-sachet,lotus jute sachet,1,Keep,Live on maroma.com with image
lotus-perfumed-sachet,Lotus Perfumed Sachet,EG13-B08,270.00,active,Wardrobe Sachet-Aromatic,"Home Essences, Home Essences > Fragrance for Spaces > Fragrance Sachets, Home Essences > Fragrance for Spaces > Fragrance Sachets > Wardrobe Sachet-Aromatic",Yes,1,Yes,https://www.maroma.com/product/flower-sachet-lotus/,product,https://maroma-development-sgw0qzbd.myshopify.com/products/lotus-perfumed-sachet,lotus perfumed sachet,1,Keep,Live on maroma.com with image
lotus-scented-candle,Lotus Scented Candle,,875.00,active,Pillar,"Home Essences, Home Essences > Ambience & Decor > Candles, Home Essences > Ambience & Decor > Candles > Pillar",Yes,1,No,https://www.maroma.com/?s=Lotus%20Scented%20Candle,search,https://maroma-development-sgw0qzbd.myshopify.com/products/lotus-scented-candle,lotus scented candle,1,Keep,
love,Love,,78885.00,active,Art Candles,Home Essences > Ambience & Decor > Art Candles,Yes,1,No,https://www.maroma.com/?s=Love,search,https://maroma-development-sgw0qzbd.myshopify.com/products/love,love,1,Keep,
love-actually,"Love, Actually","Love, Actually (Red with Pink Heart)",650.00,active,Gift Sets,"Gifting > Gift Sets, Valentine's Day Special",Yes,1,No,https://www.maroma.com/?s=Love%2C%20Actually,search,https://maroma-development-sgw0qzbd.myshopify.com/products/love-actually,love actually,1,Keep,
love-light,Love Light,Love Light (Red with White Heart),650.00,active,Candles,"Home Essences, Home Essences > Ambience & Decor, Home Essences > Ambience & Decor > Candles",Yes,1,No,https://www.maroma.com/?s=Love%20Light,search,https://maroma-development-sgw0qzbd.myshopify.com/products/love-light,love light,1,Keep,
magnolia-perfumed-sachet,Magnolia Perfumed Sachet,EG13-B14,270.00,active,Wardrobe Sachet-Aromatic,"Home Essences, Home Essences > Fragrance for Spaces > Fragrance Sachets, Home Essences > Fragrance for Spaces > Fragrance Sachets > Wardrobe Sachet-Aromatic",Yes,1,Yes,https://www.maroma.com/product/flower-sachet-magnolia/,product,https://maroma-development-sgw0qzbd.myshopify.com/products/magnolia-perfumed-sachet,magnolia perfumed sachet,1,Keep,Live on maroma.com with image
man-soap-gift-pack-set-of-4-25gmsx4,Man Soap Gift Pack-Set of 4 (25gmsx4),ML29-A27,550.00,active,Aromatic Soap,"Gifting, Gifting > Mini Soap Set, Men, Men > Bath & Body > Aromatic Soap",Yes,1,No,https://www.maroma.com/?s=Man%20Soap%20Gift%20Pack-Set%20of%204%20(25gmsx4),search,https://maroma-development-sgw0qzbd.myshopify.com/products/man-soap-gift-pack-set-of-4-25gmsx4,man soap gift pack set of 4 25gmsx4,1,Keep,
man-travel-set,Man Travel Set,EA29-A33,2500.00,active,Gift Sets,"Gifting, Gifting > Gift Sets",Yes,1,No,https://www.maroma.com/?s=Man%20Travel%20Set,search,https://maroma-development-sgw0qzbd.myshopify.com/products/man-travel-set,man travel set,1,Keep,
mango-body-butter,Mango Body Butter,TL16-O52,1435.00,active,Body Butters,"Body Care, Body Care > Body Lotions & Body Butters, Body Care > Body Lotions & Body Butters > Body Butters, Dry Skin, Lemongrass Butter, Mango Butter, Normal Skin, Nourishing, Shea Butter, Uplifiting",Yes,1,Yes,https://www.maroma.com/product/body-butter-100gms/,product,https://maroma-development-sgw0qzbd.myshopify.com/products/mango-body-butter,mango body butter,1,Keep,Live on maroma.com with image
manifestation,Manifestation,,23680.00,active,Art Candles,Home Essences > Ambience & Decor > Art Candles,Yes,1,No,https://www.maroma.com/?s=Manifestation,search,https://maroma-development-sgw0qzbd.myshopify.com/products/manifestation,manifestation,1,Keep,
maroma-perfume-amber,Maroma Perfume Amber,,650.00,active,Perfume Oil & Roll On,"Perfumes, Perfumes > Perfume Oil & Roll On",Yes,1,No,https://www.maroma.com/?s=Maroma%20Perfume%20Amber,search,https://maroma-development-sgw0qzbd.myshopify.com/products/maroma-perfume-amber,maroma perfume amber,1,Keep,
maroma-perfume-desert-spring-10ml,Maroma Perfume Desert Spring - 10ml,,600.00,active,Perfume Oil & Roll On,"Perfumes, Perfumes > Perfume Oil & Roll On",Yes,1,No,https://www.maroma.com/?s=Maroma%20Perfume%20Desert%20Spring%20-%2010ml,search,https://maroma-development-sgw0qzbd.myshopify.com/products/maroma-perfume-desert-spring-10ml,maroma perfume desert spring 10ml,1,Keep,
maroma-perfume-lavender-10ml,Maroma Perfume Lavender - 10ml,EA14-D13,650.00,active,Perfume Oil & Roll On,"Perfumes, Perfumes > Perfume Oil & Roll On",Yes,1,No,https://www.maroma.com/?s=Maroma%20Perfume%20Lavender%20-%2010ml,search,https://maroma-development-sgw0qzbd.myshopify.com/products/maroma-perfume-lavender-10ml,maroma perfume lavender 10ml,1,Keep,
maroma-perfume-oceans-10ml,Maroma Perfume Oceans - 10ml,EA14-D10,600.00,active,Perfume Oil & Roll On,"Perfumes, Perfumes > Perfume Oil & Roll On",Yes,1,No,https://www.maroma.com/?s=Maroma%20Perfume%20Oceans%20-%2010ml,search,https://maroma-development-sgw0qzbd.myshopify.com/products/maroma-perfume-oceans-10ml,maroma perfume oceans 10ml,1,Keep,
maroma-perfume-vetiver-10ml,Maroma Perfume Vetiver - 10ml,EA14-D06,650.00,active,Perfume Oil & Roll On,"Perfumes, Perfumes > Perfume Oil & Roll On",Yes,1,No,https://www.maroma.com/?s=Maroma%20Perfume%20Vetiver%20-%2010ml,search,https://maroma-development-sgw0qzbd.myshopify.com/products/maroma-perfume-vetiver-10ml,maroma perfume vetiver 10ml,1,Keep,
maroma-spa-1000-gift-voucher,Maroma Spa ₹1000 Gift Voucher,VOUCHER1000,1000.00,active,Gift Vouchers,"Gift Vouchers, Gifting",Yes,1,No,https://www.maroma.com/?s=Maroma%20Spa%20%E2%82%B91000%20Gift%20Voucher,search,https://maroma-development-sgw0qzbd.myshopify.com/products/maroma-spa-1000-gift-voucher,maroma spa 1000 gift voucher,1,Keep,
mastery-10-incense-sticks,Mastery 10 Incense Sticks,MD10-A02,240.00,active,Devi Incense,"Encens D'Auroville, Home Essences, Home Essences > Fragrance for Spaces > Incense, Home Essences > Fragrance for Spaces > Incense > Devi Incense",Yes,1,No,https://www.maroma.com/?s=Mastery%2010%20Incense%20Sticks,search,https://maroma-development-sgw0qzbd.myshopify.com/products/mastery-10-incense-sticks,mastery 10 incense sticks,1,Keep,
men-soap-gift-pack-set-of-8-25gmsx8,Men Soap Gift Pack-Set of 8 (25gmsx8),ML29-A26,780.00,active,Aromatic Soap,"Gifting, Gifting > Mini Soap Set, Men, Men > Bath & Body > Aromatic Soap",No,0,No,https://www.maroma.com/?s=Men%20Soap%20Gift%20Pack-Set%20of%208%20(25gmsx8),search,https://maroma-development-sgw0qzbd.myshopify.com/products/men-soap-gift-pack-set-of-8-25gmsx8,men soap gift pack set of 8 25gmsx8,1,Review — no image,Missing image in Shopify
mimosa-perfumed-sachet,Mimosa Perfumed Sachet,EG13-B15,270.00,active,Wardrobe Sachet-Aromatic,"Home Essences, Home Essences > Fragrance for Spaces > Fragrance Sachets, Home Essences > Fragrance for Spaces > Fragrance Sachets > Wardrobe Sachet-Aromatic",Yes,1,Yes,https://www.maroma.com/product/flond-sachet-mimosa/,product,https://maroma-development-sgw0qzbd.myshopify.com/products/mimosa-perfumed-sachet,mimosa perfumed sachet,1,Keep,Live on maroma.com with image
mini-gift-set,Mini Gift Set,EA29-E52,650.00,active,Gift Sets,"Gifting, Gifting > Gift Sets",Yes,1,No,https://www.maroma.com/?s=Mini%20Gift%20Set,search,https://maroma-development-sgw0qzbd.myshopify.com/products/mini-gift-set,mini gift set,1,Keep,
mint-soap-bar-with-mango-butter,Mint Soap Bar with Mango Butter,TL16-P05,450.00,active,Soaps,"Body Care, Body Care > Soaps, Coconut, Dry & Dehydrated Skin, Kokum, Lavender, Moringa, Normal Skin, Rosemary, Sensitive Skin",Yes,1,Yes,https://www.maroma.com/product/mint-soap-bar-with-mango-butter/,product,https://maroma-development-sgw0qzbd.myshopify.com/products/mint-soap-bar-with-mango-butter,mint soap bar with mango butter,1,Keep,Live on maroma.com with image
moments,Moments,,33800.00,active,Art Candles,Home Essences > Ambience & Decor > Art Candles,Yes,1,No,https://www.maroma.com/?s=Moments,search,https://maroma-development-sgw0qzbd.myshopify.com/products/moments,moments,1,Keep,
moringa-lime-conditioner,Moringa Lime Conditioner,TL16-K76,755.00,active,Conditioners,"Aloe Vera, Coconut, Dry & Dehydrated Skin, Featured, Hair, Hair > Conditioners, Lemon, Sensitive Skin, Tonka Bean",Yes,1,Yes,https://www.maroma.com/product/moringa-lime-conditioner/,product,https://maroma-development-sgw0qzbd.myshopify.com/products/moringa-lime-conditioner,moringa lime conditioner,1,Keep,Live on maroma.com with image
moringa-lime-shampoo,Moringa Lime Shampoo,TL16-F52,905.00,active,Shampoos,"Aloe Vera, Coconut, Dry & Dehydrated Skin, Featured, Hair, Hair > Shampoos, Lemon, Sensitive Skin, Tonka Bean",Yes,1,Yes,https://www.maroma.com/product/moringa-lime-shampoo/,product,https://maroma-development-sgw0qzbd.myshopify.com/products/moringa-lime-shampoo,moringa lime shampoo,1,Keep,Live on maroma.com with image
moringa-lime-shower-gel,Moringa Lime Shower Gel,TL16-L77,725.00,active,Shower Gels,"Aloe Vera, Body Care, Body Care > Shower Gels, Coconut, Dry & Dehydrated Skin, Featured, Lemon, Sensitive Skin, Tonka Bean",Yes,1,Yes,https://www.maroma.com/product/moringa-lime-shower-gel/,product,https://maroma-development-sgw0qzbd.myshopify.com/products/moringa-lime-shower-gel,moringa lime shower gel,1,Keep,Live on maroma.com with image
moringa-scrub-soap,Moringa Scrub Soap,SS16-A28,550.00,active,Scrub Soap,"Body Care, Body Care > Soaps, Body Care > Soaps > Scrub Soap, Coconut, Dry & Dehydrated Skin, Kokum, Lavender, Moringa, Normal Skin, Rosemary, Sensitive Skin",Yes,1,Yes,https://www.maroma.com/product/scrub-soap-moringa-150gms/,product,https://maroma-development-sgw0qzbd.myshopify.com/products/moringa-scrub-soap,moringa scrub soap,1,Keep,Live on maroma.com with image
moringa-serum,Moringa Serum,AY16-B58,1490.00,active,Serums,"Almond, Aloe Vera, Coconut, Combination Skin, Dry Skin, Dull Skin, Face Care, Face Care > Serums, Moringa, Normal Skin, Sensitive Skin",Yes,1,Yes,https://www.maroma.com/product/aromatherapy-moringa-serum-50gms/,product,https://maroma-development-sgw0qzbd.myshopify.com/products/moringa-serum,moringa serum,1,Keep,Live on maroma.com with image
morning-offering-kalki-votive-70g,Morning Offering Kalki Votive - 70g,,420.00,active,Votive,"Home Essences, Home Essences > Ambience & Decor > Candles, Home Essences > Ambience & Decor > Candles > Votive",Yes,1,No,https://www.maroma.com/?s=Morning%20Offering%20Kalki%20Votive%20-%2070g,search,https://maroma-development-sgw0qzbd.myshopify.com/products/morning-offering-kalki-votive-70g,morning offering kalki votive 70g,1,Keep,
musk-incense-sticks,Musk Incense Sticks,EA10-A31,260.00,active,Encens D’auroville,"Encens D'Auroville, Grounding & Centering, Home Essences, Home Essences > Fragrance for Spaces > Incense, Home Essences > Fragrance for Spaces > Incense > Encens D’auroville, Romantic & Sensual",Yes,1,Yes,https://www.maroma.com/product/musk-10-incense-sticks/,product,https://maroma-development-sgw0qzbd.myshopify.com/products/musk-incense-sticks,musk incense sticks,1,Keep,Live on maroma.com with image
myrrh-cone-incense,Myrrh Cone Incense,EA27-A11,260.00,active,Cone Incense,"Encens D'Auroville, Encens D'Auroville > Cone Incense, Home Essences, Home Essences > Fragrance for Spaces > Incense, Home Essences > Fragrance for Spaces > Incense > Cone Incense",Yes,1,Yes,https://www.maroma.com/product/myrrh-cone-incense/,product,https://maroma-development-sgw0qzbd.myshopify.com/products/myrrh-cone-incense,myrrh cone incense,1,Keep,Live on maroma.com with image
myrrh-incense-sticks,Myrrh Incense Sticks,EA10-A32,260.00,active,Encens D’auroville,"100% natural, Encens D'Auroville, Home Essences, Home Essences > Fragrance for Spaces > Incense, Home Essences > Fragrance for Spaces > Incense > Encens D’auroville, Spiritual & Meditative",Yes,1,Yes,https://www.maroma.com/product/myrrh-10-incense-sticks/,product,https://maroma-development-sgw0qzbd.myshopify.com/products/myrrh-incense-sticks,myrrh incense sticks,1,Keep,Live on maroma.com with image
mysore-sandalwood-pillar-candle,Mysore Sandalwood Pillar Candle,CN11-C19,360.00,active,Pillar,"Home Essences, Home Essences > Ambience & Decor > Candles, Home Essences > Ambience & Decor > Candles > Pillar",Yes,1,No,https://www.maroma.com/?s=Mysore%20Sandalwood%20Pillar%20Candle,search,https://maroma-development-sgw0qzbd.myshopify.com/products/mysore-sandalwood-pillar-candle,mysore sandalwood pillar candle,1,Keep,
mystic-patchouli-guru-incense-pack-of-50,Mystic Patchouli Guru Incense - Pack of 50,RI10-C08,600.00,active,Bulk Incense 50 Sticks,"Home Essences, Home Essences > Fragrance for Spaces > Incense, Home Essences > Fragrance for Spaces > Incense > Bulk Incense 50 Sticks",Yes,1,No,https://www.maroma.com/?s=Mystic%20Patchouli%20Guru%20Incense%20-%20Pack%20of%2050,search,https://maroma-development-sgw0qzbd.myshopify.com/products/mystic-patchouli-guru-incense-pack-of-50,mystic patchouli guru incense pack of 50,1,Keep,
mystic-sandal-solid-perfume,Mystic Sandal Solid Perfume,EA14-D29,495.00,active,Solid Perfume,"Balsam Copaiba, Frankincense, Galbanum Resin, Lavandin, Perfumes, Perfumes > Solid Perfume, Rockrose, Sandalwood, Solid Perfume, Warm, Woody & Earthy",Yes,1,Yes,https://www.maroma.com/product/mystic-sandal-solid-perfume/,product,https://maroma-development-sgw0qzbd.myshopify.com/products/mystic-sandal-solid-perfume,mystic sandal solid perfume,1,Keep,Live on maroma.com with image
mystical-sandal-ambient-perfume-10ml,Mystical Sandal Ambient Perfume - 10ml,EA14-B20,435.00,active,Ambient Perfumes,"Amyris, Bottle, Cedarwood, Home Essences, Home Essences > Fragrance for Spaces > Diffusers & Ambient Perfumes, Home Essences > Fragrance for Spaces > Diffusers & Ambient Perfumes > Ambient Perfumes, Home Essences > Fragrance for Spaces > Diffusers & Ambient Perfumes > Diffuser Oils, Lemon, Warm, Woody & Earthy",Yes,1,Yes,https://www.maroma.com/product/ambient-perfume-mystical-sandal-10ml/,product,https://maroma-development-sgw0qzbd.myshopify.com/products/mystical-sandal-ambient-perfume-10ml,mystical sandal ambient perfume 10ml,1,Keep,Live on maroma.com with image
mystical-sandal-mini-perfume-sachet,Mystical Sandal Mini Perfume Sachet,,175.00,active,Wardrobe Sachet-Aromatic,"Featured, Home Essences, Home Essences > Fragrance for Spaces > Fragrance Sachets, Home Essences > Fragrance for Spaces > Fragrance Sachets > Wardrobe Sachet-Aromatic",Yes,1,No,https://www.maroma.com/?s=Mystical%20Sandal%20Mini%20Perfume%20Sachet,search,https://maroma-development-sgw0qzbd.myshopify.com/products/mystical-sandal-mini-perfume-sachet,mystical sandal mini perfume sachet,1,Keep,
mystical-sandal-perfume-oil,Mystical Sandal Perfume Oil,EA14-D04-BOTTLE,650.00,active,Perfume Oil & Roll On,"Amyris, Bottle, Cedarwood, Lemon, Perfumes, Perfumes > Perfume Oil & Roll On, Roll On, Warm, Woody & Earthy",Yes,1,No,https://www.maroma.com/?s=Mystical%20Sandal%20Perfume%20Oil,search,https://maroma-development-sgw0qzbd.myshopify.com/products/mystical-sandal-perfume-oil,mystical sandal perfume oil,1,Keep,
mystical-sandal-perfumed-hanging-sachet,Mystical Sandal Perfumed Hanging Sachet,EA13-B10,335.00,active,Wardrobe Sachet-Aromatic,"Home Essences, Home Essences > Fragrance for Spaces > Fragrance Sachets, Home Essences > Fragrance for Spaces > Fragrance Sachets > Wardrobe Sachet-Aromatic",Yes,1,Yes,https://www.maroma.com/product/perfume-hanging-sachet-mystical-sandal/,product,https://maroma-development-sgw0qzbd.myshopify.com/products/mystical-sandal-perfumed-hanging-sachet,mystical sandal perfumed hanging sachet,1,Keep,Live on maroma.com with image
mystical-sandal-perfumed-sachet,Mystical Sandal Perfumed Sachet,EA13-A11,240.00,active,Wardrobe Sachet-Aromatic,"Home Essences, Home Essences > Fragrance for Spaces > Fragrance Sachets, Home Essences > Fragrance for Spaces > Fragrance Sachets > Wardrobe Sachet-Aromatic",Yes,1,Yes,https://www.maroma.com/product/perfumed-sachet-mystical-sandal/,product,https://maroma-development-sgw0qzbd.myshopify.com/products/mystical-sandal-perfumed-sachet,mystical sandal perfumed sachet,1,Keep,Live on maroma.com with image
mystical-sandal-roll-on-perfume-oil,Mystical Sandal Roll On/Perfume Oil,EA14-D04,650.00,active,Perfume Oil & Roll On,"Amyris, Bottle, Cedarwood, Lemon, Perfumes, Perfumes > Perfume Oil & Roll On, Roll On, Warm, Woody & Earthy",Yes,1,No,https://www.maroma.com/?s=Mystical%20Sandal%20Roll%20On%2FPerfume%20Oil,search,https://maroma-development-sgw0qzbd.myshopify.com/products/mystical-sandal-roll-on-perfume-oil,mystical sandal roll on perfume oil,1,Keep,
nature-s-noel,Nature's Noel,Natures Noel,3660.00,active,Gift Sets,"Gifting, Gifting > Gift Sets",Yes,1,No,https://www.maroma.com/?s=Nature's%20Noel,search,https://maroma-development-sgw0qzbd.myshopify.com/products/nature-s-noel,nature s noel,1,Keep,
neem-scrub-soap,Neem Scrub Soap,,480.00,active,Scrub Soap,"Body Care, Body Care > Soaps, Body Care > Soaps > Scrub Soap, Dry & Dehydrated Skin, GRAPEFRUIT, Mango Butter, Manjistha, Neem, Normal Skin, Palmarosa, Pine, Rough or Textured Skin, Spirulina",Yes,1,No,https://www.maroma.com/?s=Neem%20Scrub%20Soap,search,https://maroma-development-sgw0qzbd.myshopify.com/products/neem-scrub-soap,neem scrub soap,1,Keep,
neem-shikakai-conditioner,Neem Shikakai Conditioner,TL16-K77,755.00,active,Conditioners,"Aloe Vera, Coconut, Dry & Dehydrated Skin, Featured, Hair, Hair > Conditioners, Lemon, Sensitive Skin, Tonka Bean",Yes,1,Yes,https://www.maroma.com/product/neem-shikakai-conditioner/,product,https://maroma-development-sgw0qzbd.myshopify.com/products/neem-shikakai-conditioner,neem shikakai conditioner,1,Keep,Live on maroma.com with image
neem-shikakai-shampoo,Neem Shikakai Shampoo,TL16-F53,985.00,active,Shampoos,"Aloe Vera, Coconut, Dry & Dehydrated Skin, Featured, Hair, Hair > Shampoos, Lemon, Sensitive Skin, Tonka Bean",Yes,1,Yes,https://www.maroma.com/product/neem-shikakai-shampoo/,product,https://maroma-development-sgw0qzbd.myshopify.com/products/neem-shikakai-shampoo,neem shikakai shampoo,1,Keep,Live on maroma.com with image
neem-shikakai-shower-gel,Neem Shikakai Shower Gel,TL16-L78,725.00,active,Shower Gels,"Aloe Vera, Body Care, Body Care > Shower Gels, Coconut, Dry & Dehydrated Skin, Featured, Lemon, Sensitive Skin, Tonka Bean",Yes,1,Yes,https://www.maroma.com/product/neem-shikakai-shower-gel/,product,https://maroma-development-sgw0qzbd.myshopify.com/products/neem-shikakai-shower-gel,neem shikakai shower gel,1,Keep,Live on maroma.com with image
night-blossom-incense-sticks,Night Blossom Incense Sticks,EA10-A21,260.00,active,Encens D’auroville,"Encens D'Auroville, Exotic & Mystical, Home Essences, Home Essences > Fragrance for Spaces > Incense, Home Essences > Fragrance for Spaces > Incense > Encens D’auroville, Spiritual & Meditative",Yes,1,Yes,https://www.maroma.com/product/into-the-night-10-incense-sticks/,product,https://maroma-development-sgw0qzbd.myshopify.com/products/night-blossom-incense-sticks,night blossom incense sticks,1,Keep,Live on maroma.com with image
night-blossom-perfume-oil,Night Blossom Perfume Oil,EA14-D07,650.00,active,Perfume Oil & Roll On,"Bottle, Floral, Guaiac Wood, Olibanum, Perfumes, Perfumes > Perfume Oil & Roll On, Roll On, Rose",Yes,1,No,https://www.maroma.com/?s=Night%20Blossom%20Perfume%20Oil,search,https://maroma-development-sgw0qzbd.myshopify.com/products/night-blossom-perfume-oil,night blossom perfume oil,1,Keep,
night-blossom-roll-on-perfume-oil,Night Blossom Roll On/Perfume Oil,EA14-D07-BOTTLE,650.00,active,Perfume Oil & Roll On,"Bottle, Floral, Guaiac Wood, Olibanum, Perfumes, Perfumes > Perfume Oil & Roll On, Roll On, Rose",Yes,1,No,https://www.maroma.com/?s=Night%20Blossom%20Roll%20On%2FPerfume%20Oil,search,https://maroma-development-sgw0qzbd.myshopify.com/products/night-blossom-roll-on-perfume-oil,night blossom roll on perfume oil,1,Keep,
night-blossom-votive-250g,Night Blossom Votive - 250g,CA39-B03,1425.00,active,Votive,"Home Essences, Home Essences > Ambience & Decor > Candles > Votive",Yes,1,Yes,https://www.maroma.com/product/night-blossom-250gms/,product,https://maroma-development-sgw0qzbd.myshopify.com/products/night-blossom-votive-250g,night blossom votive 250g,1,Keep,Live on maroma.com with image
night-jasmine-perfume-oil,Night Jasmine Perfume Oil,EA14-D01-BOTTLE,650.00,active,Perfume Oil & Roll On,"Bottle, Cananga, Elemi, Floral, Jasmine, Perfumes, Perfumes > Perfume Oil & Roll On, Roll On",Yes,1,No,https://www.maroma.com/?s=Night%20Jasmine%20Perfume%20Oil,search,https://maroma-development-sgw0qzbd.myshopify.com/products/night-jasmine-perfume-oil,night jasmine perfume oil,1,Keep,
night-jasmine-roll-on-perfume-oil,Night Jasmine Roll On/Perfume Oil,EA14-D01,650.00,active,Perfume Oil & Roll On,"Bottle, Cananga, Elemi, Floral, Jasmine, Perfumes, Perfumes > Perfume Oil & Roll On, Roll On",Yes,1,No,https://www.maroma.com/?s=Night%20Jasmine%20Roll%20On%2FPerfume%20Oil,search,https://maroma-development-sgw0qzbd.myshopify.com/products/night-jasmine-roll-on-perfume-oil,night jasmine roll on perfume oil,1,Keep,
night-jasmine-solid-perfume,Night Jasmine Solid Perfume,EA14-D26,495.00,active,Solid Perfume,"Floral, Jasmine, Perfumes, Perfumes > Solid Perfume, Rose, Solid Perfume, Ylang Ylang",Yes,1,Yes,https://www.maroma.com/product/night-jasmine-solid-perfume/,product,https://maroma-development-sgw0qzbd.myshopify.com/products/night-jasmine-solid-perfume,night jasmine solid perfume,1,Keep,Live on maroma.com with image
night-jasmine-votive-250g,Night Jasmine Votive - 250g,CA39-B02,1425.00,active,Votive,"Home Essences, Home Essences > Ambience & Decor > Candles > Votive",Yes,1,Yes,https://www.maroma.com/product/night-jasmine-250gms/,product,https://maroma-development-sgw0qzbd.myshopify.com/products/night-jasmine-votive-250g,night jasmine votive 250g,1,Keep,Live on maroma.com with image
nights-of-wild-pomegranate-gift-set,Nights of Wild Pomegranate Gift Set,Nights of Wild Pomegranate,920.00,active,Gift Sets,Gifting > Gift Sets,Yes,1,No,https://www.maroma.com/?s=Nights%20of%20Wild%20Pomegranate%20Gift%20Set,search,https://maroma-development-sgw0qzbd.myshopify.com/products/nights-of-wild-pomegranate-gift-set,nights of wild pomegranate gift set,1,Keep,
nurture-aromatherapy-roll-on-perfume,Nurture Aromatherapy Roll-On Perfume,MS14-B05,550.00,active,Aromatherapy Roll On,"100% Natural, Bergamot, Calming & Grounding, Floral, Galbanum Resin, Geranium, Grapeseed, Perfumes, Perfumes > Aromatherapy, Perfumes > Aromatherapy > Aromatherapy Roll On",Yes,1,Yes,https://www.maroma.com/product/nurture-aromatherapy-roll-on-perfume/,product,https://maroma-development-sgw0qzbd.myshopify.com/products/nurture-aromatherapy-roll-on-perfume,nurture aromatherapy roll on perfume,1,Keep,Live on maroma.com with image
nurture-massage-oil,Nurture Massage Oil,TL16-A55,865.00,active,Massage & Body Oils,"Apricot, Aromatherapy, Body Care, Body Care > Massage & Body Oils, Clary Sage, Frankincense, Ginger, GRAPEFRUIT, Grapeseed, Juniper Berry, Lavender, Myrrh, Neroli, Normal Skin, Nutmeg, Oregano, Patchouli, Rough or Textured Skin, Sensitive Skin, Sesame, Tired or Stressed Skin, Turmeric",Yes,1,Yes,https://www.maroma.com/product/body-massage-oil-nuture-100ml/,product,https://maroma-development-sgw0qzbd.myshopify.com/products/nurture-massage-oil,nurture massage oil,1,Keep,Live on maroma.com with image
nurture-room-mist,Nurture Room Mist,MS14-C08,470.00,active,Room Mist,"Home Essences, Home Essences > Fragrance for Spaces > Room Mist",Yes,1,Yes,https://www.maroma.com/product/room-mist-self-love/,product,https://maroma-development-sgw0qzbd.myshopify.com/products/nurture-room-mist,nurture room mist,1,Keep,Live on maroma.com with image
nurture-set,Nurture Set,EA29-A36,2100.00,active,Gift Sets,"Gifting, Gifting > Gift Sets",Yes,1,No,https://www.maroma.com/?s=Nurture%20Set,search,https://maroma-development-sgw0qzbd.myshopify.com/products/nurture-set,nurture set,1,Keep,
oceans-cone-incense,Oceans Cone Incense,EA27-A12,260.00,active,Cone Incense,"Encens D'Auroville, Encens D'Auroville > Cone Incense, Home Essences, Home Essences > Fragrance for Spaces > Incense, Home Essences > Fragrance for Spaces > Incense > Cone Incense",Yes,1,Yes,https://www.maroma.com/product/oceans-cone-incense/,product,https://maroma-development-sgw0qzbd.myshopify.com/products/oceans-cone-incense,oceans cone incense,1,Keep,Live on maroma.com with image
oceans-incense-sticks,Oceans Incense Sticks,EA10-A33,260.00,active,Encens D’auroville,"Encens D'Auroville, Home Essences, Home Essences > Fragrance for Spaces > Incense, Home Essences > Fragrance for Spaces > Incense > Encens D’auroville, Refreshing & Cleansing",Yes,1,Yes,https://www.maroma.com/product/oceans-10-incense-sticks/,product,https://maroma-development-sgw0qzbd.myshopify.com/products/oceans-incense-sticks,oceans incense sticks,1,Keep,Live on maroma.com with image
olibanum-citrus-2-in-1-hair-and-body-wash-for-men,Olibanum Citrus 2-in-1 Hair and Body Wash for Men,ML16-C12,830.00,active,2-1 hair & body wash,"Body Care, Coconut, Hair, Hair > Multipurpose > 2-1 hair & body wash, Men, Men > Bath & Body > 2-1 Hair & Body Wash, Mint, Normal Skin, Olibanum, Orange, Rosemary, Tired or Stressed Skin",Yes,1,Yes,https://www.maroma.com/product/hair-body-wash-olibanum-citurs/,product,https://maroma-development-sgw0qzbd.myshopify.com/products/olibanum-citrus-2-in-1-hair-and-body-wash-for-men,olibanum citrus 2 in 1 hair and body wash,1,Keep,Live on maroma.com with image
olibanum-citrus-men-s-beard-oil,Olibanum Citrus Men’s Beard Oil,ML16-D44,525.00,active,Beard Oil,"Lemon, Men, Men > Grooming > Beard Oil, Olibanum, Patchouli",Yes,1,Yes,https://www.maroma.com/product/100-natural-olibanum-citrus-beard-oil-for-men/,product,https://maroma-development-sgw0qzbd.myshopify.com/products/olibanum-citrus-men-s-beard-oil,olibanum citrus men s beard oil,1,Keep,Live on maroma.com with image
olibanum-citrus-men-s-deodorant-emanate,Olibanum Citrus Men's Deodorant - Emanate,ML16-D72,700.00,active,Deodorant,"Aloe Vera, Body Care, Body Care > Deodorant, Combination Skin, Gentle, Himalayan Cedarwood, Lavandin, Long Lasting, Men, Men > Bath & Body > Deodorant, Normal Skin, Oily & Blemish-Prone Skin, Soothing",Yes,1,Yes,https://www.maroma.com/product/clean-natural-non-toxic-and-plant-based-roll-on-olibanum-citrus-deodorant-for-men/,product,https://maroma-development-sgw0qzbd.myshopify.com/products/olibanum-citrus-men-s-deodorant-emanate,olibanum citrus men s deodorant emanate,1,Keep,Live on maroma.com with image
olibanum-citrus-men-s-perfume,Olibanum Citrus Men's Perfume,ML14-A02,650.00,active,Perfume Oil,"best seller, Men, Men > Fragrance > Perfume Oil, Olibanum, Perfumes",Yes,1,Yes,https://www.maroma.com/product/olibanum-citrus-mens-perfume/,product,https://maroma-development-sgw0qzbd.myshopify.com/products/olibanum-citrus-men-s-perfume,olibanum citrus men s perfume,1,Keep,Live on maroma.com with image
opium-cylindric-with-leaf-100-gms,Opium Cylindric with Leaf 100 Gms.,CA11-B03,470.00,active,Pillar,"Home Essences, Home Essences > Ambience & Decor > Candles, Home Essences > Ambience & Decor > Candles > Pillar",Yes,1,No,https://www.maroma.com/?s=Opium%20Cylindric%20with%20Leaf%20100%20Gms.,search,https://maroma-development-sgw0qzbd.myshopify.com/products/opium-cylindric-with-leaf-100-gms,opium cylindric with leaf 100 gms,1,Keep,
opium-cylindric-with-leaf-140-gms,Opium Cylindric With Leaf 140 Gms.,CA11-B05,470.00,active,Pillar,"Home Essences, Home Essences > Ambience & Decor > Candles, Home Essences > Ambience & Decor > Candles > Pillar",Yes,1,No,https://www.maroma.com/?s=Opium%20Cylindric%20With%20Leaf%20140%20Gms.,search,https://maroma-development-sgw0qzbd.myshopify.com/products/opium-cylindric-with-leaf-140-gms,opium cylindric with leaf 140 gms,1,Keep,
opium-cylindric-with-leaf-200-gms,Opium Cylindric With Leaf 200 Gms.,CA11-B07,595.00,active,Pillar,"Home Essences, Home Essences > Ambience & Decor > Candles, Home Essences > Ambience & Decor > Candles > Pillar",Yes,1,No,https://www.maroma.com/?s=Opium%20Cylindric%20With%20Leaf%20200%20Gms.,search,https://maroma-development-sgw0qzbd.myshopify.com/products/opium-cylindric-with-leaf-200-gms,opium cylindric with leaf 200 gms,1,Keep,
opium-cylindric-with-leaf-280-gms,Opium Cylindric with Leaf 280 Gms.,,865.00,active,Pillar,"Home Essences, Home Essences > Ambience & Decor > Candles, Home Essences > Ambience & Decor > Candles > Pillar",Yes,1,No,https://www.maroma.com/?s=Opium%20Cylindric%20with%20Leaf%20280%20Gms.,search,https://maroma-development-sgw0qzbd.myshopify.com/products/opium-cylindric-with-leaf-280-gms,opium cylindric with leaf 280 gms,1,Keep,
opium-cylindric-with-leaf-300-gms,Opium Cylindric With Leaf 300 Gms.,CA11-B11,900.00,active,Pillar,"Home Essences, Home Essences > Ambience & Decor > Candles, Home Essences > Ambience & Decor > Candles > Pillar",Yes,1,No,https://www.maroma.com/?s=Opium%20Cylindric%20With%20Leaf%20300%20Gms.,search,https://maroma-development-sgw0qzbd.myshopify.com/products/opium-cylindric-with-leaf-300-gms,opium cylindric with leaf 300 gms,1,Keep,
opium-cylindric-with-leaf-600-gms,Opium Cylindric With Leaf 600 Gms.,,1485.00,active,Pillar,"Home Essences, Home Essences > Ambience & Decor > Candles, Home Essences > Ambience & Decor > Candles > Pillar",Yes,1,No,https://www.maroma.com/?s=Opium%20Cylindric%20With%20Leaf%20600%20Gms.,search,https://maroma-development-sgw0qzbd.myshopify.com/products/opium-cylindric-with-leaf-600-gms,opium cylindric with leaf 600 gms,1,Keep,
opium-flower-ambient-perfume-10ml,Opium Flower Ambient Perfume - 10ml,EA14-B14,435.00,active,Ambient Perfumes,"Home Essences, Home Essences > Fragrance for Spaces > Diffusers & Ambient Perfumes, Home Essences > Fragrance for Spaces > Diffusers & Ambient Perfumes > Ambient Perfumes, Home Essences > Fragrance for Spaces > Diffusers & Ambient Perfumes > Diffuser Oils",Yes,1,Yes,https://www.maroma.com/product/ambient-perfume-opium-flower-10ml/,product,https://maroma-development-sgw0qzbd.myshopify.com/products/opium-flower-ambient-perfume-10ml,opium flower ambient perfume 10ml,1,Keep,Live on maroma.com with image
opium-flower-and-musk-perfume-spirals,Opium Flower and Musk Perfume Spirals,EA34-A28,410.00,active,Perfume Spiral Incense,"Home Essences, Home Essences > Fragrance for Spaces > Incense, Home Essences > Fragrance for Spaces > Incense > Perfume Spiral Incense",Yes,1,No,https://www.maroma.com/?s=Opium%20Flower%20and%20Musk%20Perfume%20Spirals,search,https://maroma-development-sgw0qzbd.myshopify.com/products/opium-flower-and-musk-perfume-spirals,opium flower and musk perfume spirals,1,Keep,
opium-flower-cone-incense,Opium Flower Cone Incense,EA27-A13,260.00,active,Cone Incense,"Encens D'Auroville, Encens D'Auroville > Cone Incense, Home Essences, Home Essences > Fragrance for Spaces > Incense, Home Essences > Fragrance for Spaces > Incense > Cone Incense",Yes,1,Yes,https://www.maroma.com/product/opium-flowers-cone-incense/,product,https://maroma-development-sgw0qzbd.myshopify.com/products/opium-flower-cone-incense,opium flower cone incense,1,Keep,Live on maroma.com with image
opium-flower-75gms-each,Opium Flower - 75gms each,CA11-C62,460.00,active,Pillar,"Home Essences, Home Essences > Ambience & Decor > Candles, Home Essences > Ambience & Decor > Candles > Pillar",Yes,1,Yes,https://www.maroma.com/product/opium-75gms-each/,product,https://maroma-development-sgw0qzbd.myshopify.com/products/opium-flower-75gms-each,opium flower each,1,Keep,Live on maroma.com with image
opium-flower-incense-sticks,Opium Flower Incense Sticks,EA10-A34,260.00,active,Encens D’auroville,"Encens D'Auroville, Exotic & Mystical, Home Essences, Home Essences > Fragrance for Spaces > Incense, Home Essences > Fragrance for Spaces > Incense > Encens D’auroville",Yes,1,Yes,https://www.maroma.com/product/opium-flower-10-incense-sticks/,product,https://maroma-development-sgw0qzbd.myshopify.com/products/opium-flower-incense-sticks,opium flower incense sticks,1,Keep,Live on maroma.com with image
opium-flower-perfume-oil,Opium Flower Perfume Oil,EA14-D08-BOTTLE,650.00,active,Perfume Oil & Roll On,"Bottle, Himalayan Cedarwood, Mandarin, Patchouli, Perfumes, Perfumes > Perfume Oil & Roll On, Roll On, Warm",Yes,1,No,https://www.maroma.com/?s=Opium%20Flower%20Perfume%20Oil,search,https://maroma-development-sgw0qzbd.myshopify.com/products/opium-flower-perfume-oil,opium flower perfume oil,1,Keep,
opium-flower-perfume-sachet,Opium Flower Perfume Sachet,,175.00,active,Wardrobe Sachet-Aromatic,"Featured, Home Essences, Home Essences > Fragrance for Spaces > Fragrance Sachets, Home Essences > Fragrance for Spaces > Fragrance Sachets > Wardrobe Sachet-Aromatic",Yes,1,No,https://www.maroma.com/?s=Opium%20Flower%20Perfume%20Sachet,search,https://maroma-development-sgw0qzbd.myshopify.com/products/opium-flower-perfume-sachet,opium flower perfume sachet,1,Keep,
opium-flower-perfumed-hanging-sachet,Opium Flower Perfumed Hanging Sachet,EA13-B22,335.00,active,Wardrobe Sachet-Aromatic,"Home Essences, Home Essences > Fragrance for Spaces > Fragrance Sachets, Home Essences > Fragrance for Spaces > Fragrance Sachets > Wardrobe Sachet-Aromatic",Yes,1,Yes,https://www.maroma.com/product/perfumed-hanging-sachet-opium-flower/,product,https://maroma-development-sgw0qzbd.myshopify.com/products/opium-flower-perfumed-hanging-sachet,opium flower perfumed hanging sachet,1,Keep,Live on maroma.com with image
opium-flower-perfumed-sachet,Opium Flower Perfumed Sachet,EA13-A07,240.00,active,Wardrobe Sachet-Aromatic,"Home Essences, Home Essences > Fragrance for Spaces > Fragrance Sachets, Home Essences > Fragrance for Spaces > Fragrance Sachets > Wardrobe Sachet-Aromatic",Yes,1,Yes,https://www.maroma.com/product/perfumed-sachet-opium-flower/,product,https://maroma-development-sgw0qzbd.myshopify.com/products/opium-flower-perfumed-sachet,opium flower perfumed sachet,1,Keep,Live on maroma.com with image
opium-flower-pillar-candle,Opium Flower Pillar Candle,CN11-C12,360.00,active,Pillar,"Home Essences, Home Essences > Ambience & Decor > Candles, Home Essences > Ambience & Decor > Candles > Pillar",Yes,1,No,https://www.maroma.com/?s=Opium%20Flower%20Pillar%20Candle,search,https://maroma-development-sgw0qzbd.myshopify.com/products/opium-flower-pillar-candle,opium flower pillar candle,1,Keep,
opium-flower-roll-on-perfume-oil,Opium Flower Roll On/Perfume Oil,EA14-D08,650.00,active,Perfume Oil & Roll On,"Bottle, Himalayan Cedarwood, Mandarin, Patchouli, Perfumes, Perfumes > Perfume Oil & Roll On, Roll On, Warm",Yes,1,No,https://www.maroma.com/?s=Opium%20Flower%20Roll%20On%2FPerfume%20Oil,search,https://maroma-development-sgw0qzbd.myshopify.com/products/opium-flower-roll-on-perfume-oil,opium flower roll on perfume oil,1,Keep,
opium-flower-scented-wooden-leaf-diffuser,Opium Flower Scented Wooden Leaf Diffuser,EA36-A17,750.00,active,Scented Wood Leaf,"Home Essences, Home Essences > Fragrance for Spaces > Scented Wood Leaf",Yes,1,No,https://www.maroma.com/?s=Opium%20Flower%20Scented%20Wooden%20Leaf%20Diffuser,search,https://maroma-development-sgw0qzbd.myshopify.com/products/opium-flower-scented-wooden-leaf-diffuser,opium flower scented wooden leaf diffuser,1,Keep,
opium-flower-solid-perfume,Opium Flower Solid Perfume,EA14-D33,495.00,active,Solid Perfume,"Fruity, Lemon, Peppermint, Perfumes, Perfumes > Solid Perfume, Rockrose, Solid Perfume",Yes,1,Yes,https://www.maroma.com/product/opium-flower-solid-perfume/,product,https://maroma-development-sgw0qzbd.myshopify.com/products/opium-flower-solid-perfume,opium flower solid perfume,1,Keep,Live on maroma.com with image
opium-scented-candle,Opium Scented Candle,,530.00,active,Pillar,"Home Essences, Home Essences > Ambience & Decor > Candles, Home Essences > Ambience & Decor > Candles > Pillar",Yes,1,No,https://www.maroma.com/?s=Opium%20Scented%20Candle,search,https://maroma-development-sgw0qzbd.myshopify.com/products/opium-scented-candle,opium scented candle,1,Keep,
opium-scented-candle-copy,Opium Scented Candle (Copy),,1720.00,active,Pillar,"Home Essences, Home Essences > Ambience & Decor > Candles, Home Essences > Ambience & Decor > Candles > Pillar",Yes,1,No,https://www.maroma.com/?s=Opium%20Scented%20Candle%20(Copy),search,https://maroma-development-sgw0qzbd.myshopify.com/products/opium-scented-candle-copy,opium scented candle copy,1,Keep,
opium-square-with-leaf-300-gms,Opium Square with Leaf 300 Gms.,CA11-B16,900.00,active,Pillar,"Home Essences, Home Essences > Ambience & Decor > Candles, Home Essences > Ambience & Decor > Candles > Pillar",Yes,1,No,https://www.maroma.com/?s=Opium%20Square%20with%20Leaf%20300%20Gms.,search,https://maroma-development-sgw0qzbd.myshopify.com/products/opium-square-with-leaf-300-gms,opium square with leaf 300 gms,1,Keep,
opium-square-with-leaf-600-gms,Opium Square with Leaf 600 Gms.,,1485.00,active,Pillar,"Home Essences, Home Essences > Ambience & Decor > Candles, Home Essences > Ambience & Decor > Candles > Pillar",Yes,1,No,https://www.maroma.com/?s=Opium%20Square%20with%20Leaf%20600%20Gms.,search,https://maroma-development-sgw0qzbd.myshopify.com/products/opium-square-with-leaf-600-gms,opium square with leaf 600 gms,1,Keep,
orange-100-natural-essential-oil-10ml,Orange 100% Natural Essential Oil - 10ml,NE15-A33,670.00,active,Diffuser Oils,"Home Essences, Home Essences > Fragrance for Spaces > Diffusers & Ambient Perfumes, Home Essences > Fragrance for Spaces > Diffusers & Ambient Perfumes > Diffuser Oils, Home Essences > Fragrance for Spaces > Essential Oils > Natural Essential Oil",Yes,1,Yes,https://www.maroma.com/product/natural-essential-oil-orange-10ml/,product,https://maroma-development-sgw0qzbd.myshopify.com/products/orange-100-natural-essential-oil-10ml,orange 100 natural essential oil 10ml,1,Keep,Live on maroma.com with image
orange-blossom-100gms,Orange Blossom - 100gms,CA11-B02 OB,360.00,active,Pillar,"Home Essences, Home Essences > Ambience & Decor > Candles, Home Essences > Ambience & Decor > Candles > Pillar",Yes,1,No,https://www.maroma.com/?s=Orange%20Blossom%20-%20100gms,search,https://maroma-development-sgw0qzbd.myshopify.com/products/orange-blossom-100gms,orange blossom,1,Keep,
orange-blossom-foaming-face-wash,Orange Blossom Foaming Face Wash,TL16-O61,885.00,active,Cleansers & Face Washes,"Face Care, Face Care > Cleansers & Face Washes, Lemon, Neroli, Normal Skin, Oily & Blemish-Prone Skin, Peppermint, Ylang Ylang",Yes,1,Yes,https://www.maroma.com/product/face-wash-orange-blossom-150-ml/,product,https://maroma-development-sgw0qzbd.myshopify.com/products/orange-blossom-foaming-face-wash,orange blossom foaming face wash,1,Keep,Live on maroma.com with image
orange-blossom-incense-sticks,Orange Blossom Incense Sticks,EA10-A35,260.00,active,Encens D’auroville,"100% natural, Encens D'Auroville, Energizing & Uplifting, Home Essences, Home Essences > Fragrance for Spaces > Incense, Home Essences > Fragrance for Spaces > Incense > Encens D’auroville, Romantic & Sensual",Yes,1,Yes,https://www.maroma.com/product/orange-blossom-10-incense-sticks/,product,https://maroma-development-sgw0qzbd.myshopify.com/products/orange-blossom-incense-sticks,orange blossom incense sticks,1,Keep,Live on maroma.com with image
orange-blossom-perfumed-sachet,Orange Blossom Perfumed Sachet,EG13-B10,270.00,active,Wardrobe Sachet-Aromatic,"Featured, Home Essences, Home Essences > Fragrance for Spaces > Fragrance Sachets, Home Essences > Fragrance for Spaces > Fragrance Sachets > Wardrobe Sachet-Aromatic",Yes,1,Yes,https://www.maroma.com/product/perfumed-sachet-orange-blossom/,product,https://maroma-development-sgw0qzbd.myshopify.com/products/orange-blossom-perfumed-sachet,orange blossom perfumed sachet,1,Keep,Live on maroma.com with image
orange-blossom-pillar-candle,Orange Blossom Pillar Candle,CN11-C13,360.00,active,Pillar,"Home Essences, Home Essences > Ambience & Decor > Candles, Home Essences > Ambience & Decor > Candles > Pillar",Yes,1,No,https://www.maroma.com/?s=Orange%20Blossom%20Pillar%20Candle,search,https://maroma-development-sgw0qzbd.myshopify.com/products/orange-blossom-pillar-candle,orange blossom pillar candle,1,Keep,
orange-cinnamon-cone-incense,Orange Cinnamon Cone Incense,EA27-A24,260.00,active,Cone Incense,"100% natural, Encens D'Auroville, Encens D'Auroville > Cone Incense, Home Essences, Home Essences > Fragrance for Spaces > Incense, Home Essences > Fragrance for Spaces > Incense > Cone Incense",Yes,1,Yes,https://www.maroma.com/product/orange-cinnamon-cone-incense/,product,https://maroma-development-sgw0qzbd.myshopify.com/products/orange-cinnamon-cone-incense,orange cinnamon cone incense,1,Keep,Live on maroma.com with image
orange-cinnamon-cylindric-candle-with-terracotta,Orange Cinnamon Cylindric Candle with Terracotta,CA11-A95 Orange Cinnamon,1200.00,active,Pillar,"Gifting, Home Essences, Home Essences > Ambience & Decor > Candles, Home Essences > Ambience & Decor > Candles > Pillar",Yes,1,No,https://www.maroma.com/?s=Orange%20Cinnamon%20Cylindric%20Candle%20with%20Terracotta,search,https://maroma-development-sgw0qzbd.myshopify.com/products/orange-cinnamon-cylindric-candle-with-terracotta,orange cinnamon cylindric candle with terracotta,1,Keep,
orange-cinnamon-75gms-each,Orange Cinnamon - 75gms each,CA11-C64,460.00,active,Pillar,"Home Essences, Home Essences > Ambience & Decor > Candles, Home Essences > Ambience & Decor > Candles > Pillar",Yes,1,Yes,https://www.maroma.com/product/orange-cinnamon-75gms-each/,product,https://maroma-development-sgw0qzbd.myshopify.com/products/orange-cinnamon-75gms-each,orange cinnamon each,1,Keep,Live on maroma.com with image
orange-cinnamon-incense-sticks,Orange Cinnamon Incense Sticks,EA10-A36,260.00,active,Encens D’auroville,"100% natural, Encens D'Auroville, Home Essences, Home Essences > Fragrance for Spaces > Incense, Home Essences > Fragrance for Spaces > Incense > Encens D’auroville, Warm & Comforting",Yes,1,Yes,https://www.maroma.com/product/orange-cinnamon-10-incense-sticks/,product,https://maroma-development-sgw0qzbd.myshopify.com/products/orange-cinnamon-incense-sticks,orange cinnamon incense sticks,1,Keep,Live on maroma.com with image
orange-cinnamon-pillar-candle,Orange Cinnamon Pillar Candle,CN11-C14,360.00,active,Pillar,"Home Essences, Home Essences > Ambience & Decor > Candles, Home Essences > Ambience & Decor > Candles > Pillar",Yes,1,No,https://www.maroma.com/?s=Orange%20Cinnamon%20Pillar%20Candle,search,https://maroma-development-sgw0qzbd.myshopify.com/products/orange-cinnamon-pillar-candle,orange cinnamon pillar candle,1,Keep,
orange-lip-balm,Orange Lip Balm,TL16-O80,220.00,active,Lip care,"Beewax, Dry Skin, Face Care, Face Care > Lip care, Jojoba, Moisturising, Normal Skin, not vegan, Nourishing, Protective, Shea Butter",Yes,1,Yes,https://www.maroma.com/product/orange-lip-care-5gms/,product,https://maroma-development-sgw0qzbd.myshopify.com/products/orange-lip-balm,orange lip balm,1,Keep,Live on maroma.com with image
orange-patchouli-body-lotion-for-men-100ml,Orange Patchouli Body Lotion for Men - 100ml,ML16-D34,565.00,active,Body Lotions & Body Butters,"Body Care, Body Care > Body Lotions & Body Butters, Men",No,0,No,https://www.maroma.com/?s=Orange%20Patchouli%20Body%20Lotion%20for%20Men%20-%20100ml,search,https://maroma-development-sgw0qzbd.myshopify.com/products/orange-patchouli-body-lotion-for-men-100ml,orange patchouli body lotion 100ml,1,Review — no image,Missing image in Shopify
orange-patchouli-men-s-beard-oil,Orange Patchouli Men’s Beard Oil,ML16-D46,525.00,active,Beard Oil,"Coconut, Elemi, Men, Men > Grooming > Beard Oil, Orange, Patchouli",Yes,1,Yes,https://www.maroma.com/product/orange-patchouli-beard-oil-for-men-30ml/,product,https://maroma-development-sgw0qzbd.myshopify.com/products/orange-patchouli-men-s-beard-oil,orange patchouli men s beard oil,1,Keep,Live on maroma.com with image
orange-patchouli-men-s-deodorant-intrigue,Orange Patchouli Men's Deodorant - Intrigue,ML16-D74,700.00,active,Deodorant,"Aloe Vera, Body Care, Body Care > Deodorant, Coconut, Combination Skin, Dry Skin, Dull Skin, Himalayan Cedarwood, Lavandin, Men, Men > Bath & Body > Deodorant, Normal Skin",Yes,1,Yes,https://www.maroma.com/product/intrigue-orange-patchouli-deodorant-for-men-50ml/,product,https://maroma-development-sgw0qzbd.myshopify.com/products/orange-patchouli-men-s-deodorant-intrigue,orange patchouli men s deodorant intrigue,1,Keep,Live on maroma.com with image
orange-patchouli-men-s-perfume,Orange Patchouli Men’s Perfume,ML14-A04,650.00,active,Perfume Oil,"Men, Men > Fragrance > Perfume Oil, Orange, Patchouli, Perfumes",Yes,1,Yes,https://www.maroma.com/product/orange-patchouli-mens-perfume/,product,https://maroma-development-sgw0qzbd.myshopify.com/products/orange-patchouli-men-s-perfume,orange patchouli men s perfume,1,Keep,Live on maroma.com with image
orange-vanilla-10-incense-sticks,Orange Vanilla 10 Incense Sticks,EA10-A37,260.00,active,Encens D’auroville,"Encens D'Auroville, Home Essences, Home Essences > Fragrance for Spaces > Incense, Home Essences > Fragrance for Spaces > Incense > Encens D’auroville",Yes,1,No,https://www.maroma.com/?s=Orange%20Vanilla%2010%20Incense%20Sticks,search,https://maroma-development-sgw0qzbd.myshopify.com/products/orange-vanilla-10-incense-sticks,orange vanilla 10 incense sticks,1,Keep,
oriental-lemongrass-ambient-perfume-10ml,Oriental Lemongrass Ambient Perfume - 10ml,EA14-B29,435.00,active,Ambient Perfumes,"Home Essences, Home Essences > Fragrance for Spaces > Diffusers & Ambient Perfumes, Home Essences > Fragrance for Spaces > Diffusers & Ambient Perfumes > Ambient Perfumes, Home Essences > Fragrance for Spaces > Diffusers & Ambient Perfumes > Diffuser Oils",Yes,1,Yes,https://www.maroma.com/product/ambient-perfume-lemongrass-10ml/,product,https://maroma-development-sgw0qzbd.myshopify.com/products/oriental-lemongrass-ambient-perfume-10ml,oriental lemongrass ambient perfume 10ml,1,Keep,Live on maroma.com with image
oriental-orchid-incense-sticks,Oriental Orchid Incense Sticks,EA10-A71,260.00,active,Encens D’auroville,"Encens D'Auroville, Exotic & Mystical, Home Essences, Home Essences > Fragrance for Spaces > Incense, Home Essences > Fragrance for Spaces > Incense > Encens D’auroville, Romantic & Sensual",Yes,1,Yes,https://www.maroma.com/product/oriental-orchid-10-incense-sticks/,product,https://maroma-development-sgw0qzbd.myshopify.com/products/oriental-orchid-incense-sticks,oriental orchid incense sticks,1,Keep,Live on maroma.com with image
passion,Passion,Passion (Pink with Burgundy Heart),650.00,active,Gift Sets,"Gifting > Gift Sets, Valentine's Day Special",Yes,1,No,https://www.maroma.com/?s=Passion,search,https://maroma-development-sgw0qzbd.myshopify.com/products/passion,passion,1,Keep,
patchouli-100-natural-essential-oil-10ml,Patchouli 100% Natural Essential Oil - 10ml,NE15-A35,2290.00,active,Diffuser Oils,"Home Essences, Home Essences > Fragrance for Spaces > Diffusers & Ambient Perfumes, Home Essences > Fragrance for Spaces > Diffusers & Ambient Perfumes > Diffuser Oils, Home Essences > Fragrance for Spaces > Essential Oils > Natural Essential Oil",Yes,1,Yes,https://www.maroma.com/product/natural-essential-oil-patchouli-10ml/,product,https://maroma-development-sgw0qzbd.myshopify.com/products/patchouli-100-natural-essential-oil-10ml,patchouli 100 natural essential oil 10ml,1,Keep,Live on maroma.com with image
patchouli-bambooless-incense-pack-of-20,Patchouli Bambooless Incense. Pack of 20,EA10-I06,600.00,active,Bambooless,"Home Essences, Home Essences > Fragrance for Spaces > Incense, Home Essences > Fragrance for Spaces > Incense > Bambooless",Yes,1,Yes,https://www.maroma.com/product/bamboo-free-incense-patchouli/,product,https://maroma-development-sgw0qzbd.myshopify.com/products/patchouli-bambooless-incense-pack-of-20,patchouli bambooless incense pack of 20,1,Keep,Live on maroma.com with image
patchouli-cedarwood,Patchouli & Cedarwood,EA26-D08,440.00,active,Smudge Leaf Incense,"Home Essences, Home Essences > Ambience & Decor > Ceramics > Incense Holder, Home Essences > Fragrance for Spaces > Incense, Home Essences > Fragrance for Spaces > Incense > Smudge Leaf Incense",Yes,1,No,https://www.maroma.com/?s=Patchouli%20%26%20Cedarwood,search,https://maroma-development-sgw0qzbd.myshopify.com/products/patchouli-cedarwood,patchouli cedarwood,1,Keep,
patchouli-cone-incense,Patchouli Cone Incense,EA27-A15,260.00,active,Cone Incense,"100% natural, Encens D'Auroville, Encens D'Auroville > Cone Incense, Home Essences, Home Essences > Fragrance for Spaces > Incense, Home Essences > Fragrance for Spaces > Incense > Cone Incense",Yes,1,Yes,https://www.maroma.com/product/patchouli-cone-incense/,product,https://maroma-development-sgw0qzbd.myshopify.com/products/patchouli-cone-incense,patchouli cone incense,1,Keep,Live on maroma.com with image
patchouli-incense-sticks,Patchouli Incense Sticks,EA10-A39,260.00,active,Encens D’auroville,"100% natural, Encens D'Auroville, Grounding & Centering, Home Essences, Home Essences > Fragrance for Spaces > Incense, Home Essences > Fragrance for Spaces > Incense > Encens D’auroville, Spiritual & Meditative",Yes,1,Yes,https://www.maroma.com/product/patchouli-10-incense-sticks/,product,https://maroma-development-sgw0qzbd.myshopify.com/products/patchouli-incense-sticks,patchouli incense sticks,1,Keep,Live on maroma.com with image
patience,Patience,,25755.00,active,Art Candles,Home Essences > Ambience & Decor > Art Candles,Yes,1,No,https://www.maroma.com/?s=Patience,search,https://maroma-development-sgw0qzbd.myshopify.com/products/patience,patience,1,Keep,
peach-blossom-100gms,Peach Blossom - 100gms,CA11-B02 PB,400.00,active,Pillar,"Home Essences, Home Essences > Ambience & Decor > Candles, Home Essences > Ambience & Decor > Candles > Pillar",Yes,1,No,https://www.maroma.com/?s=Peach%20Blossom%20-%20100gms,search,https://maroma-development-sgw0qzbd.myshopify.com/products/peach-blossom-100gms,peach blossom,1,Keep,
peach-blossom-150gms,Peach Blossom 150gms,CA39-B19,1170.00,active,Votive,"Home Essences, Home Essences > Ambience & Decor > Candles > Votive",Yes,1,No,https://www.maroma.com/?s=Peach%20Blossom%20150gms,search,https://maroma-development-sgw0qzbd.myshopify.com/products/peach-blossom-150gms,peach blossom 150gms,1,Keep,
peach-blossom-ambient-perfume-10ml,Peach Blossom Ambient Perfume - 10ml,EA14-B17,435.00,active,Ambient Perfumes,"Home Essences, Home Essences > Fragrance for Spaces > Diffusers & Ambient Perfumes, Home Essences > Fragrance for Spaces > Diffusers & Ambient Perfumes > Ambient Perfumes, Home Essences > Fragrance for Spaces > Diffusers & Ambient Perfumes > Diffuser Oils",Yes,1,Yes,https://www.maroma.com/product/ambient-perfume-peach-blossom-10ml/,product,https://maroma-development-sgw0qzbd.myshopify.com/products/peach-blossom-ambient-perfume-10ml,peach blossom ambient perfume 10ml,1,Keep,Live on maroma.com with image
peach-blossom-body-lotion,Peach Blossom Body Lotion,TL16-T04,570.00,active,Body Lotions,"100ml, Aloe Vera, Body Care, Body Care > Body Lotions & Body Butters, Body Care > Body Lotions & Body Butters > Body Lotions, Coconut, Dry & Dehydrated Skin, Lemon, Sensitive Skin, Tonka Bean",Yes,1,No,https://www.maroma.com/?s=Peach%20Blossom%20Body%20Lotion,search,https://maroma-development-sgw0qzbd.myshopify.com/products/peach-blossom-body-lotion,peach blossom body lotion,1,Keep,
peach-blossom-conditioner,Peach Blossom Conditioner,TL16-T24,630.00,active,Conditioners,"100ml, Aloe Vera, Coconut, Dry & Dehydrated Skin, Hair, Hair > Conditioners, Lemon, Sensitive Skin, Tonka Bean",Yes,1,No,https://www.maroma.com/?s=Peach%20Blossom%20Conditioner,search,https://maroma-development-sgw0qzbd.myshopify.com/products/peach-blossom-conditioner,peach blossom conditioner,1,Keep,
peach-blossom-deodorant,Peach Blossom Deodorant,TL16-O32,700.00,active,Deodorant,"Aloe Vera, Body Care, Body Care > Deodorant, Coconut, Fruity, Non-Sticky, Sodium Bicarbonate, Soothing",Yes,1,Yes,https://www.maroma.com/product/deodorant-peach-blossom-50ml/,product,https://maroma-development-sgw0qzbd.myshopify.com/products/peach-blossom-deodorant,peach blossom deodorant,1,Keep,Live on maroma.com with image
peach-blossom-incense-sticks,Peach Blossom Incense Sticks,EA10-A81,260.00,active,Encens D’auroville,"Encens D'Auroville, Energizing & Uplifting, Home Essences, Home Essences > Fragrance for Spaces > Incense, Home Essences > Fragrance for Spaces > Incense > Encens D’auroville, Joyful & Playful",Yes,1,Yes,https://www.maroma.com/product/peach-blossom-10-incense-sticks/,product,https://maroma-development-sgw0qzbd.myshopify.com/products/peach-blossom-incense-sticks,peach blossom incense sticks,1,Keep,Live on maroma.com with image
peach-blossom-perfumed-sachet,Peach Blossom Perfumed Sachet,EG13-B07,270.00,active,Wardrobe Sachet-Aromatic,"Featured, Home Essences, Home Essences > Fragrance for Spaces > Fragrance Sachets, Home Essences > Fragrance for Spaces > Fragrance Sachets > Wardrobe Sachet-Aromatic",Yes,1,Yes,https://www.maroma.com/product/perfumed-sachet-peach-blossom/,product,https://maroma-development-sgw0qzbd.myshopify.com/products/peach-blossom-perfumed-sachet,peach blossom perfumed sachet,1,Keep,Live on maroma.com with image
peach-blossom-pillar-candle,Peach Blossom Pillar Candle,CN11-C15,360.00,active,Pillar,"Home Essences, Home Essences > Ambience & Decor > Candles, Home Essences > Ambience & Decor > Candles > Pillar",Yes,1,No,https://www.maroma.com/?s=Peach%20Blossom%20Pillar%20Candle,search,https://maroma-development-sgw0qzbd.myshopify.com/products/peach-blossom-pillar-candle,peach blossom pillar candle,1,Keep,
peach-blossom-shampoo-with-aloe-vera-extract,Peach Blossom Shampoo with Aloe Vera Extract,TL16-T44,600.00,active,Shampoos,"100ml, Aloe Vera, Coconut, Dry & Dehydrated Skin, Hair, Hair > Shampoos, Lemon, Sensitive Skin, Tonka Bean",Yes,1,No,https://www.maroma.com/?s=Peach%20Blossom%20Shampoo%20with%20Aloe%20Vera%20Extract,search,https://maroma-development-sgw0qzbd.myshopify.com/products/peach-blossom-shampoo-with-aloe-vera-extract,peach blossom shampoo with aloe vera extract,1,Keep,
peach-blossom-shower-gel,Peach Blossom Shower Gel,TL16-T54,575.00,active,Shower Gels,"100ml, Aloe Vera, Body Care, Body Care > Shower Gels, Coconut, Dry & Dehydrated Skin, Lemon, Sensitive Skin, Tonka Bean",Yes,1,No,https://www.maroma.com/?s=Peach%20Blossom%20Shower%20Gel,search,https://maroma-development-sgw0qzbd.myshopify.com/products/peach-blossom-shower-gel,peach blossom shower gel,1,Keep,
peppermint-95gms,Peppermint - 95gms,TL39-A05,520.00,active,Votive,"Gifting, Home Essences, Home Essences > Ambience & Decor > Candles, Home Essences > Ambience & Decor > Candles > Votive",Yes,1,No,https://www.maroma.com/?s=Peppermint%20-%2095gms,search,https://maroma-development-sgw0qzbd.myshopify.com/products/peppermint-95gms,peppermint,1,Keep,
peppermint-100-natural-essential-oil-10ml,Peppermint 100% Natural Essential Oil - 10ml,NE15-A36,730.00,active,Diffuser Oils,"Home Essences, Home Essences > Fragrance for Spaces > Diffusers & Ambient Perfumes, Home Essences > Fragrance for Spaces > Diffusers & Ambient Perfumes > Diffuser Oils, Home Essences > Fragrance for Spaces > Essential Oils > Natural Essential Oil",Yes,1,Yes,https://www.maroma.com/product/natural-essential-oil-peppermint-10ml/,product,https://maroma-development-sgw0qzbd.myshopify.com/products/peppermint-100-natural-essential-oil-10ml,peppermint 100 natural essential oil 10ml,1,Keep,Live on maroma.com with image
perfume-rollon-patchouli-10ml,Perfume Rollon Patchouli - 10ml,EK14-K82(A),650.00,active,Perfumes,Perfumes,Yes,1,No,https://www.maroma.com/?s=Perfume%20Rollon%20Patchouli%20-%2010ml,search,https://maroma-development-sgw0qzbd.myshopify.com/products/perfume-rollon-patchouli-10ml,perfume rollon patchouli 10ml,1,Keep,
perfume-rollon-sweet-sandal-10ml,Perfume Rollon Sweet Sandal - 10ml,EK14-K83(A),650.00,active,Perfumes,Perfumes,Yes,1,No,https://www.maroma.com/?s=Perfume%20Rollon%20Sweet%20Sandal%20-%2010ml,search,https://maroma-development-sgw0qzbd.myshopify.com/products/perfume-rollon-sweet-sandal-10ml,perfume rollon sweet sandal 10ml,1,Keep,
perfume-set-of-2,Perfume Set of 2,EA29-E78(Lav&Vet),900.00,active,Gifting,Gifting,Yes,1,No,https://www.maroma.com/?s=Perfume%20Set%20of%202,search,https://maroma-development-sgw0qzbd.myshopify.com/products/perfume-set-of-2,perfume set of 2,1,Keep,
perfumes-set-of-2,Perfumes Set of 2,EA29-E78(Into the N.&A),900.00,active,Gifting,Gifting,Yes,1,No,https://www.maroma.com/?s=Perfumes%20Set%20of%202,search,https://maroma-development-sgw0qzbd.myshopify.com/products/perfumes-set-of-2,perfumes set of 2,1,Keep,
peru-balsam-incense-sticks,Peru Balsam Incense Sticks,AL10-A04,300.00,active,Encens D’auroville,"100% natural, Encens D'Auroville, Exotic & Mystical, Home Essences, Home Essences > Fragrance for Spaces > Incense, Home Essences > Fragrance for Spaces > Incense > Encens D’auroville, Warm & Comforting",Yes,1,Yes,https://www.maroma.com/product/peru-balsam-10-incense-sticks/,product,https://maroma-development-sgw0qzbd.myshopify.com/products/peru-balsam-incense-sticks,peru balsam incense sticks,1,Keep,Live on maroma.com with image
pine-cone-incense,Pine Cone Incense,EA27-A31,260.00,active,Cone Incense,"Encens D'Auroville, Encens D'Auroville > Cone Incense, Home Essences, Home Essences > Fragrance for Spaces > Incense, Home Essences > Fragrance for Spaces > Incense > Cone Incense",Yes,1,Yes,https://www.maroma.com/product/pine-cone-incense/,product,https://maroma-development-sgw0qzbd.myshopify.com/products/pine-cone-incense,pine cone incense,1,Keep,Live on maroma.com with image
pine-essential-gift-set,Pine Essential Gift Set,CA29-C19,760.00,active,Gift Sets,"Gifting, Gifting > Gift Sets",Yes,1,Yes,https://www.maroma.com/product/pine-essential-gift-set/,product,https://maroma-development-sgw0qzbd.myshopify.com/products/pine-essential-gift-set,pine essential gift set,1,Keep,Live on maroma.com with image
pine-needles-incense-sticks,Pine Needles Incense Sticks,EA10-A41,260.00,active,Encens D’auroville,"100% natural, Encens D'Auroville, Energizing & Uplifting, Home Essences, Home Essences > Fragrance for Spaces > Incense, Home Essences > Fragrance for Spaces > Incense > Encens D’auroville, Refreshing & Cleansing",Yes,1,Yes,https://www.maroma.com/product/pine-needles-10-incense-sticks/,product,https://maroma-development-sgw0qzbd.myshopify.com/products/pine-needles-incense-sticks,pine needles incense sticks,1,Keep,Live on maroma.com with image
pine-orange-cinnamon,Pine & Orange Cinnamon,EA26-D12,440.00,active,Smudge Leaf Incense,"Home Essences, Home Essences > Ambience & Decor > Ceramics > Incense Holder, Home Essences > Fragrance for Spaces > Incense, Home Essences > Fragrance for Spaces > Incense > Smudge Leaf Incense",Yes,1,No,https://www.maroma.com/?s=Pine%20%26%20Orange%20Cinnamon,search,https://maroma-development-sgw0qzbd.myshopify.com/products/pine-orange-cinnamon,pine orange cinnamon,1,Keep,
pink-berries-hair-body-mist,Pink Berries Hair & Body Mist,,485.00,active,Hair & Body Mists,"Body Care, Body Care > Hair & Body Mists, Dry & Dehydrated Skin, Glycerine, Hair, Hair > Multipurpose, Hair > Multipurpose > Hair & Body Mists, Normal Skin, Rose, Tired or Stressed Skin, Vitamin B",Yes,1,No,https://www.maroma.com/?s=Pink%20Berries%20Hair%20%26%20Body%20Mist,search,https://maroma-development-sgw0qzbd.myshopify.com/products/pink-berries-hair-body-mist,pink berries hair body mist,1,Keep,
pink-berries-hair-body-mist-10ml,Pink Berries Hair & Body Mist -10ml,TL16-C12,485.00,active,Hair & Body Mists,"Body Care, Body Care > Hair & Body Mists, Hair, Hair > Multipurpose, Hair > Multipurpose > Hair & Body Mists",Yes,1,No,https://www.maroma.com/?s=Pink%20Berries%20Hair%20%26%20Body%20Mist%20-10ml,search,https://maroma-development-sgw0qzbd.myshopify.com/products/pink-berries-hair-body-mist-10ml,pink berries hair body mist 10ml,1,Keep,
pink-lotus-pillar-candle,Pink Lotus Pillar Candle,CN11-C11,360.00,active,Pillar,"Home Essences, Home Essences > Ambience & Decor > Candles, Home Essences > Ambience & Decor > Candles > Pillar",Yes,1,No,https://www.maroma.com/?s=Pink%20Lotus%20Pillar%20Candle,search,https://maroma-development-sgw0qzbd.myshopify.com/products/pink-lotus-pillar-candle,pink lotus pillar candle,1,Keep,
pink-lotus-scented-wooden-leaf-diffuser,Pink Lotus Scented Wooden Leaf Diffuser,EA36-A14,750.00,active,Scented Wood Leaf,"Home Essences, Home Essences > Fragrance for Spaces > Scented Wood Leaf",Yes,1,No,https://www.maroma.com/?s=Pink%20Lotus%20Scented%20Wooden%20Leaf%20Diffuser,search,https://maroma-development-sgw0qzbd.myshopify.com/products/pink-lotus-scented-wooden-leaf-diffuser,pink lotus scented wooden leaf diffuser,1,Keep,
pinkberry-100gms,Pinkberry - 100gms,CA11-B02 PY,400.00,active,Pillar,"Home Essences, Home Essences > Ambience & Decor > Candles, Home Essences > Ambience & Decor > Candles > Pillar",Yes,1,No,https://www.maroma.com/?s=Pinkberry%20-%20100gms,search,https://maroma-development-sgw0qzbd.myshopify.com/products/pinkberry-100gms,pinkberry,1,Keep,
pinkberry-incense-sticks,Pinkberry Incense Sticks,EA10-A62,260.00,active,Encens D’auroville,"Encens D'Auroville, Energizing & Uplifting, Home Essences, Home Essences > Fragrance for Spaces > Incense, Home Essences > Fragrance for Spaces > Incense > Encens D’auroville, Joyful & Playful",Yes,1,Yes,https://www.maroma.com/product/pinkberry/,product,https://maroma-development-sgw0qzbd.myshopify.com/products/pinkberry-incense-sticks,pinkberry incense sticks,1,Keep,Live on maroma.com with image
pinkberry-pillar-candle,Pinkberry Pillar Candle,CN11-C16,360.00,active,Pillar,"Home Essences, Home Essences > Ambience & Decor > Candles, Home Essences > Ambience & Decor > Candles > Pillar",Yes,1,No,https://www.maroma.com/?s=Pinkberry%20Pillar%20Candle,search,https://maroma-development-sgw0qzbd.myshopify.com/products/pinkberry-pillar-candle,pinkberry pillar candle,1,Keep,
pinkberry-votive-150g,Pinkberry Votive - 150g,CA39-B16,1170.00,active,Votive,"Home Essences, Home Essences > Ambience & Decor > Candles > Votive",Yes,1,Yes,https://www.maroma.com/product/pinkberry-150gms/,product,https://maroma-development-sgw0qzbd.myshopify.com/products/pinkberry-votive-150g,pinkberry votive 150g,1,Keep,Live on maroma.com with image
plumeria-blossom-votive-95g,Plumeria Blossom Votive - 95g,,520.00,active,Votive,"Home Essences, Home Essences > Ambience & Decor > Candles, Home Essences > Ambience & Decor > Candles > Votive",Yes,1,No,https://www.maroma.com/?s=Plumeria%20Blossom%20Votive%20-%2095g,search,https://maroma-development-sgw0qzbd.myshopify.com/products/plumeria-blossom-votive-95g,plumeria blossom votive 95g,1,Keep,
pomegranate-100gms,Pomegranate -100gms,CA11-B02 PG,400.00,active,Pillar,"Home Essences, Home Essences > Ambience & Decor > Candles, Home Essences > Ambience & Decor > Candles > Pillar",Yes,1,No,https://www.maroma.com/?s=Pomegranate%20-100gms,search,https://maroma-development-sgw0qzbd.myshopify.com/products/pomegranate-100gms,pomegranate,1,Keep,
pomegranate-150gms,Pomegranate 150gms,CA39-B18,1170.00,active,Votive,"Home Essences, Home Essences > Ambience & Decor > Candles > Votive",Yes,1,No,https://www.maroma.com/?s=Pomegranate%20150gms,search,https://maroma-development-sgw0qzbd.myshopify.com/products/pomegranate-150gms,pomegranate 150gms,1,Keep,
pomegranate-bliss-hanging-perfumed-sachet,Pomegranate Bliss Hanging Perfumed Sachet,EA13-B14,335.00,active,Wardrobe Sachet-Aromatic,"Featured, Home Essences, Home Essences > Fragrance for Spaces > Fragrance Sachets, Home Essences > Fragrance for Spaces > Fragrance Sachets > Wardrobe Sachet-Aromatic",Yes,1,Yes,https://www.maroma.com/product/perfumed-hanging-sachet-pomegranate-bliss/,product,https://maroma-development-sgw0qzbd.myshopify.com/products/pomegranate-bliss-hanging-perfumed-sachet,pomegranate bliss hanging perfumed sachet,1,Keep,Live on maroma.com with image
pomegranate-incense-sticks,Pomegranate Incense Sticks,EA10-A63,260.00,active,Encens D’auroville,"Encens D'Auroville, Energizing & Uplifting, Home Essences, Home Essences > Fragrance for Spaces > Incense, Home Essences > Fragrance for Spaces > Incense > Encens D’auroville",Yes,1,Yes,https://www.maroma.com/product/pomegranate-10-incense-sticks/,product,https://maroma-development-sgw0qzbd.myshopify.com/products/pomegranate-incense-sticks,pomegranate incense sticks,1,Keep,Live on maroma.com with image
pomegranate-pillar-candle,Pomegranate Pillar Candle,CN11-C17,360.00,active,Pillar,"Home Essences, Home Essences > Ambience & Decor > Candles, Home Essences > Ambience & Decor > Candles > Pillar, Valentine's Day Special",Yes,1,No,https://www.maroma.com/?s=Pomegranate%20Pillar%20Candle,search,https://maroma-development-sgw0qzbd.myshopify.com/products/pomegranate-pillar-candle,pomegranate pillar candle,1,Keep,
pomegranate-scented-wooden-leaf-diffuser,Pomegranate Scented Wooden Leaf Diffuser,EA36-A16,750.00,active,Scented Wood Leaf,"Home Essences, Home Essences > Fragrance for Spaces > Scented Wood Leaf",Yes,1,Yes,https://www.maroma.com/product/scented-wood-leaf-pomegranate/,product,https://maroma-development-sgw0qzbd.myshopify.com/products/pomegranate-scented-wooden-leaf-diffuser,pomegranate scented wooden leaf diffuser,1,Keep,Live on maroma.com with image
pomegranate-serum,Pomegranate Serum,AY16-B60,1550.00,active,Serums,"Almond, Clove, Combination Skin, Dry Skin, Dull Skin, Face Care, Face Care > Serums, Kokum, new, Pomegranate",Yes,1,Yes,https://www.maroma.com/product/pomegranate-serum-50gms/,product,https://maroma-development-sgw0qzbd.myshopify.com/products/pomegranate-serum,pomegranate serum,1,Keep,Live on maroma.com with image
potpourri-opium-flower,Potpourri - Opium Flower,EA17-E10,710.00,active,Home Essences,Home Essences,Yes,1,Yes,https://www.maroma.com/product/potpourri-opium-flowers/,product,https://maroma-development-sgw0qzbd.myshopify.com/products/potpourri-opium-flower,potpourri opium flower,1,Keep,Live on maroma.com with image
potpourri-orange-cinnamon,Potpourri - Orange Cinnamon,EA17-E11,710.00,active,Home Essences,Home Essences,Yes,1,Yes,https://www.maroma.com/product/potpourri-orange-cinnamon/,product,https://maroma-development-sgw0qzbd.myshopify.com/products/potpourri-orange-cinnamon,potpourri orange cinnamon,1,Keep,Live on maroma.com with image
potpourri-pet-jar-cherry-blossom,Potpourri Pet Jar - Cherry Blossom,EA17-D09,615.00,active,Potpourri,"Home Essences, Home Essences > Fragrance for Spaces > Potpourri",Yes,1,No,https://www.maroma.com/?s=Potpourri%20Pet%20Jar%20-%20Cherry%20Blossom,search,https://maroma-development-sgw0qzbd.myshopify.com/products/potpourri-pet-jar-cherry-blossom,potpourri pet jar cherry blossom,1,Keep,
potpourri-pet-jar-desert-spring,Potpourri Pet Jar - Desert Spring,EA17-D12,615.00,active,Potpourri,"Home Essences, Home Essences > Fragrance for Spaces > Potpourri",Yes,1,No,https://www.maroma.com/?s=Potpourri%20Pet%20Jar%20-%20Desert%20Spring,search,https://maroma-development-sgw0qzbd.myshopify.com/products/potpourri-pet-jar-desert-spring,potpourri pet jar desert spring,1,Keep,
potpourri-pet-jar-lavender-dreams,Potpourri Pet Jar - Lavender Dreams,EA17-D07,615.00,active,Potpourri,"Home Essences, Home Essences > Fragrance for Spaces > Potpourri",Yes,1,No,https://www.maroma.com/?s=Potpourri%20Pet%20Jar%20-%20Lavender%20Dreams,search,https://maroma-development-sgw0qzbd.myshopify.com/products/potpourri-pet-jar-lavender-dreams,potpourri pet jar lavender dreams,1,Keep,
potpourri-pet-jar-rose-absolute,Potpourri Pet Jar - Rose Absolute,EA17-D08,615.00,active,Potpourri,"Home Essences, Home Essences > Fragrance for Spaces > Potpourri",Yes,1,No,https://www.maroma.com/?s=Potpourri%20Pet%20Jar%20-%20Rose%20Absolute,search,https://maroma-development-sgw0qzbd.myshopify.com/products/potpourri-pet-jar-rose-absolute,potpourri pet jar rose absolute,1,Keep,
potpourri-pet-jar-sweet-amber,Potpourri Pet Jar - Sweet Amber,EA17-D06,615.00,active,Potpourri,"Home Essences, Home Essences > Fragrance for Spaces > Potpourri",Yes,1,No,https://www.maroma.com/?s=Potpourri%20Pet%20Jar%20-%20Sweet%20Amber,search,https://maroma-development-sgw0qzbd.myshopify.com/products/potpourri-pet-jar-sweet-amber,potpourri pet jar sweet amber,1,Keep,
potpourri-pet-jar-tender-jasmine,Potpourri Pet Jar - Tender Jasmine,EA17-D13,615.00,active,Potpourri,"Home Essences, Home Essences > Fragrance for Spaces > Potpourri",Yes,1,No,https://www.maroma.com/?s=Potpourri%20Pet%20Jar%20-%20Tender%20Jasmine,search,https://maroma-development-sgw0qzbd.myshopify.com/products/potpourri-pet-jar-tender-jasmine,potpourri pet jar tender jasmine,1,Keep,
potpourri-pet-jar-vanilla-blush,Potpourri Pet Jar - Vanilla Blush,EA17-D11,615.00,active,Potpourri,"Home Essences, Home Essences > Fragrance for Spaces > Potpourri",Yes,1,No,https://www.maroma.com/?s=Potpourri%20Pet%20Jar%20-%20Vanilla%20Blush,search,https://maroma-development-sgw0qzbd.myshopify.com/products/potpourri-pet-jar-vanilla-blush,potpourri pet jar vanilla blush,1,Keep,
potpourri-pet-jar-wild-lotus,Potpourri Pet Jar - Wild Lotus,EA17-D10,615.00,active,Potpourri,"Home Essences, Home Essences > Fragrance for Spaces > Potpourri",Yes,1,No,https://www.maroma.com/?s=Potpourri%20Pet%20Jar%20-%20Wild%20Lotus,search,https://maroma-development-sgw0qzbd.myshopify.com/products/potpourri-pet-jar-wild-lotus,potpourri pet jar wild lotus,1,Keep,
pre-shave-gel-for-men-60ml,Pre Shave Gel for Men - 60ml,TL16-O97,820.00,active,Shaving Foam & After Shave,"Men, Men > Grooming > Shaving Foam & After Shave",No,0,No,https://www.maroma.com/?s=Pre%20Shave%20Gel%20for%20Men%20-%2060ml,search,https://maroma-development-sgw0qzbd.myshopify.com/products/pre-shave-gel-for-men-60ml,pre shave gel 60ml,1,Review — no image,Missing image in Shopify
protecting-lavender-guru-incense-pack-of-50,Protecting Lavender Guru Incense - Pack of 50,RI10-C07,600.00,active,Bulk Incense 50 Sticks,"Home Essences, Home Essences > Fragrance for Spaces > Incense, Home Essences > Fragrance for Spaces > Incense > Bulk Incense 50 Sticks",Yes,1,No,https://www.maroma.com/?s=Protecting%20Lavender%20Guru%20Incense%20-%20Pack%20of%2050,search,https://maroma-development-sgw0qzbd.myshopify.com/products/protecting-lavender-guru-incense-pack-of-50,protecting lavender guru incense pack of 50,1,Keep,
purifying-sandal-guru-incense-pack-of-50,Purifying Sandal Guru Incense - Pack of 50,RI10-C16,600.00,active,Bulk Incense 50 Sticks,"Home Essences, Home Essences > Fragrance for Spaces > Incense, Home Essences > Fragrance for Spaces > Incense > Bulk Incense 50 Sticks",Yes,1,No,https://www.maroma.com/?s=Purifying%20Sandal%20Guru%20Incense%20-%20Pack%20of%2050,search,https://maroma-development-sgw0qzbd.myshopify.com/products/purifying-sandal-guru-incense-pack-of-50,purifying sandal guru incense pack of 50,1,Keep,
radiance-votive-95gms,Radiance Votive 95gms,MS39-A08,745.00,active,Votive,"Home Essences, Home Essences > Ambience & Decor > Candles > Votive",Yes,1,No,https://www.maroma.com/?s=Radiance%20Votive%2095gms,search,https://maroma-development-sgw0qzbd.myshopify.com/products/radiance-votive-95gms,radiance votive 95gms,1,Keep,
radiant-turmeric-day-complex-face-cream,Radiant Turmeric Day Complex Face Cream,TL16-H02,1420.00,active,Day Creams & Sunscreens,"best seller, Bhumyamlaki, Brahmi, Coconut, Face Care, Face Care > Day Creams & Sunscreens, Face Care > Luxury, Licorice, Manjistha, Niacinamide, Saffron, Shatavari, Turmeric",Yes,1,Yes,https://www.maroma.com/product/radiant-turmeric-day-complex-with-niacinamide-brahmi-licorice-extracts/,product,https://maroma-development-sgw0qzbd.myshopify.com/products/radiant-turmeric-day-complex-face-cream,radiant turmeric day complex face cream,1,Keep,Live on maroma.com with image
radiant-turmeric-night-complex-face-cream,Radiant Turmeric Night Complex Face Cream,TL16-H01,1540.00,active,Night Creams,"Almond, Ashwagandha, Balancing, best seller, Brightening, Face Care, Face Care > Luxury, Face Care > Night Creams, Flaxseed, Jojoba, Manjistha, Niacinamide, Nourishing, Pomegranate, Turmeric",Yes,1,Yes,https://www.maroma.com/product/radiant-turmeric-night-complex-with-plant-collagen-pomegranate-aha-fruit-extracts/,product,https://maroma-development-sgw0qzbd.myshopify.com/products/radiant-turmeric-night-complex-face-cream,radiant turmeric night complex face cream,1,Keep,Live on maroma.com with image
rain-forest-10-incense-sticks,Rain Forest 10 Incense Sticks,EA10-A42,260.00,active,Encens D’auroville,"Encens D'Auroville, Home Essences, Home Essences > Fragrance for Spaces > Incense, Home Essences > Fragrance for Spaces > Incense > Encens D’auroville",Yes,1,No,https://www.maroma.com/?s=Rain%20Forest%2010%20Incense%20Sticks,search,https://maroma-development-sgw0qzbd.myshopify.com/products/rain-forest-10-incense-sticks,rain forest 10 incense sticks,1,Keep,
recharge-aromatherapy-bath-salt,Recharge Aromatherapy Bath Salt,MS16-E12,240.00,active,Aromatherapy Bath Salts,"Aromatherapy, Baking Soda, Basil, Body Care, Body Care > Aromatherapy Bath Salts, Cardamom, Clove, Cubeb, Energizing & Uplifting, Epsom Salt, Geranium, Glauber’s Salt, Himalayan Cedarwood, Lavender, Lemon, Orange, Peppermint, Styrax, Tired or Stressed Skin",Yes,1,Yes,https://www.maroma.com/product/aromatherapy-bath-salt-60g-recharge/,product,https://maroma-development-sgw0qzbd.myshopify.com/products/recharge-aromatherapy-bath-salt,recharge aromatherapy bath salt,1,Keep,Live on maroma.com with image
recharge-aromatherapy-incense-pack-of-10,Recharge Aromatherapy Incense. Pack of 10,MS10-C13,260.00,active,Aromatherapy,"Home Essences, Home Essences > Fragrance for Spaces > Incense, Home Essences > Fragrance for Spaces > Incense > Aromatherapy",Yes,1,Yes,https://www.maroma.com/product/aromatherapy-incense-recharge/,product,https://maroma-development-sgw0qzbd.myshopify.com/products/recharge-aromatherapy-incense-pack-of-10,recharge aromatherapy incense pack of 10,1,Keep,Live on maroma.com with image
recharge-aromatherapy-roll-on-perfume,Recharge Aromatherapy Roll-On Perfume,MS14-B07,550.00,active,Aromatherapy Roll On,"100% natural, Basil, Citrus & Fresh, Energizing & Uplifting, Geranium, Lavender, Orange, Perfumes, Perfumes > Aromatherapy, Perfumes > Aromatherapy > Aromatherapy Roll On, Warm",Yes,1,Yes,https://www.maroma.com/product/recharge-aromatherapy-roll-on-perfume/,product,https://maroma-development-sgw0qzbd.myshopify.com/products/recharge-aromatherapy-roll-on-perfume,recharge aromatherapy roll on perfume,1,Keep,Live on maroma.com with image
recharge-aromatherapy-spray,Recharge Aromatherapy Spray,AY14-F02,995.00,active,Aromatherapy Spray,"Citrus & Fresh, Energizing & Uplifting, Fresh & Herbal, Geranium, Himalayan Cedarwood, Lemon, Peppermint, Perfumes, Perfumes > Aromatherapy, Perfumes > Aromatherapy > Aromatherapy Spray, Woody & Earthy",Yes,1,Yes,https://www.maroma.com/product/aromatherapy-spray-10ml-recharge/,product,https://maroma-development-sgw0qzbd.myshopify.com/products/recharge-aromatherapy-spray,recharge aromatherapy spray,1,Keep,Live on maroma.com with image
recharge-massage-oil,Recharge Massage Oil,TL16-A63,520.00,active,Massage & Body Oils,"Aromatherapy, Body Care, Body Care > Massage & Body Oils, Lavender, Normal Skin, Peppermint, Rough or Textured Skin, Sesame, Tired or Stressed Skin",Yes,1,Yes,https://www.maroma.com/product/body-massage-oil-recharge-100ml/,product,https://maroma-development-sgw0qzbd.myshopify.com/products/recharge-massage-oil,recharge massage oil,1,Keep,Live on maroma.com with image
recharge-room-mist,Recharge Room Mist,MS14-C05,470.00,active,Room Mist,"Home Essences, Home Essences > Fragrance for Spaces > Room Mist",Yes,1,Yes,https://www.maroma.com/product/room-mist-refreshing/,product,https://maroma-development-sgw0qzbd.myshopify.com/products/recharge-room-mist,recharge room mist,1,Keep,Live on maroma.com with image
red-rose-75gms-each,Red Rose - 75gms each,,460.00,active,Pillar,"Home Essences, Home Essences > Ambience & Decor > Candles, Home Essences > Ambience & Decor > Candles > Pillar",Yes,1,No,https://www.maroma.com/?s=Red%20Rose%20-%2075gms%20each,search,https://maroma-development-sgw0qzbd.myshopify.com/products/red-rose-75gms-each,red rose each,1,Keep,
red-rose-pillar-candle,Red Rose Pillar Candle,CN11-C18,360.00,active,Pillar,"Home Essences, Home Essences > Ambience & Decor > Candles, Home Essences > Ambience & Decor > Candles > Pillar, Valentine's Day Special",Yes,1,No,https://www.maroma.com/?s=Red%20Rose%20Pillar%20Candle,search,https://maroma-development-sgw0qzbd.myshopify.com/products/red-rose-pillar-candle,red rose pillar candle,1,Keep,
reed-diffuser-frangipani,Reed Diffuser-Frangipani,EA14-I01,2895.00,active,Reed Diffuser,"Home Essences, Home Essences > Fragrance for Spaces > Diffusers & Ambient Perfumes > Reed Diffuser",Yes,1,No,https://www.maroma.com/?s=Reed%20Diffuser-Frangipani,search,https://maroma-development-sgw0qzbd.myshopify.com/products/reed-diffuser-frangipani,reed diffuser frangipani,1,Keep,
reed-diffuser-jasmine,Reed Diffuser-Jasmine,EA14-I02,2895.00,active,Reed Diffuser,"Home Essences, Home Essences > Fragrance for Spaces > Diffusers & Ambient Perfumes > Reed Diffuser",Yes,1,No,https://www.maroma.com/?s=Reed%20Diffuser-Jasmine,search,https://maroma-development-sgw0qzbd.myshopify.com/products/reed-diffuser-jasmine,reed diffuser jasmine,1,Keep,
reed-diffuser-lemongrass,Reed Diffuser-Lemongrass,EA14-I04,2895.00,active,Reed Diffuser,"Home Essences, Home Essences > Fragrance for Spaces > Diffusers & Ambient Perfumes > Reed Diffuser",Yes,1,No,https://www.maroma.com/?s=Reed%20Diffuser-Lemongrass,search,https://maroma-development-sgw0qzbd.myshopify.com/products/reed-diffuser-lemongrass,reed diffuser lemongrass,1,Keep,
reed-diffuser-lotus,Reed Diffuser-Lotus,EA14-I05,2895.00,active,Reed Diffuser,"Home Essences, Home Essences > Fragrance for Spaces > Diffusers & Ambient Perfumes > Reed Diffuser",Yes,1,No,https://www.maroma.com/?s=Reed%20Diffuser-Lotus,search,https://maroma-development-sgw0qzbd.myshopify.com/products/reed-diffuser-lotus,reed diffuser lotus,1,Keep,
reed-diffuser-opium-flower,Reed Diffuser-Opium Flower,EA14-I06,2725.00,active,Reed Diffuser,"Home Essences, Home Essences > Fragrance for Spaces > Diffusers & Ambient Perfumes > Reed Diffuser",Yes,1,No,https://www.maroma.com/?s=Reed%20Diffuser-Opium%20Flower,search,https://maroma-development-sgw0qzbd.myshopify.com/products/reed-diffuser-opium-flower,reed diffuser opium flower,1,Keep,
reed-diffuser-orange-cinnamon,Reed Diffuser-Orange Cinnamon,EA14-I07,2725.00,active,Reed Diffuser,"Home Essences, Home Essences > Fragrance for Spaces > Diffusers & Ambient Perfumes > Reed Diffuser",Yes,1,No,https://www.maroma.com/?s=Reed%20Diffuser-Orange%20Cinnamon,search,https://maroma-development-sgw0qzbd.myshopify.com/products/reed-diffuser-orange-cinnamon,reed diffuser orange cinnamon,1,Keep,
reed-diffuser-rose,Reed Diffuser-Rose,EA14-I08,2895.00,active,Reed Diffuser,"Home Essences, Home Essences > Fragrance for Spaces > Diffusers & Ambient Perfumes > Reed Diffuser",Yes,1,No,https://www.maroma.com/?s=Reed%20Diffuser-Rose,search,https://maroma-development-sgw0qzbd.myshopify.com/products/reed-diffuser-rose,reed diffuser rose,1,Keep,
reed-diffuser-vase-10,Reed Diffuser Vase - 10,AC24-F40,1450.00,active,Reed Diffuser,"Home Essences, Home Essences > Ambience & Decor, Home Essences > Ambience & Decor > Ceramics, Home Essences > Ambience & Decor > Ceramics > Reed Diffuser Vase, Home Essences > Fragrance for Spaces > Diffusers & Ambient Perfumes > Reed Diffuser",Yes,1,Yes,https://www.maroma.com/product/reed-diffuser-container/,product,https://maroma-development-sgw0qzbd.myshopify.com/products/reed-diffuser-vase-10,reed diffuser vase 10,1,Keep,Live on maroma.com with image
reed-diffuser-vase-12,Reed Diffuser Vase - 12,AC24-F41,1640.00,active,Reed Diffuser,"Home Essences, Home Essences > Ambience & Decor, Home Essences > Ambience & Decor > Ceramics, Home Essences > Ambience & Decor > Ceramics > Reed Diffuser Vase, Home Essences > Fragrance for Spaces > Diffusers & Ambient Perfumes > Reed Diffuser",Yes,1,Yes,https://www.maroma.com/product/reed-diffuser-container1/,product,https://maroma-development-sgw0qzbd.myshopify.com/products/reed-diffuser-vase-12,reed diffuser vase 12,1,Keep,Live on maroma.com with image
relaxing-massage-oil,Relaxing Massage Oil,TL16-A58,660.00,active,Massage & Body Oils,"Ajowan, Apricot, Aromatherapy, Blackpepper, Body Care, Body Care > Massage & Body Oils, Cinnamon, Clove, Eucalyptus, Ginger, Grapeseed, Juniper Berry, Lemongrass, Normal Skin, Rosemary, Rough or Textured Skin, Sensitive Skin, Sesame, Sunflower, Tired or Stressed Skin, Wheatgerm",Yes,1,Yes,https://www.maroma.com/product/body-massage-oil-relaxing-100ml/,product,https://maroma-development-sgw0qzbd.myshopify.com/products/relaxing-massage-oil,relaxing massage oil,1,Keep,Live on maroma.com with image
resilience,Resilience,,26825.00,active,Art Candles,Home Essences > Ambience & Decor > Art Candles,Yes,1,No,https://www.maroma.com/?s=Resilience,search,https://maroma-development-sgw0qzbd.myshopify.com/products/resilience,resilience,1,Keep,
retinol-night-cream,Retinol Night Cream,TL16-O06,1365.00,active,Night Creams,"Almond, Brightening, Dull Skin, Face Care, Face Care > Night Creams, Normal Skin, Nourishing, Oily & Blemish-Prone Skin, Restorative, Retinol (Vitamin A), Sunflower",Yes,1,Yes,https://www.maroma.com/product/retinol-night-cream-50gms-2/,product,https://maroma-development-sgw0qzbd.myshopify.com/products/retinol-night-cream,retinol night cream,1,Keep,Live on maroma.com with image
retinol-renewal-night-complex-face-cream,Retinol Renewal Night Complex Face Cream,TL16-H05,1770.00,active,Night Creams,"Bukachiol, Face Care, Face Care > Luxury, Face Care > Night Creams, Lupine Peptides, Niacinamide, Water Lily",Yes,1,Yes,https://www.maroma.com/product/retinol-renewal-night-complex-with-bakuchiol-lupine-peptides-niacinamide-water-lily-extract/,product,https://maroma-development-sgw0qzbd.myshopify.com/products/retinol-renewal-night-complex-face-cream,retinol renewal night complex face cream,1,Keep,Live on maroma.com with image
room-mist-relaxing-100ml,Room Mist Relaxing - 100ml,MS14-C07,470.00,active,Home Essences,Home Essences,Yes,1,No,https://www.maroma.com/?s=Room%20Mist%20Relaxing%20-%20100ml,search,https://maroma-development-sgw0qzbd.myshopify.com/products/room-mist-relaxing-100ml,room mist relaxing 100ml,1,Keep,
room-mist-wild-herbs-100ml,Room Mist Wild Herbs - 100ml,MS14-C10,470.00,active,Home Essences,Home Essences,No,0,No,https://www.maroma.com/?s=Room%20Mist%20Wild%20Herbs%20-%20100ml,search,https://maroma-development-sgw0qzbd.myshopify.com/products/room-mist-wild-herbs-100ml,room mist wild herbs 100ml,1,Review — no image,Missing image in Shopify
rose-absolute-ambient-perfume-10ml,Rose Absolute Ambient Perfume - 10ml,EA14-B18,435.00,active,Ambient Perfumes,"Home Essences, Home Essences > Fragrance for Spaces > Diffusers & Ambient Perfumes, Home Essences > Fragrance for Spaces > Diffusers & Ambient Perfumes > Ambient Perfumes, Home Essences > Fragrance for Spaces > Diffusers & Ambient Perfumes > Diffuser Oils, Valentine's Day Special",Yes,1,Yes,https://www.maroma.com/product/ambient-perfume-rose-10ml/,product,https://maroma-development-sgw0qzbd.myshopify.com/products/rose-absolute-ambient-perfume-10ml,rose absolute ambient perfume 10ml,1,Keep,Live on maroma.com with image
rose-absolute-potpourri,Rose Absolute Potpourri,EA17-E13,710.00,active,Potpourri,"Home Essences, Home Essences > Fragrance for Spaces > Potpourri",Yes,1,Yes,https://www.maroma.com/product/potpourri-rose-absolute/,product,https://maroma-development-sgw0qzbd.myshopify.com/products/rose-absolute-potpourri,rose absolute potpourri,1,Keep,Live on maroma.com with image
rose-absolute-reed-diffuser,Rose Absolute Reed Diffuser,EA14-H58,3485.00,active,Reed Diffuser,"Home Essences, Home Essences > Fragrance for Spaces > Diffusers & Ambient Perfumes > Reed Diffuser",Yes,1,No,https://www.maroma.com/?s=Rose%20Absolute%20Reed%20Diffuser,search,https://maroma-development-sgw0qzbd.myshopify.com/products/rose-absolute-reed-diffuser,rose absolute reed diffuser,1,Keep,
rose-and-pomegranate-deodorant,Rose and Pomegranate Deodorant,TL16-O28,700.00,active,Deodorant,"Aloe Vera, Body Care, Body Care > Deodorant, Coconut, Dry & Dehydrated Skin, Floral, Non-Sticky, Nourishing, Pomegranate, Sensitive Skin, Tired or Stressed Skin",Yes,1,Yes,https://www.maroma.com/product/deodorant-rose-and-pomegranate-50ml/,product,https://maroma-development-sgw0qzbd.myshopify.com/products/rose-and-pomegranate-deodorant,rose and pomegranate deodorant,1,Keep,Live on maroma.com with image
rose-body-lotion,Rose Body Lotion,TL16-T06,600.00,active,Body Lotions,"100ml, Body Care, Body Care > Body Lotions & Body Butters, Body Care > Body Lotions & Body Butters > Body Lotions, Cocoa, Dry & Dehydrated Skin, Geranium, Normal Skin, Pomegranate, Rose, Sensitive Skin, Sesame, Valentine's Day Special, Ylang Ylang",Yes,1,No,https://www.maroma.com/?s=Rose%20Body%20Lotion,search,https://maroma-development-sgw0qzbd.myshopify.com/products/rose-body-lotion,rose body lotion,1,Keep,
rose-body-lotion-125ml,Rose Body Lotion - 125ml,TL16-E83,500.00,active,Body Lotions & Body Butters,"Body Care, Body Care > Body Lotions & Body Butters",Yes,1,No,https://www.maroma.com/?s=Rose%20Body%20Lotion%20-%20125ml,search,https://maroma-development-sgw0qzbd.myshopify.com/products/rose-body-lotion-125ml,rose body lotion 125ml,1,Keep,
rose-body-massage-oil-125ml,Rose Body Massage Oil - 125ml,TL16-E93,670.00,active,Massage & Body Oils,"Body Care, Body Care > Massage & Body Oils",Yes,1,No,https://www.maroma.com/?s=Rose%20Body%20Massage%20Oil%20-%20125ml,search,https://maroma-development-sgw0qzbd.myshopify.com/products/rose-body-massage-oil-125ml,rose body massage oil 125ml,1,Keep,
rose-body-oil,Rose Body Oil,TL16-S39,510.00,active,Massage & Body Oils,"Apricot, Body Care, Body Care > Massage & Body Oils, Geranium, Normal Skin, Rose, Sensitive Skin, Tired or Stressed Skin, Ylang Ylang",Yes,1,Yes,https://www.maroma.com/product/body-massage-oil-rose-100ml/,product,https://maroma-development-sgw0qzbd.myshopify.com/products/rose-body-oil,rose body oil,1,Keep,Live on maroma.com with image
rose-conditioner-with-pomegranate-extract,Rose Conditioner with Pomegranate Extract,TL16-T26,630.00,active,Conditioners,"100ml, Amla, Cocoa, Dry / Dehydrated Hair, Hair, Hair > Conditioners, Nourishing, Rose, Sesame, Shine / Nourishment, Softening, Valentine's Day Special",Yes,1,No,https://www.maroma.com/?s=Rose%20Conditioner%20with%20Pomegranate%20Extract,search,https://maroma-development-sgw0qzbd.myshopify.com/products/rose-conditioner-with-pomegranate-extract,rose conditioner with pomegranate extract,1,Keep,
rose-cone-incense,Rose Cone Incense,EA27-A16,260.00,active,Cone Incense,"Encens D'Auroville, Encens D'Auroville > Cone Incense, Home Essences, Home Essences > Fragrance for Spaces > Incense, Home Essences > Fragrance for Spaces > Incense > Cone Incense",Yes,1,Yes,https://www.maroma.com/product/rose-cone-incense/,product,https://maroma-development-sgw0qzbd.myshopify.com/products/rose-cone-incense,rose cone incense,1,Keep,Live on maroma.com with image
rose-essential-gift-set,Rose Essential Gift Set,CA29-C35,760.00,active,Gift Sets,"Gifting, Gifting > Gift Sets, Valentine's Day Special",Yes,1,Yes,https://www.maroma.com/product/rose-essential-gift-set/,product,https://maroma-development-sgw0qzbd.myshopify.com/products/rose-essential-gift-set,rose essential gift set,1,Keep,Live on maroma.com with image
rose-geranium-face-mist,Rose & Geranium Face Mist,TL16-C21,835.00,active,Mists & Toners,"100% natural, Combination Skin, Dry Skin, Dull Skin, Face Care, Face Care > Mists & Toners, Geranium, Normal Skin, Rose, Sensitive Skin, Vegan",Yes,1,Yes,https://www.maroma.com/product/rose-geranium-100ml/,product,https://maroma-development-sgw0qzbd.myshopify.com/products/rose-geranium-face-mist,rose geranium face mist,1,Keep,Live on maroma.com with image
rose-hair-conditioner-125ml,Rose Hair Conditioner - 125ml,TL16-D83,525.00,active,Conditioners,"Hair, Hair > Conditioners",Yes,1,No,https://www.maroma.com/?s=Rose%20Hair%20Conditioner%20-%20125ml,search,https://maroma-development-sgw0qzbd.myshopify.com/products/rose-hair-conditioner-125ml,rose hair conditioner 125ml,1,Keep,
rose-hair-oil-125ml,Rose Hair Oil - 125ml,TL16-B53,800.00,active,Hair Oils,"Hair, Hair > Hair Oils",Yes,1,No,https://www.maroma.com/?s=Rose%20Hair%20Oil%20-%20125ml,search,https://maroma-development-sgw0qzbd.myshopify.com/products/rose-hair-oil-125ml,rose hair oil 125ml,1,Keep,
rose-hair-oil-with-amla-and-hibiscus-flower-extract,Rose Hair Oil with Amla and Hibiscus Flower Extract,TL16-B38,545.00,active,Hair Oils,"Amla, Ashwagandha, Brahmi, Bringaraj, Coconut, Dry / Dehydrated Hair, Frizz Control, Geranium, Hair, Hair > Hair Oils, Hair Strengthening / Growth, Hibiscus, Rose, Shine / Nourishment",Yes,1,Yes,https://www.maroma.com/product/rose-hair-oil-100ml/,product,https://maroma-development-sgw0qzbd.myshopify.com/products/rose-hair-oil-with-amla-and-hibiscus-flower-extract,rose hair oil with amla and hibiscus flower extract,1,Keep,Live on maroma.com with image
rose-incense-holder,Rose Incense Holder,CC24-E45,180.00,active,Incense Holder,"Home Essences, Home Essences > Ambience & Decor, Home Essences > Ambience & Decor > Ceramics, Home Essences > Ambience & Decor > Ceramics > Incense Holder, Valentine's Day Special",Yes,1,Yes,https://www.maroma.com/product/incense-holder-rose/,product,https://maroma-development-sgw0qzbd.myshopify.com/products/rose-incense-holder,rose incense holder,1,Keep,Live on maroma.com with image
rose-incense-sticks,Rose Incense Sticks,EA10-A45,260.00,active,Encens D’auroville,"Encens D'Auroville, Home Essences, Home Essences > Fragrance for Spaces > Incense, Home Essences > Fragrance for Spaces > Incense > Encens D’auroville, Romantic & Sensual, Valentine's Day Special",Yes,1,Yes,https://www.maroma.com/product/rose-10-incense-sticks/,product,https://maroma-development-sgw0qzbd.myshopify.com/products/rose-incense-sticks,rose incense sticks,1,Keep,Live on maroma.com with image
rose-jute-sachet,Rose Jute Sachet,EA13-E66,600.00,active,Jute Sachet,"Home Essences, Home Essences > Fragrance for Spaces > Fragrance Sachets, Home Essences > Fragrance for Spaces > Fragrance Sachets > Jute Sachet",Yes,1,Yes,https://www.maroma.com/product/flower-jute-sachet-rose/,product,https://maroma-development-sgw0qzbd.myshopify.com/products/rose-jute-sachet,rose jute sachet,1,Keep,Live on maroma.com with image
rose-mild-scrub-soap,Rose Mild Scrub Soap,SS16-A86,480.00,active,Scrub Soap,"Body Care, Body Care > Soaps, Body Care > Soaps > Scrub Soap, Coconut, Dry & Dehydrated Skin, Geranium, Mango Butter, Normal Skin, Rose, Sensitive Skin, Tired or Stressed Skin",Yes,1,Yes,https://www.maroma.com/product/mild-scrub-soap-rose-100gms/,product,https://maroma-development-sgw0qzbd.myshopify.com/products/rose-mild-scrub-soap,rose mild scrub soap,1,Keep,Live on maroma.com with image
rose-passion-scented-candle,Rose Passion Scented Candle,,650.00,active,Pillar,"Home Essences, Home Essences > Ambience & Decor > Candles, Home Essences > Ambience & Decor > Candles > Pillar, Valentine's Day Special",Yes,1,No,https://www.maroma.com/?s=Rose%20Passion%20Scented%20Candle,search,https://maroma-development-sgw0qzbd.myshopify.com/products/rose-passion-scented-candle,rose passion scented candle,1,Keep,
rose-shampoo-125ml,Rose Shampoo - 125ml,TL16-D73,550.00,active,Shampoos,"Hair, Hair > Shampoos",Yes,1,No,https://www.maroma.com/?s=Rose%20Shampoo%20-%20125ml,search,https://maroma-development-sgw0qzbd.myshopify.com/products/rose-shampoo-125ml,rose shampoo 125ml,1,Keep,
rose-shampoo-with-pomegranate-extract,Rose Shampoo with Pomegranate Extract,TL16-T46,630.00,active,Shampoos,"100ml, Amla, Coconut, Dry / Dehydrated Hair, Floral, Hair, Hair > Shampoos, Hair Strengthening / Growth, Hydrating, Pomegranate, Rose, Valentine's Day Special",Yes,1,No,https://www.maroma.com/?s=Rose%20Shampoo%20with%20Pomegranate%20Extract,search,https://maroma-development-sgw0qzbd.myshopify.com/products/rose-shampoo-with-pomegranate-extract,rose shampoo with pomegranate extract,1,Keep,
rose-shower-gel,Rose Shower Gel,,600.00,active,Shower Gels,"100ml, Body Care, Body Care > Shower Gels, Cocoa, Dry & Dehydrated Skin, Geranium, Pomegranate, Rose, Tired or Stressed Skin, Valentine's Day Special",Yes,1,No,https://www.maroma.com/?s=Rose%20Shower%20Gel,search,https://maroma-development-sgw0qzbd.myshopify.com/products/rose-shower-gel,rose shower gel,1,Keep,
rose-shower-gel-125ml,Rose Shower Gel - 125ml,TL16-D93,600.00,active,Shower Gels,"Body Care, Body Care > Shower Gels, Gifting",Yes,1,No,https://www.maroma.com/?s=Rose%20Shower%20Gel%20-%20125ml,search,https://maroma-development-sgw0qzbd.myshopify.com/products/rose-shower-gel-125ml,rose shower gel 125ml,1,Keep,
rose-soap-bar-with-mango-butter,Rose Soap Bar with Mango Butter,TL16-P07,450.00,active,Soaps,"Body Care, Body Care > Soaps, Coconut, Dry & Dehydrated Skin, Kokum, Lavender, Moringa, Normal Skin, Rosemary, Sensitive Skin",Yes,1,Yes,https://www.maroma.com/product/rose-soap-bar-with-mango-butter/,product,https://maroma-development-sgw0qzbd.myshopify.com/products/rose-soap-bar-with-mango-butter,rose soap bar with mango butter,1,Keep,Live on maroma.com with image
rose-square-sachet,Rose Square Sachet,TL13-A57,240.00,active,Wardrobe Sachet-Aromatic,"Home Essences, Home Essences > Fragrance for Spaces > Fragrance Sachets, Home Essences > Fragrance for Spaces > Fragrance Sachets > Wardrobe Sachet-Aromatic",Yes,1,No,https://www.maroma.com/?s=Rose%20Square%20Sachet,search,https://maroma-development-sgw0qzbd.myshopify.com/products/rose-square-sachet,rose square sachet,1,Keep,
rose-votive-95gms,Rose Votive - 95gms,,520.00,active,Votive,"Home Essences, Home Essences > Ambience & Decor > Candles, Home Essences > Ambience & Decor > Candles > Votive",Yes,1,No,https://www.maroma.com/?s=Rose%20Votive%20-%2095gms,search,https://maroma-development-sgw0qzbd.myshopify.com/products/rose-votive-95gms,rose votive,1,Keep,
rosemary-100-natural-essential-oil-10ml,Rosemary 100% Natural Essential Oil - 10ml,NE15-A40,1080.00,active,Diffuser Oils,"Home Essences, Home Essences > Fragrance for Spaces > Diffusers & Ambient Perfumes, Home Essences > Fragrance for Spaces > Diffusers & Ambient Perfumes > Diffuser Oils, Home Essences > Fragrance for Spaces > Essential Oils > Natural Essential Oil",Yes,1,Yes,https://www.maroma.com/product/natural-essential-oil-rosemary-10ml/,product,https://maroma-development-sgw0qzbd.myshopify.com/products/rosemary-100-natural-essential-oil-10ml,rosemary 100 natural essential oil 10ml,1,Keep,Live on maroma.com with image
roses-and-radiance-gift-set,Roses and Radiance Gift Set,EA29-F42,1510.00,active,Gift Sets,"Gifting, Gifting > Gift Sets",Yes,1,Yes,https://www.maroma.com/product/roses-and-radiance-gift-set/,product,https://maroma-development-sgw0qzbd.myshopify.com/products/roses-and-radiance-gift-set,roses and radiance gift set,1,Keep,Live on maroma.com with image
rubelisk,Rubelisk,,4665.00,active,Art Candles,Home Essences > Ambience & Decor > Art Candles,Yes,1,No,https://www.maroma.com/?s=Rubelisk,search,https://maroma-development-sgw0qzbd.myshopify.com/products/rubelisk,rubelisk,1,Keep,
sacred-radiance-gift-set,Sacred Radiance Gift Set,EA29-F35,2155.00,active,Gift Sets,"Gifting, Gifting > Gift Sets",Yes,1,Yes,https://www.maroma.com/product/sacred-radiance-gift-set/,product,https://maroma-development-sgw0qzbd.myshopify.com/products/sacred-radiance-gift-set,sacred radiance gift set,1,Keep,Live on maroma.com with image
sacred-tulsi-guru-incense-pack-of-50,Sacred Tulsi Guru Incense - Pack of 50,RI10-C24,600.00,active,Bulk Incense 50 Sticks,"Home Essences, Home Essences > Fragrance for Spaces > Incense, Home Essences > Fragrance for Spaces > Incense > Bulk Incense 50 Sticks",Yes,1,No,https://www.maroma.com/?s=Sacred%20Tulsi%20Guru%20Incense%20-%20Pack%20of%2050,search,https://maroma-development-sgw0qzbd.myshopify.com/products/sacred-tulsi-guru-incense-pack-of-50,sacred tulsi guru incense pack of 50,1,Keep,
saffron-elixir-serum,Saffron Elixir Serum,TL16-H21,2360.00,active,Luxury,"Aloe Vera, Face Care, Face Care > Luxury, Face Care > Serums, Hyaluronic acid, Pro-ceramides, Saffron, Water Lily",Yes,1,Yes,https://www.maroma.com/product/saffron-elixir-with-pro-ceramides-water-lily-extract-hyaluronic-acid/,product,https://maroma-development-sgw0qzbd.myshopify.com/products/saffron-elixir-serum,saffron elixir serum,1,Keep,Live on maroma.com with image
saffron-patchouli-incense-sticks,Saffron Patchouli Incense Sticks,EA10-A72,260.00,active,Encens D’auroville,"Encens D'Auroville, Exotic & Mystical, Home Essences, Home Essences > Fragrance for Spaces > Incense, Home Essences > Fragrance for Spaces > Incense > Encens D’auroville, Spiritual & Meditative",Yes,1,Yes,https://www.maroma.com/product/saffron-patchouli-10-incense-sticks/,product,https://maroma-development-sgw0qzbd.myshopify.com/products/saffron-patchouli-incense-sticks,saffron patchouli incense sticks,1,Keep,Live on maroma.com with image
saffron-patchouli-sandal-perfume-spirals,Saffron Patchouli & Sandal Perfume Spirals,EA34-A29,410.00,active,Perfume Spiral Incense,"Home Essences, Home Essences > Fragrance for Spaces > Incense, Home Essences > Fragrance for Spaces > Incense > Perfume Spiral Incense",Yes,1,Yes,https://www.maroma.com/product/2-perfume-spirals-saffron-patchouli/,product,https://maroma-development-sgw0qzbd.myshopify.com/products/saffron-patchouli-sandal-perfume-spirals,saffron patchouli sandal perfume spirals,1,Keep,Live on maroma.com with image
saffron-serum,Saffron Serum,AY16-B56,1880.00,active,Serums,"Avocado, best seller, Dry Skin, Dull Skin, Face Care, Face Care > Serums, Grapeseed, Normal Skin, Olive, Rosehip, Sensitive Skin",Yes,1,Yes,https://www.maroma.com/product/aromatherapy-saffron-serum-50gms/,product,https://maroma-development-sgw0qzbd.myshopify.com/products/saffron-serum,saffron serum,1,Keep,Live on maroma.com with image
sage-amber-lily-of-the-valley-60gms-each-triple-scented-pack-of-2,"Sage, Amber, Lily of the Valley - 60gms. Each Triple Scented (Pack of 2)",CA11-R05,420.00,active,Pillar,"Home Essences, Home Essences > Ambience & Decor > Candles, Home Essences > Ambience & Decor > Candles > Pillar",Yes,1,Yes,https://www.maroma.com/product/sage-amber-lily-of-the-the-valley-60gms-each-triple-scented-pack-of-2/,product,https://maroma-development-sgw0qzbd.myshopify.com/products/sage-amber-lily-of-the-valley-60gms-each-triple-scented-pack-of-2,sage amber lily of the valley each triple scented pack of 2,1,Keep,Live on maroma.com with image
sandal-75gms-each,Sandal - 75gms each,,460.00,active,Pillar,"Home Essences, Home Essences > Ambience & Decor > Candles, Home Essences > Ambience & Decor > Candles > Pillar",Yes,1,No,https://www.maroma.com/?s=Sandal%20-%2075gms%20each,search,https://maroma-development-sgw0qzbd.myshopify.com/products/sandal-75gms-each,sandal each,1,Keep,
sandal-vetiver-scented-wooden-leaf-diffuser,Sandal Vetiver Scented Wooden Leaf Diffuser,EA36-A18,800.00,active,Scented Wood Leaf,"Home Essences, Home Essences > Fragrance for Spaces > Scented Wood Leaf",Yes,1,No,https://www.maroma.com/?s=Sandal%20Vetiver%20Scented%20Wooden%20Leaf%20Diffuser,search,https://maroma-development-sgw0qzbd.myshopify.com/products/sandal-vetiver-scented-wooden-leaf-diffuser,sandal vetiver scented wooden leaf diffuser,1,Keep,
sandal-votive-95gms,Sandal votive - 95gms,TL39-A08,520.00,active,Votive,"Gifting, Home Essences, Home Essences > Ambience & Decor > Candles, Home Essences > Ambience & Decor > Candles > Votive",Yes,1,No,https://www.maroma.com/?s=Sandal%20votive%20-%2095gms,search,https://maroma-development-sgw0qzbd.myshopify.com/products/sandal-votive-95gms,sandal votive,1,Keep,
sandalwood-bambooless-incense-pack-of-20,Sandalwood Bambooless Incense. Pack of 20,EA10-I03,600.00,active,Bambooless,"Home Essences, Home Essences > Fragrance for Spaces > Incense, Home Essences > Fragrance for Spaces > Incense > Bambooless",Yes,1,Yes,https://www.maroma.com/product/bamboo-free-incense-sandalwood/,product,https://maroma-development-sgw0qzbd.myshopify.com/products/sandalwood-bambooless-incense-pack-of-20,sandalwood bambooless incense pack of 20,1,Keep,Live on maroma.com with image
sandalwood-body-lotion-125ml,Sandalwood Body Lotion - 125ml,TL16-E84,500.00,active,Body Lotions & Body Butters,"Body Care, Body Care > Body Lotions & Body Butters",Yes,1,No,https://www.maroma.com/?s=Sandalwood%20Body%20Lotion%20-%20125ml,search,https://maroma-development-sgw0qzbd.myshopify.com/products/sandalwood-body-lotion-125ml,sandalwood body lotion 125ml,1,Keep,
sandalwood-body-oil,Sandalwood Body Oil,TL16-S36,510.00,active,Massage & Body Oils,"Almond, Basil, Body Care, Body Care > Massage & Body Oils, Normal Skin, Rough or Textured Skin, Sandalwood, Tired or Stressed Skin, Turmeric",Yes,1,Yes,https://www.maroma.com/product/body-massage-oil-sandalwood-100ml/,product,https://maroma-development-sgw0qzbd.myshopify.com/products/sandalwood-body-oil,sandalwood body oil,1,Keep,Live on maroma.com with image
sandalwood-conditioner-100ml,Sandalwood Conditioner - 100ml,TL16-T21,630.00,active,Conditioners,"100ml, Benzoin, Brahmi, Castor, Cypriol, Hair, Hair > Conditioners, Himalayan Cedarwood, Olive, Sandalwood, Sesame, Turmeric",Yes,1,Yes,https://www.maroma.com/product/sandalwood-conditioner-100ml/,product,https://maroma-development-sgw0qzbd.myshopify.com/products/sandalwood-conditioner-100ml,sandalwood conditioner 100ml,1,Keep,Live on maroma.com with image
sandalwood-cone-incense,Sandalwood Cone Incense,EA27-A17,260.00,active,Cone Incense,"100% natural, Encens D'Auroville, Encens D'Auroville > Cone Incense, Home Essences, Home Essences > Fragrance for Spaces > Incense, Home Essences > Fragrance for Spaces > Incense > Cone Incense",Yes,1,Yes,https://www.maroma.com/product/sandalwood-cone-incense/,product,https://maroma-development-sgw0qzbd.myshopify.com/products/sandalwood-cone-incense,sandalwood cone incense,1,Keep,Live on maroma.com with image
sandalwood-hair-conditioner-125ml,Sandalwood Hair Conditioner - 125ml,TL16-D84,525.00,active,Conditioners,"Hair, Hair > Conditioners",Yes,1,No,https://www.maroma.com/?s=Sandalwood%20Hair%20Conditioner%20-%20125ml,search,https://maroma-development-sgw0qzbd.myshopify.com/products/sandalwood-hair-conditioner-125ml,sandalwood hair conditioner 125ml,1,Keep,
sandalwood-incense-sticks,Sandalwood Incense Sticks,EA10-A47,260.00,active,Encens D’auroville,"100% natural, Encens D'Auroville, Grounding & Centering, Home Essences, Home Essences > Fragrance for Spaces > Incense, Home Essences > Fragrance for Spaces > Incense > Encens D’auroville, Relaxing & Calming, Spiritual & Meditative",Yes,1,Yes,https://www.maroma.com/product/sandalwood-10-incense-sticks/,product,https://maroma-development-sgw0qzbd.myshopify.com/products/sandalwood-incense-sticks,sandalwood incense sticks,1,Keep,Live on maroma.com with image
sandalwood-mild-scrub-soap,Sandalwood Mild Scrub Soap,SS16-A87,480.00,active,Scrub Soap,"Body Care, Body Care > Soaps, Body Care > Soaps > Scrub Soap, Cedarwood, Coconut, Cypriol, Dry & Dehydrated Skin, Mango Butter, Normal Skin, Rough or Textured Skin, Sandalwood",Yes,1,Yes,https://www.maroma.com/product/mild-scrub-soap-sandalwood-100gms/,product,https://maroma-development-sgw0qzbd.myshopify.com/products/sandalwood-mild-scrub-soap,sandalwood mild scrub soap,1,Keep,Live on maroma.com with image
sandalwood-serenity-gift-set,Sandalwood Serenity Gift Set,EA29-F21,1710.00,active,Gift Sets,"Gifting, Gifting > Gift Sets",Yes,1,Yes,https://www.maroma.com/product/sandalwood-serenity-gift-set/,product,https://maroma-development-sgw0qzbd.myshopify.com/products/sandalwood-serenity-gift-set,sandalwood serenity gift set,1,Keep,Live on maroma.com with image
sandalwood-shampoo-100ml,Sandalwood Shampoo - 100ml,TL16-T41,630.00,active,Shampoos,"100ml, Benzoin, Brahmi, Coconut, Cypriol, Hair, Hair > Shampoos, Himalayan Cedarwood, Kokum, Sandalwood, Turmeric",Yes,1,Yes,https://www.maroma.com/product/sandalwood-shampoo-100ml/,product,https://maroma-development-sgw0qzbd.myshopify.com/products/sandalwood-shampoo-100ml,sandalwood shampoo 100ml,1,Keep,Live on maroma.com with image
sandalwood-shampoo-125ml,Sandalwood Shampoo - 125ml,TL16-D74,550.00,active,Shampoos,"Hair, Hair > Shampoos",Yes,1,No,https://www.maroma.com/?s=Sandalwood%20Shampoo%20-%20125ml,search,https://maroma-development-sgw0qzbd.myshopify.com/products/sandalwood-shampoo-125ml,sandalwood shampoo 125ml,1,Keep,
sandalwood-shower-gel-100ml,Sandalwood Shower Gel - 100ml,TL16-T51,600.00,active,Shower Gels,"100ml, Bergamot, Body Care, Body Care > Shower Gels, Geranium, Lavender, Normal Skin, Rosemary, Sensitive Skin, Tired or Stressed Skin",Yes,1,Yes,https://www.maroma.com/product/sandalwood-shower-gel-100ml/,product,https://maroma-development-sgw0qzbd.myshopify.com/products/sandalwood-shower-gel-100ml,sandalwood shower gel 100ml,1,Keep,Live on maroma.com with image
sandalwood-shower-gel-125ml,Sandalwood Shower Gel - 125ml,TL16-D94,600.00,active,Shower Gels,"Body Care, Body Care > Shower Gels, Gifting",Yes,1,No,https://www.maroma.com/?s=Sandalwood%20Shower%20Gel%20-%20125ml,search,https://maroma-development-sgw0qzbd.myshopify.com/products/sandalwood-shower-gel-125ml,sandalwood shower gel 125ml,1,Keep,
sangria-95g,Sangria - 95g,,520.00,active,Votive,"Home Essences, Home Essences > Ambience & Decor > Candles, Home Essences > Ambience & Decor > Candles > Votive",Yes,1,No,https://www.maroma.com/?s=Sangria%20-%2095g,search,https://maroma-development-sgw0qzbd.myshopify.com/products/sangria-95g,sangria 95g,1,Keep,
scrub-soap-giftset-p-8-25-gms,Scrub Soap Giftset P/8 25 Gms,TL16-P71,780.00,active,Mini Soap Set,"Gifting, Gifting > Mini Soap Set",Yes,1,No,https://www.maroma.com/?s=Scrub%20Soap%20Giftset%20P%2F8%2025%20Gms,search,https://maroma-development-sgw0qzbd.myshopify.com/products/scrub-soap-giftset-p-8-25-gms,scrub soap giftset p 8 25 gms,1,Keep,
serene-aromatherapy-roll-on-perfume,Serene Aromatherapy Roll-On Perfume,MS14-B06,550.00,active,Aromatherapy Roll On,"100% natural, Bergamot, Calming & Grounding, Floral, Lavandin, Perfumes, Perfumes > Aromatherapy, Perfumes > Aromatherapy > Aromatherapy Roll On, Sandalwood, Vetiver",Yes,1,Yes,https://www.maroma.com/product/aromatherapy-pulse-point-rollon-serene-10ml/,product,https://maroma-development-sgw0qzbd.myshopify.com/products/serene-aromatherapy-roll-on-perfume,serene aromatherapy roll on perfume,1,Keep,Live on maroma.com with image
serene-massage-oil,Serene Massage Oil,TL16-A59,780.00,active,Massage & Body Oils,"Apricot, Aromatherapy, Body Care, Body Care > Massage & Body Oils, Geranium, Grapeseed, Lemon, Palmarosa, Patchouli, Peppermint, Rose, Sensitive Skin, Sesame, Tea Tree, Tired or Stressed Skin, Ylang Ylang",Yes,1,Yes,https://www.maroma.com/product/body-massage-oil-serene-100ml/,product,https://maroma-development-sgw0qzbd.myshopify.com/products/serene-massage-oil,serene massage oil,1,Keep,Live on maroma.com with image
serenity-10-incense-sticks,Serenity 10 Incense Sticks,MD10-A03,240.00,active,Devi Incense,"Encens D'Auroville, Home Essences, Home Essences > Fragrance for Spaces > Incense, Home Essences > Fragrance for Spaces > Incense > Devi Incense",Yes,1,No,https://www.maroma.com/?s=Serenity%2010%20Incense%20Sticks,search,https://maroma-development-sgw0qzbd.myshopify.com/products/serenity-10-incense-sticks,serenity 10 incense sticks,1,Keep,
serenity-sama-incense-50-sticks,Serenity Sama Incense - 50 Sticks,SL10-A15,600.00,active,Bulk Incense 50 Sticks,"Home Essences, Home Essences > Fragrance for Spaces > Incense, Home Essences > Fragrance for Spaces > Incense > Bulk Incense 50 Sticks",Yes,1,No,https://www.maroma.com/?s=Serenity%20Sama%20Incense%20-%2050%20Sticks,search,https://maroma-development-sgw0qzbd.myshopify.com/products/serenity-sama-incense-50-sticks,serenity sama incense 50 sticks,1,Keep,
serenity-set,Serenity Set,EA29-F04,1390.00,active,Gift Sets,"Gifting, Gifting > Gift Sets",Yes,1,No,https://www.maroma.com/?s=Serenity%20Set,search,https://maroma-development-sgw0qzbd.myshopify.com/products/serenity-set,serenity set,1,Keep,
sesame-body-oil,Sesame Body Oil,TL16-C02,725.00,active,Massage & Body Oils,"Apricot, Body Care, Body Care > Massage & Body Oils, Grapeseed, Normal Skin, Sensitive Skin, Sesame, three",Yes,1,No,https://www.maroma.com/?s=Sesame%20Body%20Oil,search,https://maroma-development-sgw0qzbd.myshopify.com/products/sesame-body-oil,sesame body oil,1,Keep,
sesame-soap-bar-with-sesame-scrub-mango-butter,Sesame Soap Bar with Sesame Scrub & Mango Butter,TL16-P12,450.00,active,Scrub Soap,"Body Care, Body Care > Soaps, Body Care > Soaps > Scrub Soap, Coconut, Dry & Dehydrated Skin, Kokum, Lavender, Moringa, Normal Skin, Rosemary, Sensitive Skin",Yes,1,Yes,https://www.maroma.com/product/sesame-soap-bar-with-sesame-scrub-mango-butter/,product,https://maroma-development-sgw0qzbd.myshopify.com/products/sesame-soap-bar-with-sesame-scrub-mango-butter,sesame soap bar with sesame scrub mango butter,1,Keep,Live on maroma.com with image
shampoo-conditioner-get-bamboo-glove-free,Shampoo & Conditioner- Get Bamboo Glove free,EA29-E78-9,2090.00,active,Body Care,Body Care,Yes,1,No,https://www.maroma.com/?s=Shampoo%20%26%20Conditioner-%20Get%20Bamboo%20Glove%20free,search,https://maroma-development-sgw0qzbd.myshopify.com/products/shampoo-conditioner-get-bamboo-glove-free,shampoo conditioner get bamboo glove free,1,Keep,
shaving-foam-after-shave-gel-get-10ml-eau-de-toilette-free,Shaving Foam & After Shave gel - Get 10ml Eau De Toilette free,Men Shaving Foam & After Shave gel,1685.00,active,Gifting,Gifting,Yes,1,No,https://www.maroma.com/?s=Shaving%20Foam%20%26%20After%20Shave%20gel%20-%20Get%2010ml%20Eau%20De%20Toilette%20free,search,https://maroma-development-sgw0qzbd.myshopify.com/products/shaving-foam-after-shave-gel-get-10ml-eau-de-toilette-free,shaving foam after shave gel get 10ml eau de toilette free,1,Keep,
shaving-soap-for-man-100gms,Shaving Soap for Man - 100gms,ML16-B30,735.00,active,Shaving Foam & After Shave,"Men, Men > Grooming > Shaving Foam & After Shave",Yes,1,No,https://www.maroma.com/?s=Shaving%20Soap%20for%20Man%20-%20100gms,search,https://maroma-development-sgw0qzbd.myshopify.com/products/shaving-soap-for-man-100gms,shaving soap,1,Keep,
shine,Shine,,22500.00,active,Art Candles,Home Essences > Ambience & Decor > Art Candles,Yes,1,No,https://www.maroma.com/?s=Shine,search,https://maroma-development-sgw0qzbd.myshopify.com/products/shine,shine,1,Keep,
shower-gel-body-butter-get-sisal-belt-free,Shower Gel & Body Butter- Get Sisal Belt free,EA29-E78-8,2200.00,active,Gifting,Gifting,Yes,1,No,https://www.maroma.com/?s=Shower%20Gel%20%26%20Body%20Butter-%20Get%20Sisal%20Belt%20free,search,https://maroma-development-sgw0qzbd.myshopify.com/products/shower-gel-body-butter-get-sisal-belt-free,shower gel body butter get sisal belt free,1,Keep,
shower-gel-lotion-get-bamboo-belt-free,Shower Gel & Lotion - get Bamboo Belt free,EA29-E78-7,2100.00,active,Gifting,Gifting,Yes,1,No,https://www.maroma.com/?s=Shower%20Gel%20%26%20Lotion%20-%20get%20Bamboo%20Belt%20free,search,https://maroma-development-sgw0qzbd.myshopify.com/products/shower-gel-lotion-get-bamboo-belt-free,shower gel lotion get bamboo belt free,1,Keep,
siam-benzoin-incense-sticks,Siam Benzoin Incense Sticks,AL10-A05,300.00,active,Encens D’auroville,"100% natural, Encens D'Auroville, Exotic & Mystical, Home Essences, Home Essences > Fragrance for Spaces > Incense, Home Essences > Fragrance for Spaces > Incense > Encens D’auroville, Warm & Comforting",Yes,1,Yes,https://www.maroma.com/product/siam-benzoin-10-incense-sticks/,product,https://maroma-development-sgw0qzbd.myshopify.com/products/siam-benzoin-incense-sticks,siam benzoin incense sticks,1,Keep,Live on maroma.com with image
silent-prayer-kalki-incense-50-sticks,Silent Prayer Kalki Incense - 50 Sticks,KI10-D10,600.00,active,Bulk Incense 50 Sticks,"Home Essences, Home Essences > Fragrance for Spaces > Incense, Home Essences > Fragrance for Spaces > Incense > Bulk Incense 50 Sticks",Yes,1,Yes,https://www.maroma.com/product/kalki-bulk-incense-silent-prayer/,product,https://maroma-development-sgw0qzbd.myshopify.com/products/silent-prayer-kalki-incense-50-sticks,silent prayer kalki incense 50 sticks,1,Keep,Live on maroma.com with image
soap-giftset-p-3-50-gms,Soap Giftset P/3 50 Gms,TL16-P68,450.00,active,Mini Soap Set,"Gifting, Gifting > Gift Sets, Gifting > Mini Soap Set",Yes,1,No,https://www.maroma.com/?s=Soap%20Giftset%20P%2F3%2050%20Gms,search,https://maroma-development-sgw0qzbd.myshopify.com/products/soap-giftset-p-3-50-gms,soap giftset p 3 50 gms,1,Keep,
soap-giftsets-p-3-50-gms,Soap Giftsets P/3 50 Gms,TL16-P69,450.00,active,Mini Soap Set,"Gifting, Gifting > Gift Sets, Gifting > Mini Soap Set",Yes,1,No,https://www.maroma.com/?s=Soap%20Giftsets%20P%2F3%2050%20Gms,search,https://maroma-development-sgw0qzbd.myshopify.com/products/soap-giftsets-p-3-50-gms,soap giftsets p 3 50 gms,1,Keep,
solid-deodorant-50ml,Solid Deodorant - 50ml,TL16-O67,750.00,active,Deodorant,"Body Care, Body Care > Deodorant",No,0,No,https://www.maroma.com/?s=Solid%20Deodorant%20-%2050ml,search,https://maroma-development-sgw0qzbd.myshopify.com/products/solid-deodorant-50ml,solid deodorant 50ml,1,Review — no image,Missing image in Shopify
solid-perfume-desert-spring-8gms,Solid Perfume Desert Spring - 8gms,EA13-D36,495.00,active,Solid Perfume,"Perfumes, Perfumes > Solid Perfume",Yes,1,No,https://www.maroma.com/?s=Solid%20Perfume%20Desert%20Spring%20-%208gms,search,https://maroma-development-sgw0qzbd.myshopify.com/products/solid-perfume-desert-spring-8gms,solid perfume desert spring,1,Keep,
solid-perfume-lavender-8gms,Solid Perfume Lavender - 8gms,EA14-D38,450.00,active,Solid Perfume,"Perfumes, Perfumes > Solid Perfume",Yes,1,No,https://www.maroma.com/?s=Solid%20Perfume%20Lavender%20-%208gms,search,https://maroma-development-sgw0qzbd.myshopify.com/products/solid-perfume-lavender-8gms,solid perfume lavender,1,Keep,
solid-perfume-rose-attar-8gms,Solid Perfume Rose Attar - 8gms,EA14-D28,495.00,active,Solid Perfume,"Perfumes, Perfumes > Solid Perfume",Yes,1,No,https://www.maroma.com/?s=Solid%20Perfume%20Rose%20Attar%20-%208gms,search,https://maroma-development-sgw0qzbd.myshopify.com/products/solid-perfume-rose-attar-8gms,solid perfume rose attar,1,Keep,
soothing-massage-oil,Soothing Massage Oil,TL16-A53,780.00,active,Massage & Body Oils,"Arnica, Aromatherapy, Body Care, Body Care > Massage & Body Oils, Coconut, Cypress, Grapeseed, Lavender, Lemon, Normal Skin, Rough or Textured Skin, Sensitive Skin, Spearmint, Tired or Stressed Skin, Wheatgerm",Yes,1,Yes,https://www.maroma.com/product/body-massage-oil-leg-toner-100ml/,product,https://maroma-development-sgw0qzbd.myshopify.com/products/soothing-massage-oil,soothing massage oil,1,Keep,Live on maroma.com with image
spicy-mandarine-orange-votive-95g,Spicy Mandarine Orange Votive - 95g,,520.00,active,Votive,"Home Essences, Home Essences > Ambience & Decor > Candles, Home Essences > Ambience & Decor > Candles > Votive",Yes,1,No,https://www.maroma.com/?s=Spicy%20Mandarine%20Orange%20Votive%20-%2095g,search,https://maroma-development-sgw0qzbd.myshopify.com/products/spicy-mandarine-orange-votive-95g,spicy mandarine orange votive 95g,1,Keep,
spiritual-perfume-incense-sticks,Spiritual Perfume Incense Sticks,EA10-A51,260.00,active,Encens D’auroville,"Encens D'Auroville, Home Essences, Home Essences > Fragrance for Spaces > Incense, Home Essences > Fragrance for Spaces > Incense > Encens D’auroville, Spiritual & Meditative",Yes,1,Yes,https://www.maroma.com/product/spiritual-perfume-10-incense-sticks/,product,https://maroma-development-sgw0qzbd.myshopify.com/products/spiritual-perfume-incense-sticks,spiritual perfume incense sticks,1,Keep,Live on maroma.com with image
spring-into-love-gift-set,Spring Into Love Gift Set,Spring Into Love,815.00,active,Gift Sets,"Gifting > Gift Sets, Valentine's Day Special",Yes,1,No,https://www.maroma.com/?s=Spring%20Into%20Love%20Gift%20Set,search,https://maroma-development-sgw0qzbd.myshopify.com/products/spring-into-love-gift-set,spring into love gift set,1,Keep,
spring-rose-perfume-oil,Spring Rose Perfume Oil,EA14-D03,650.00,active,Perfume Oil & Roll On,"Bottle, Floral, Geranium, Perfumes, Perfumes > Perfume Oil & Roll On, Petitgrain, Roll On, Rose, Warm",Yes,1,No,https://www.maroma.com/?s=Spring%20Rose%20Perfume%20Oil,search,https://maroma-development-sgw0qzbd.myshopify.com/products/spring-rose-perfume-oil,spring rose perfume oil,1,Keep,
spring-rose-perfumed-sachet,Spring Rose Perfumed Sachet,EG13-B09,270.00,active,Wardrobe Sachet-Aromatic,"Home Essences, Home Essences > Fragrance for Spaces > Fragrance Sachets, Home Essences > Fragrance for Spaces > Fragrance Sachets > Wardrobe Sachet-Aromatic",Yes,1,Yes,https://www.maroma.com/product/flower-sachet-spring-rose/,product,https://maroma-development-sgw0qzbd.myshopify.com/products/spring-rose-perfumed-sachet,spring rose perfumed sachet,1,Keep,Live on maroma.com with image
spring-rose-roll-on-perfume-oil,Spring Rose Roll On/Perfume Oil,EA14-D03-BOTTLE,650.00,active,Perfume Oil & Roll On,"Bottle, Floral, Geranium, Perfumes, Perfumes > Perfume Oil & Roll On, Petitgrain, Roll On, Rose, Warm",Yes,1,No,https://www.maroma.com/?s=Spring%20Rose%20Roll%20On%2FPerfume%20Oil,search,https://maroma-development-sgw0qzbd.myshopify.com/products/spring-rose-roll-on-perfume-oil,spring rose roll on perfume oil,1,Keep,
starry-night-scented-candle-200gms,Starry Night Scented Candle - 200gms,,650.00,active,Pillar,"Home Essences, Home Essences > Ambience & Decor > Candles, Home Essences > Ambience & Decor > Candles > Pillar",Yes,1,No,https://www.maroma.com/?s=Starry%20Night%20Scented%20Candle%20-%20200gms,search,https://maroma-development-sgw0qzbd.myshopify.com/products/starry-night-scented-candle-200gms,starry night scented candle,1,Keep,
still-waters,Still Waters,,14755.00,active,Art Candles,Home Essences > Ambience & Decor > Art Candles,Yes,1,No,https://www.maroma.com/?s=Still%20Waters,search,https://maroma-development-sgw0qzbd.myshopify.com/products/still-waters,still waters,1,Keep,
strawberry-100gms,Strawberry -100gms,CA11-B02 SB,400.00,active,Pillar,"Home Essences, Home Essences > Ambience & Decor > Candles, Home Essences > Ambience & Decor > Candles > Pillar",Yes,1,No,https://www.maroma.com/?s=Strawberry%20-100gms,search,https://maroma-development-sgw0qzbd.myshopify.com/products/strawberry-100gms,strawberry,1,Keep,
strawberry-150gms,Strawberry 150gms,CA39-B17,1170.00,active,Votive,"Home Essences, Home Essences > Ambience & Decor > Candles > Votive",Yes,1,No,https://www.maroma.com/?s=Strawberry%20150gms,search,https://maroma-development-sgw0qzbd.myshopify.com/products/strawberry-150gms,strawberry 150gms,1,Keep,
strawberry-blush-deodorant,Strawberry Blush Deodorant,TL16-O30,700.00,active,Deodorant,"Aloe Vera, Body Care, Body Care > Deodorant, Coconut, Dry & Dehydrated Skin, Fruity, Non-Sticky, Sodium Bicarbonate, Soothing",Yes,1,Yes,https://www.maroma.com/product/deodorant-strawberry-blush-50ml/,product,https://maroma-development-sgw0qzbd.myshopify.com/products/strawberry-blush-deodorant,strawberry blush deodorant,1,Keep,Live on maroma.com with image
strawberry-blush-hair-body-mist,Strawberry Blush Hair & Body Mist,,485.00,active,Hair & Body Mists,"Body Care, Body Care > Hair & Body Mists, Hair, Hair > Multipurpose, Hair > Multipurpose > Hair & Body Mists",Yes,1,No,https://www.maroma.com/?s=Strawberry%20Blush%20Hair%20%26%20Body%20Mist,search,https://maroma-development-sgw0qzbd.myshopify.com/products/strawberry-blush-hair-body-mist,strawberry blush hair body mist,1,Keep,
strawberry-blush-hair-body-mist-10ml,Strawberry Blush Hair & Body Mist -10ml,TL16-C13,485.00,active,Hair & Body Mists,"Body Care, Body Care > Hair & Body Mists, Hair, Hair > Multipurpose, Hair > Multipurpose > Hair & Body Mists",Yes,1,No,https://www.maroma.com/?s=Strawberry%20Blush%20Hair%20%26%20Body%20Mist%20-10ml,search,https://maroma-development-sgw0qzbd.myshopify.com/products/strawberry-blush-hair-body-mist-10ml,strawberry blush hair body mist 10ml,1,Keep,
strawberry-blush-incense-sticks,Strawberry Blush Incense Sticks,EA10-A78,260.00,active,Encens D’auroville,"Encens D'Auroville, Home Essences, Home Essences > Fragrance for Spaces > Incense, Home Essences > Fragrance for Spaces > Incense > Encens D’auroville, Joyful & Playful, Romantic & Sensual",Yes,1,Yes,https://www.maroma.com/product/strawberry-10-incense-sticks/,product,https://maroma-development-sgw0qzbd.myshopify.com/products/strawberry-blush-incense-sticks,strawberry blush incense sticks,1,Keep,Live on maroma.com with image
strawberry-blush-perfume-oil,Strawberry Blush Perfume Oil,EA14-D17-BOTTLE,650.00,active,Perfume Oil & Roll On,"Bottle, Floral, Fruity, Lavandin, Palmarosa, Perfumes, Perfumes > Perfume Oil & Roll On, Roll On, Sweet Orange",Yes,1,No,https://www.maroma.com/?s=Strawberry%20Blush%20Perfume%20Oil,search,https://maroma-development-sgw0qzbd.myshopify.com/products/strawberry-blush-perfume-oil,strawberry blush perfume oil,1,Keep,
strawberry-blush-roll-on-perfume-oil,Strawberry Blush Roll On/Perfume Oil,EA14-D17,650.00,active,Perfume Oil & Roll On,"Bottle, Floral, Fruity, Lavandin, Palmarosa, Perfumes, Perfumes > Perfume Oil & Roll On, Roll On, Sweet Orange",Yes,1,No,https://www.maroma.com/?s=Strawberry%20Blush%20Roll%20On%2FPerfume%20Oil,search,https://maroma-development-sgw0qzbd.myshopify.com/products/strawberry-blush-roll-on-perfume-oil,strawberry blush roll on perfume oil,1,Keep,
strawberry-blush-solid-perfume,Strawberry Blush Solid Perfume,EA14-D40,495.00,active,Solid Perfume,"Floral, Fruity, Lavandin, Orange, Palmarosa, Perfumes, Perfumes > Solid Perfume",Yes,1,No,https://www.maroma.com/?s=Strawberry%20Blush%20Solid%20Perfume,search,https://maroma-development-sgw0qzbd.myshopify.com/products/strawberry-blush-solid-perfume,strawberry blush solid perfume,1,Keep,
strawberry-pillar-candle,Strawberry Pillar Candle,CN11-C20,360.00,active,Pillar,"Home Essences, Home Essences > Ambience & Decor > Candles, Home Essences > Ambience & Decor > Candles > Pillar, Valentine's Day Special",Yes,1,No,https://www.maroma.com/?s=Strawberry%20Pillar%20Candle,search,https://maroma-development-sgw0qzbd.myshopify.com/products/strawberry-pillar-candle,strawberry pillar candle,1,Keep,
strength,Strength,,78440.00,active,Art Candles,Home Essences > Ambience & Decor > Art Candles,Yes,1,No,https://www.maroma.com/?s=Strength,search,https://maroma-development-sgw0qzbd.myshopify.com/products/strength,strength,1,Keep,
stress-away-aromatherapy-bath-salt,Stress Away Aromatherapy Bath Salt,MS16-E10,240.00,active,Aromatherapy Bath Salts,"Aromatherapy, Body Care, Body Care > Aromatherapy Bath Salts, Calming & Grounding, Clove, Epsom Salt, Geranium, Ginger Grass, Glauber’s Salt, Himalayan Cedarwood, Lavender, Myrrh, Palmarosa, Patchouli, Rose, Sandalwood, Sodium Bicarbonate, Tired or Stressed Skin",Yes,1,Yes,https://www.maroma.com/product/aromatherapy-bath-salt-60g-stress-away/,product,https://maroma-development-sgw0qzbd.myshopify.com/products/stress-away-aromatherapy-bath-salt,stress away aromatherapy bath salt,1,Keep,Live on maroma.com with image
stress-away-aromatherapy-incense-pack-of-10,Stress Away Aromatherapy Incense. Pack of 10,MS10-C11,260.00,active,Aromatherapy,"Home Essences, Home Essences > Fragrance for Spaces > Incense, Home Essences > Fragrance for Spaces > Incense > Aromatherapy",Yes,1,Yes,https://www.maroma.com/product/aromatherapy-incense-stress-away/,product,https://maroma-development-sgw0qzbd.myshopify.com/products/stress-away-aromatherapy-incense-pack-of-10,stress away aromatherapy incense pack of 10,1,Keep,Live on maroma.com with image
stress-away-aromatherapy-roll-on-perfume,Stress Away Aromatherapy Roll-On Perfume,MS14-B08,550.00,active,Aromatherapy Roll On,"Calming & Grounding, Grapeseed, Palmarosa, Perfumes, Perfumes > Aromatherapy, Perfumes > Aromatherapy > Aromatherapy Roll On, Rose, Sandalwood, Woody & Earthy",Yes,1,Yes,https://www.maroma.com/product/stress-away-aromatherapy-roll-on-perfume/,product,https://maroma-development-sgw0qzbd.myshopify.com/products/stress-away-aromatherapy-roll-on-perfume,stress away aromatherapy roll on perfume,1,Keep,Live on maroma.com with image
stress-away-aromatherapy-spray,Stress Away Aromatherapy Spray,AY14-F03,995.00,active,Aromatherapy Spray,"Calming & Grounding, Floral, Geranium, Lavender, Perfumes, Perfumes > Aromatherapy, Perfumes > Aromatherapy > Aromatherapy Spray, Rose, Sandalwood, Warm, Woody & Earthy",Yes,1,Yes,https://www.maroma.com/product/aromatherapy-spray-10ml-stress-away/,product,https://maroma-development-sgw0qzbd.myshopify.com/products/stress-away-aromatherapy-spray,stress away aromatherapy spray,1,Keep,Live on maroma.com with image
stress-away-massage-oil,Stress Away Massage Oil,TL16-A61,520.00,active,Massage & Body Oils,"Apricot, Aromatherapy, Body Care, Body Care > Massage & Body Oils, Clove, Geranium, Ginger Grass, Grapeseed, Himalayan Cedarwood, Myrrh, Palmarosa, Patchouli, Rose, Sandalwood, Sensitive Skin, Sesame, Sunflower, Tired or Stressed Skin",Yes,1,Yes,https://www.maroma.com/product/body-massage-oil-stressaway-100ml/,product,https://maroma-development-sgw0qzbd.myshopify.com/products/stress-away-massage-oil,stress away massage oil,1,Keep,Live on maroma.com with image
stress-away-room-mist,Stress Away Room Mist,MS14-C06,470.00,active,Room Mist,"Home Essences, Home Essences > Fragrance for Spaces > Room Mist",Yes,1,Yes,https://www.maroma.com/product/room-mist-stress-relief/,product,https://maroma-development-sgw0qzbd.myshopify.com/products/stress-away-room-mist,stress away room mist,1,Keep,Live on maroma.com with image
summer-berries-deodorant,Summer Berries Deodorant,TL16-O29,700.00,active,Deodorant,"Aloe Vera, Body Care, Body Care > Deodorant, Coconut, Dry & Dehydrated Skin, Hydrating, Long Lasting, Normal Skin, Sodium Bicarbonate, Sweet",Yes,1,Yes,https://www.maroma.com/product/deodorant-summer-berries-50ml/,product,https://maroma-development-sgw0qzbd.myshopify.com/products/summer-berries-deodorant,summer berries deodorant,1,Keep,Live on maroma.com with image
summer-berries-hanging-perfumed-sachet,Summer Berries Hanging Perfumed Sachet,EA13-B15,335.00,active,Wardrobe Sachet-Aromatic,"Featured, Home Essences, Home Essences > Fragrance for Spaces > Fragrance Sachets, Home Essences > Fragrance for Spaces > Fragrance Sachets > Wardrobe Sachet-Aromatic",Yes,1,Yes,https://www.maroma.com/product/perfumed-hanging-sachet-summer-berries/,product,https://maroma-development-sgw0qzbd.myshopify.com/products/summer-berries-hanging-perfumed-sachet,summer berries hanging perfumed sachet,1,Keep,Live on maroma.com with image
summer-berries-incense-sticks,Summer Berries Incense Sticks,EA10-A62(2),260.00,active,Encens D’auroville,"Encens D'Auroville, Home Essences, Home Essences > Fragrance for Spaces > Incense, Home Essences > Fragrance for Spaces > Incense > Encens D’auroville, Joyful & Playful",Yes,1,No,https://www.maroma.com/?s=Summer%20Berries%20Incense%20Sticks,search,https://maroma-development-sgw0qzbd.myshopify.com/products/summer-berries-incense-sticks,summer berries incense sticks,1,Keep,
summer-berries-perfume-oil,Summer Berries Perfume Oil,EA14-D16-BOTTLE,650.00,active,Perfume Oil & Roll On,"Bottle, Cassia, Fruity, Orange, Perfumes, Perfumes > Perfume Oil & Roll On, Roll On, Sweet, Vanilla",Yes,1,No,https://www.maroma.com/?s=Summer%20Berries%20Perfume%20Oil,search,https://maroma-development-sgw0qzbd.myshopify.com/products/summer-berries-perfume-oil,summer berries perfume oil,1,Keep,
summer-berries-roll-on-perfume-oil,Summer Berries Roll On/Perfume Oil,EA14-D16,650.00,active,Perfume Oil & Roll On,"Bottle, Cassia, Fruity, Orange, Perfumes, Perfumes > Perfume Oil & Roll On, Roll On, Sweet, Vanilla",Yes,1,No,https://www.maroma.com/?s=Summer%20Berries%20Roll%20On%2FPerfume%20Oil,search,https://maroma-development-sgw0qzbd.myshopify.com/products/summer-berries-roll-on-perfume-oil,summer berries roll on perfume oil,1,Keep,
summer-berries-solid-perfume,Summer Berries Solid Perfume,EA14-D41,495.00,active,Solid Perfume,"Cinnamon, Fruity, Orange, Perfumes, Perfumes > Solid Perfume, Vanilla",Yes,1,No,https://www.maroma.com/?s=Summer%20Berries%20Solid%20Perfume,search,https://maroma-development-sgw0qzbd.myshopify.com/products/summer-berries-solid-perfume,summer berries solid perfume,1,Keep,
sun-screen-day-cream-with-spf-30,Sun Screen Day Cream with SPF 30,TL16-O05,975.00,active,Day Creams & Sunscreens,"best seller, Dry Skin, Face Care, Face Care > Day Creams & Sunscreens, Hydrating, Lavender, Mandarine, Normal Skin, Olive, Protective, Sensitive Skin, Soothing, Sunflower",Yes,1,Yes,https://www.maroma.com/product/sun-screen-day-cream-50gms/,product,https://maroma-development-sgw0qzbd.myshopify.com/products/sun-screen-day-cream-with-spf-30,sun screen day cream with spf 30,1,Keep,Live on maroma.com with image
sun-stick-spf-45-pa,Sun Stick SPF 45 PA+++,AY16B54-1,1355.00,active,Day Creams & Sunscreens,"Cocoa Butter, Coconut, Dry Skin, Face Care, Face Care > Day Creams & Sunscreens, Mango Butter, Normal Skin, Sensitive Skin, Vitamin E",Yes,1,No,https://www.maroma.com/?s=Sun%20Stick%20SPF%2045%20PA%2B%2B%2B,search,https://maroma-development-sgw0qzbd.myshopify.com/products/sun-stick-spf-45-pa,sun stick spf 45 pa,1,Keep,
sunscreen-body-lotion-100gms,Sunscreen Body Lotion - 100gms,TL16-O70,830.00,active,Body Lotions & Body Butters,Body Care > Body Lotions & Body Butters,No,0,No,https://www.maroma.com/?s=Sunscreen%20Body%20Lotion%20-%20100gms,search,https://maroma-development-sgw0qzbd.myshopify.com/products/sunscreen-body-lotion-100gms,sunscreen body lotion,1,Review — no image,Missing image in Shopify
sweet-amber-ambient-perfume-10ml,Sweet Amber Ambient Perfume - 10ml,EA14-B01,435.00,active,Ambient Perfumes,"Home Essences, Home Essences > Fragrance for Spaces > Diffusers & Ambient Perfumes, Home Essences > Fragrance for Spaces > Diffusers & Ambient Perfumes > Ambient Perfumes, Home Essences > Fragrance for Spaces > Diffusers & Ambient Perfumes > Diffuser Oils",Yes,1,Yes,https://www.maroma.com/product/ambient-perfume-amber-10ml/,product,https://maroma-development-sgw0qzbd.myshopify.com/products/sweet-amber-ambient-perfume-10ml,sweet amber ambient perfume 10ml,1,Keep,Live on maroma.com with image
sweet-amber-potpourri,Sweet Amber Potpourri,EA17-E23,710.00,active,Potpourri,"Home Essences, Home Essences > Fragrance for Spaces > Potpourri",Yes,1,Yes,https://www.maroma.com/product/potpourri-sweet-amber/,product,https://maroma-development-sgw0qzbd.myshopify.com/products/sweet-amber-potpourri,sweet amber potpourri,1,Keep,Live on maroma.com with image
sweet-amber-reed-diffuser,Sweet Amber Reed Diffuser,EA14-H61,3485.00,active,Reed Diffuser,"Home Essences, Home Essences > Fragrance for Spaces > Diffusers & Ambient Perfumes > Reed Diffuser",Yes,1,No,https://www.maroma.com/?s=Sweet%20Amber%20Reed%20Diffuser,search,https://maroma-development-sgw0qzbd.myshopify.com/products/sweet-amber-reed-diffuser,sweet amber reed diffuser,1,Keep,
sweet-sandal-jute-sachet,Sweet Sandal Jute Sachet,EA13-E10,600.00,active,Jute Sachet,"Featured, Home Essences, Home Essences > Fragrance for Spaces > Fragrance Sachets, Home Essences > Fragrance for Spaces > Fragrance Sachets > Jute Sachet",Yes,1,Yes,https://www.maroma.com/product/seed-perfume-sachet-sweet-sandal/,product,https://maroma-development-sgw0qzbd.myshopify.com/products/sweet-sandal-jute-sachet,sweet sandal jute sachet,1,Keep,Live on maroma.com with image
take-care-of-yourself-with-ayurveda,Take Care of Yourself with Ayurveda,AYVB01,1500.00,active,Book on Ayurveda,Book on Ayurveda,Yes,1,Yes,https://www.maroma.com/product/take-care-of-yourself-with-ayurveda/,product,https://maroma-development-sgw0qzbd.myshopify.com/products/take-care-of-yourself-with-ayurveda,take care of yourself with ayurveda,1,Keep,Live on maroma.com with image
tea-tree-100-natural-essential-oil-10ml,Tea Tree 100% Natural Essential Oil - 10ml,NE15-A43,835.00,active,Diffuser Oils,"Home Essences, Home Essences > Fragrance for Spaces > Diffusers & Ambient Perfumes, Home Essences > Fragrance for Spaces > Diffusers & Ambient Perfumes > Diffuser Oils, Home Essences > Fragrance for Spaces > Essential Oils > Natural Essential Oil",Yes,1,Yes,https://www.maroma.com/product/natural-essential-oil-tea-tree-10ml/,product,https://maroma-development-sgw0qzbd.myshopify.com/products/tea-tree-100-natural-essential-oil-10ml,tea tree 100 natural essential oil 10ml,1,Keep,Live on maroma.com with image
tea-tree-and-lavender-after-shave-gel,Tea Tree and Lavender After Shave Gel,TL16-O77,795.00,active,Shaving Foam & After Shave,"Allantoin, Aloe Vera, Lavender, Men, Men > Grooming > Shaving Foam & After Shave, Tea Tree",Yes,1,Yes,https://www.maroma.com/product/100-natural-after-shave-gel-for-men/,product,https://maroma-development-sgw0qzbd.myshopify.com/products/tea-tree-and-lavender-after-shave-gel,tea tree and lavender after shave gel,1,Keep,Live on maroma.com with image
tea-tree-conditioner-with-lavender-extract,Tea Tree Conditioner with Lavender Extract,,630.00,active,Conditioners,"100ml, Aloe Vera, Calendula, Castor, Dandruff / Scalp Health, Dry / Dehydrated Hair, Frizz Control, Hair, Hair > Conditioners, Hair Strengthening / Growth, Hibiscus, Lavender, new, Olive, Rosemary, Sesame, Shine / Nourishment, Tea Tree",Yes,1,No,https://www.maroma.com/?s=Tea%20Tree%20Conditioner%20with%20Lavender%20Extract,search,https://maroma-development-sgw0qzbd.myshopify.com/products/tea-tree-conditioner-with-lavender-extract,tea tree conditioner with lavender extract,1,Keep,
tea-tree-lavender-conditioner-100ml,Tea Tree Lavender Conditioner - 100ml,TL16-K20,925.00,active,Conditioners,"Hair, Hair > Conditioners",Yes,1,No,https://www.maroma.com/?s=Tea%20Tree%20Lavender%20Conditioner%20-%20100ml,search,https://maroma-development-sgw0qzbd.myshopify.com/products/tea-tree-lavender-conditioner-100ml,tea tree lavender conditioner 100ml,1,Keep,
tea-tree-lavender-hair-conditioner-200ml,Tea Tree Lavender Hair Conditioner - 200ml,TL16-K31,720.00,active,Conditioners,"Hair, Hair > Conditioners",Yes,1,No,https://www.maroma.com/?s=Tea%20Tree%20Lavender%20Hair%20Conditioner%20-%20200ml,search,https://maroma-development-sgw0qzbd.myshopify.com/products/tea-tree-lavender-hair-conditioner-200ml,tea tree lavender hair conditioner 200ml,1,Keep,
tea-tree-lavender-shampoo,Tea Tree Lavender Shampoo,TL16-F10,735.00,active,Shampoos,"Hair, Hair > Shampoos",Yes,1,No,https://www.maroma.com/?s=Tea%20Tree%20Lavender%20Shampoo,search,https://maroma-development-sgw0qzbd.myshopify.com/products/tea-tree-lavender-shampoo,tea tree lavender shampoo,1,Keep,
tea-tree-lavender-shampoo-100ml,Tea Tree Lavender Shampoo - 100ml,TL16-E20,1080.00,active,Shampoos,"Hair, Hair > Shampoos",Yes,1,No,https://www.maroma.com/?s=Tea%20Tree%20Lavender%20Shampoo%20-%20100ml,search,https://maroma-development-sgw0qzbd.myshopify.com/products/tea-tree-lavender-shampoo-100ml,tea tree lavender shampoo 100ml,1,Keep,
tea-tree-shampoo-with-aloe-vera-extract,Tea Tree Shampoo with Aloe Vera Extract,,650.00,active,Shampoos,"100ml, Aloe Vera, Calendula, Dandruff / Scalp Health, Hair, Hair > Shampoos, Hair Strengthening / Growth, Hibiscus, new, Rosemary, Tea Tree",Yes,1,No,https://www.maroma.com/?s=Tea%20Tree%20Shampoo%20with%20Aloe%20Vera%20Extract,search,https://maroma-development-sgw0qzbd.myshopify.com/products/tea-tree-shampoo-with-aloe-vera-extract,tea tree shampoo with aloe vera extract,1,Keep,
tea-tree-shower-gel,Tea Tree Shower Gel,TL16-L83,640.00,active,Shower Gels,"100ml, Body Care, Body Care > Shower Gels, Calendula, Lavender, new, Normal Skin, Rosemary, Rough or Textured Skin, Tea Tree",Yes,1,No,https://www.maroma.com/?s=Tea%20Tree%20Shower%20Gel,search,https://maroma-development-sgw0qzbd.myshopify.com/products/tea-tree-shower-gel,tea tree shower gel,1,Keep,
tender-jasmine-ambient-perfume-10ml,Tender Jasmine Ambient Perfume - 10ml,EA14-B08,435.00,active,Ambient Perfumes,"Home Essences, Home Essences > Fragrance for Spaces > Diffusers & Ambient Perfumes, Home Essences > Fragrance for Spaces > Diffusers & Ambient Perfumes > Ambient Perfumes, Home Essences > Fragrance for Spaces > Diffusers & Ambient Perfumes > Diffuser Oils",Yes,1,Yes,https://www.maroma.com/product/ambient-perfume-jasmine-10ml/,product,https://maroma-development-sgw0qzbd.myshopify.com/products/tender-jasmine-ambient-perfume-10ml,tender jasmine ambient perfume 10ml,1,Keep,Live on maroma.com with image
tender-jasmine-perfumed-sachet,Tender Jasmine Perfumed Sachet,EG13-B05,270.00,active,Wardrobe Sachet-Aromatic,"Featured, Home Essences, Home Essences > Fragrance for Spaces > Fragrance Sachets, Home Essences > Fragrance for Spaces > Fragrance Sachets > Wardrobe Sachet-Aromatic",Yes,1,Yes,https://www.maroma.com/product/perfumed-sachet-tender-jasmine/,product,https://maroma-development-sgw0qzbd.myshopify.com/products/tender-jasmine-perfumed-sachet,tender jasmine perfumed sachet,1,Keep,Live on maroma.com with image
tender-jasmine-potpourri,Tender Jasmine Potpourri,EA17-E04,710.00,active,Potpourri,"Home Essences, Home Essences > Fragrance for Spaces > Potpourri",Yes,1,Yes,https://www.maroma.com/product/potpourri-tender-jasmine/,product,https://maroma-development-sgw0qzbd.myshopify.com/products/tender-jasmine-potpourri,tender jasmine potpourri,1,Keep,Live on maroma.com with image
tender-jasmine-reed-diffuser,Tender Jasmine Reed Diffuser,EA14-H52,3485.00,active,Reed Diffuser,"Home Essences, Home Essences > Fragrance for Spaces > Diffusers & Ambient Perfumes > Reed Diffuser",Yes,1,No,https://www.maroma.com/?s=Tender%20Jasmine%20Reed%20Diffuser,search,https://maroma-development-sgw0qzbd.myshopify.com/products/tender-jasmine-reed-diffuser,tender jasmine reed diffuser,1,Keep,
the-guardian,The Guardian,,6515.00,active,Art Candles,Home Essences > Ambience & Decor > Art Candles,Yes,1,No,https://www.maroma.com/?s=The%20Guardian,search,https://maroma-development-sgw0qzbd.myshopify.com/products/the-guardian,the guardian,1,Keep,
timeless-treasure-incense-collection,Timeless Treasure Incense Collection,EA10-E27,1050.00,active,Incense Collection,"Gifting, Gifting > Gift Sets, Gifting > Incense Collection",Yes,1,Yes,https://www.maroma.com/product/incense-collection-timeless-tresure/,product,https://maroma-development-sgw0qzbd.myshopify.com/products/timeless-treasure-incense-collection,timeless treasure incense collection,1,Keep,Live on maroma.com with image
togetherness-gift-set,Togetherness Gift Set,Express Love (Red with Pink Wax Rose,720.00,active,Gift Sets,"Gifting > Gift Sets, Valentine's Day Special",Yes,1,No,https://www.maroma.com/?s=Togetherness%20Gift%20Set,search,https://maroma-development-sgw0qzbd.myshopify.com/products/togetherness-gift-set,togetherness gift set,1,Keep,
tolu-balsam-incense-sticks,Tolu Balsam Incense Sticks,AL10-A06,300.00,active,Encens D’auroville,"100% natural, Encens D'Auroville, Exotic & Mystical, Home Essences, Home Essences > Fragrance for Spaces > Incense, Home Essences > Fragrance for Spaces > Incense > Encens D’auroville, Warm & Comforting",Yes,1,Yes,https://www.maroma.com/product/tolu-balsam-10-incense-sticks/,product,https://maroma-development-sgw0qzbd.myshopify.com/products/tolu-balsam-incense-sticks,tolu balsam incense sticks,1,Keep,Live on maroma.com with image
tonka-vetiver-men-s-beard-oil,Tonka Vetiver Men’s Beard Oil,ML16-D45,525.00,active,Beard Oil,"Coconut, Jojoba, Men, Men > Grooming > Beard Oil, Tonka Bean, Vetiver",Yes,1,Yes,https://www.maroma.com/product/tonka-vetiver-beard-oil-for-men-30ml/,product,https://maroma-development-sgw0qzbd.myshopify.com/products/tonka-vetiver-men-s-beard-oil,tonka vetiver men s beard oil,1,Keep,Live on maroma.com with image
tonka-vetiver-men-s-deodorant-captivate,Tonka Vetiver Men's Deodorant - Captivate,ML16-D73,700.00,active,Deodorant,"Aloe Vera, Body Care, Body Care > Deodorant, Coconut, Combination Skin, Dry Skin, Himalayan Cedarwood, Lavandin, Men, Men > Bath & Body > Deodorant, Normal Skin, Sensitive Skin",Yes,1,Yes,https://www.maroma.com/product/captivate-tonka-vetiver-deodorant-for-men-50ml/,product,https://maroma-development-sgw0qzbd.myshopify.com/products/tonka-vetiver-men-s-deodorant-captivate,tonka vetiver men s deodorant captivate,1,Keep,Live on maroma.com with image
tonka-vetiver-men-s-perfume,Tonka Vetiver Men's Perfume,ML14-A03,650.00,active,Perfume Oil,"Men, Men > Fragrance > Perfume Oil, Perfumes, Tonka Bean, Vetiver",Yes,1,Yes,https://www.maroma.com/product/tonka-vetiver-mens-perfume/,product,https://maroma-development-sgw0qzbd.myshopify.com/products/tonka-vetiver-men-s-perfume,tonka vetiver men s perfume,1,Keep,Live on maroma.com with image
tonka-vetiver-shampoo-for-men-100ml,Tonka Vetiver Shampoo for Men - 100ml,ML16-C23,780.00,active,Shampoos,"Hair, Hair > Shampoos, Men",No,0,No,https://www.maroma.com/?s=Tonka%20Vetiver%20Shampoo%20for%20Men%20-%20100ml,search,https://maroma-development-sgw0qzbd.myshopify.com/products/tonka-vetiver-shampoo-for-men-100ml,tonka vetiver shampoo 100ml,1,Review — no image,Missing image in Shopify
tonka-vetiver-shower-gel-for-men-100ml,Tonka Vetiver Shower Gel for Men - 100ml,ML16-D22,625.00,active,Shower Gel,"Body Care, Body Care > Shower Gels, Men, Men > Bath & Body > Shower Gel",No,0,No,https://www.maroma.com/?s=Tonka%20Vetiver%20Shower%20Gel%20for%20Men%20-%20100ml,search,https://maroma-development-sgw0qzbd.myshopify.com/products/tonka-vetiver-shower-gel-for-men-100ml,tonka vetiver shower gel 100ml,1,Review — no image,Missing image in Shopify
transformation,Transformation,,32460.00,active,Art Candles,Home Essences > Ambience & Decor > Art Candles,Yes,1,No,https://www.maroma.com/?s=Transformation,search,https://maroma-development-sgw0qzbd.myshopify.com/products/transformation,transformation,1,Keep,
tsunami,Tsunami,,14505.00,active,Art Candles,Home Essences > Ambience & Decor > Art Candles,Yes,1,No,https://www.maroma.com/?s=Tsunami,search,https://maroma-development-sgw0qzbd.myshopify.com/products/tsunami,tsunami,1,Keep,
tuberose-incense-sticks,Tuberose Incense Sticks,EA10-A95,260.00,active,Encens D’auroville,"Encens D'Auroville, Home Essences, Home Essences > Fragrance for Spaces > Incense, Home Essences > Fragrance for Spaces > Incense > Encens D’auroville, Relaxing & Calming, Romantic & Sensual",Yes,1,Yes,https://www.maroma.com/product/tuberose-10-incense-sticks/,product,https://maroma-development-sgw0qzbd.myshopify.com/products/tuberose-incense-sticks,tuberose incense sticks,1,Keep,Live on maroma.com with image
tuberose-perfumed-sachet,Tuberose Perfumed Sachet,EG13-B16,270.00,active,Wardrobe Sachet-Aromatic,"Home Essences, Home Essences > Fragrance for Spaces > Fragrance Sachets, Home Essences > Fragrance for Spaces > Fragrance Sachets > Wardrobe Sachet-Aromatic",Yes,1,Yes,https://www.maroma.com/product/flower-sachet-tuberose/,product,https://maroma-development-sgw0qzbd.myshopify.com/products/tuberose-perfumed-sachet,tuberose perfumed sachet,1,Keep,Live on maroma.com with image
turmeric-100-natural-essential-oil-10ml,Turmeric 100% Natural Essential Oil - 10ml,NE15-A44,585.00,active,Diffuser Oils,"Home Essences, Home Essences > Fragrance for Spaces > Diffusers & Ambient Perfumes, Home Essences > Fragrance for Spaces > Diffusers & Ambient Perfumes > Diffuser Oils, Home Essences > Fragrance for Spaces > Essential Oils > Natural Essential Oil",Yes,1,Yes,https://www.maroma.com/product/natural-essential-oil-turmeric-10ml/,product,https://maroma-development-sgw0qzbd.myshopify.com/products/turmeric-100-natural-essential-oil-10ml,turmeric 100 natural essential oil 10ml,1,Keep,Live on maroma.com with image
turmeric-day-cream,Turmeric Day Cream,AY16-B26,1090.00,active,Day Creams & Sunscreens,"Balancing, best seller, Brahmi, Brightening, Coconut, Combination Skin, Dull Skin, Face Care, Face Care > Day Creams & Sunscreens, Normal Skin, Nourishing, Saffron, Turmeric",Yes,1,Yes,https://www.maroma.com/product/turmeric-day-cream-50gms/,product,https://maroma-development-sgw0qzbd.myshopify.com/products/turmeric-day-cream,turmeric day cream,1,Keep,Live on maroma.com with image
turmeric-day-cream-get-10ml-hair-body-mist-free,Turmeric Day & Cream - Get 10ml Hair Body Mist free,Day Cream & Night Cream,1975.00,active,Gifting,Gifting,Yes,1,No,https://www.maroma.com/?s=Turmeric%20Day%20%26%20Cream%20-%20Get%2010ml%20Hair%20Body%20Mist%20free,search,https://maroma-development-sgw0qzbd.myshopify.com/products/turmeric-day-cream-get-10ml-hair-body-mist-free,turmeric day cream get 10ml hair body mist free,1,Keep,
turmeric-night-cream,Turmeric Night Cream,AY16-B27,1210.00,active,Night Creams,"Brightening, Combination Skin, Dull Skin, Face Care, Face Care > Night Creams, Flaxseed, Nourishing, Pomegranate, Restorative, Sensitive Skin, Sesame, Turmeric",Yes,1,Yes,https://www.maroma.com/product/turmeric-night-cream-50gms/,product,https://maroma-development-sgw0qzbd.myshopify.com/products/turmeric-night-cream,turmeric night cream,1,Keep,Live on maroma.com with image
turmeric-scrub-soap,Turmeric Scrub Soap,SS16-A29,550.00,active,Scrub Soap,"Bengal Gram, Body Care, Body Care > Soaps, Body Care > Soaps > Scrub Soap, Coconut, Kokum, Normal Skin, Tired or Stressed Skin, Turmeric",Yes,1,Yes,https://www.maroma.com/product/scrub-soap-turmeric-150gms/,product,https://maroma-development-sgw0qzbd.myshopify.com/products/turmeric-scrub-soap,turmeric scrub soap,1,Keep,Live on maroma.com with image
turmeric-serum,Turmeric Serum,AY16-B59,1550.00,active,Serums,"Combination Skin, Dull Skin, Face Care, Face Care > Serums, Indian Barberry, Licorice, Masikai, Oily & Blemish-Prone Skin, Sensitive Skin, Turmeric",Yes,1,Yes,https://www.maroma.com/product/aromatherapy-turmeric-serum-50gms/,product,https://maroma-development-sgw0qzbd.myshopify.com/products/turmeric-serum,turmeric serum,1,Keep,Live on maroma.com with image
turtle-incense-holder,Turtle Incense Holder,CC24-E47,180.00,active,Incense Holder,"Home Essences, Home Essences > Ambience & Decor, Home Essences > Ambience & Decor > Ceramics, Home Essences > Ambience & Decor > Ceramics > Incense Holder",Yes,1,Yes,https://www.maroma.com/product/turle-incense-holder/,product,https://maroma-development-sgw0qzbd.myshopify.com/products/turtle-incense-holder,turtle incense holder,1,Keep,Live on maroma.com with image
ultra-wide-spectrum-face-sunscreen-spf-50-pa,Ultra Wide Spectrum Face Sunscreen SPF 50 PA+++,AY16B54,1450.00,active,Day Creams & Sunscreens,"Aloe Vera, Dry Skin, Face Care, Face Care > Day Creams & Sunscreens, new, Normal Skin, Sensitive Skin, Turmeric, Zincoxide",Yes,1,Yes,https://www.maroma.com/product/ultra-wide-spectrum-face-sunscreen-spf-50-pa/,product,https://maroma-development-sgw0qzbd.myshopify.com/products/ultra-wide-spectrum-face-sunscreen-spf-50-pa,ultra wide spectrum face sunscreen spf 50 pa,1,Keep,Live on maroma.com with image
under-eye-gel-with-aloe-vera,Under Eye Gel with Aloe Vera,AY16-B51,1335.00,active,Eye Care,"Aloe Vera, Cooling, Cucumber, Dry Skin, Face Care, Face Care > Eye Care, Hydrating, Palmarosa, Sensitive Skin, Soothing, Vitamin E",Yes,1,Yes,https://www.maroma.com/product/under-eye-gel-with-aloe-vera-30gms/,product,https://maroma-development-sgw0qzbd.myshopify.com/products/under-eye-gel-with-aloe-vera,under eye gel with aloe vera,1,Keep,Live on maroma.com with image
under-eye-serum-with-coffee-extract,Under Eye Serum with Coffee Extract,AY16-B61,1210.00,active,Eye Care,"Aloe Vera, Combination Skin, Cucumber, Dry Skin, Dull Skin, Face Care, Face Care > Eye Care, Face Care > Serums, Normal Skin, Oily & Blemish-Prone Skin, Olive, Organic Coffee",Yes,1,Yes,https://www.maroma.com/product/under-eye-serum-with-coffee-extract-30gms/,product,https://maroma-development-sgw0qzbd.myshopify.com/products/under-eye-serum-with-coffee-extract,under eye serum with coffee extract,1,Keep,Live on maroma.com with image
under-eye-serum-with-water-lily-extract,Under Eye Serum with Water Lily Extract,AY16-B52,1430.00,active,Eye Care,"Cucumber, Dry Skin, Dull Skin, Face Care, Face Care > Eye Care, Face Care > Serums, Firming, Hyaluronic acid, Hydrating, Normal Skin, Oily & Blemish-Prone Skin, Quiona, Soothing, Water Lily",Yes,1,Yes,https://www.maroma.com/product/under-eye-serum-with-water-lily-extract-30gms/,product,https://maroma-development-sgw0qzbd.myshopify.com/products/under-eye-serum-with-water-lily-extract,under eye serum with water lily extract,1,Keep,Live on maroma.com with image
uplifting-aromatherapy-bath-salt,Uplifting Aromatherapy Bath Salt,MS16-E11,240.00,active,Aromatherapy Bath Salts,"Aromatherapy, Baking Soda, Basil, Body Care, Body Care > Aromatherapy Bath Salts, Energizing & Uplifting, Epsom Salt, Glauber’s Salt, Jasmine, Lemon, Orange, Peppermint, Petitgrain, Rosemary, Styrax, Tired or Stressed Skin, Ylang Ylang",Yes,1,Yes,https://www.maroma.com/product/aromatherapy-bath-salt-60g-uplifting/,product,https://maroma-development-sgw0qzbd.myshopify.com/products/uplifting-aromatherapy-bath-salt,uplifting aromatherapy bath salt,1,Keep,Live on maroma.com with image
uplifting-aromatherapy-incense-pack-of-10,Uplifting Aromatherapy Incense. Pack of 10,MS10-C12,260.00,active,Aromatherapy,"Home Essences, Home Essences > Fragrance for Spaces > Incense, Home Essences > Fragrance for Spaces > Incense > Aromatherapy",Yes,1,Yes,https://www.maroma.com/product/aromatherapy-incense-uplifting/,product,https://maroma-development-sgw0qzbd.myshopify.com/products/uplifting-aromatherapy-incense-pack-of-10,uplifting aromatherapy incense pack of 10,1,Keep,Live on maroma.com with image
uplifting-aromatherapy-spray,Uplifting Aromatherapy Spray,AY14-F04,995.00,active,Aromatherapy Spray,"Citrus & Fresh, Energizing & Uplifting, Floral, Fresh & Herbal, Jasmine, Lemon, Orange, Perfumes, Perfumes > Aromatherapy, Perfumes > Aromatherapy > Aromatherapy Spray, Sweet & Warm, Ylang Ylang",Yes,1,Yes,https://www.maroma.com/product/aromatherapy-spray-10ml-uplifting/,product,https://maroma-development-sgw0qzbd.myshopify.com/products/uplifting-aromatherapy-spray,uplifting aromatherapy spray,1,Keep,Live on maroma.com with image
uplifting-room-mist,Uplifting Room Mist,MS14-C03,470.00,active,Room Mist,"Home Essences, Home Essences > Fragrance for Spaces > Room Mist",Yes,1,Yes,https://www.maroma.com/product/room-mist-crisp-clean/,product,https://maroma-development-sgw0qzbd.myshopify.com/products/uplifting-room-mist,uplifting room mist,1,Keep,Live on maroma.com with image
vanilla-95gms,Vanilla - 95gms,TL39-A09,520.00,active,Votive,"Gifting, Home Essences, Home Essences > Ambience & Decor > Candles, Home Essences > Ambience & Decor > Candles > Votive",Yes,1,No,https://www.maroma.com/?s=Vanilla%20-%2095gms,search,https://maroma-development-sgw0qzbd.myshopify.com/products/vanilla-95gms,vanilla,1,Keep,
vanilla-blush-ambient-perfume-10ml,Vanilla Blush Ambient Perfume - 10ml,EA14-B22,435.00,active,Ambient Perfumes,"Home Essences, Home Essences > Fragrance for Spaces > Diffusers & Ambient Perfumes, Home Essences > Fragrance for Spaces > Diffusers & Ambient Perfumes > Ambient Perfumes, Home Essences > Fragrance for Spaces > Diffusers & Ambient Perfumes > Diffuser Oils",Yes,1,Yes,https://www.maroma.com/product/httpsss-www-maroma-com-product-ambient-perfume-vanilla-blush-10ml/,product,https://maroma-development-sgw0qzbd.myshopify.com/products/vanilla-blush-ambient-perfume-10ml,vanilla blush ambient perfume 10ml,1,Keep,Live on maroma.com with image
vanilla-blush-potpourri,Vanilla Blush Potpourri,EA17-E18,710.00,active,Potpourri,"Home Essences, Home Essences > Fragrance for Spaces > Potpourri",Yes,1,Yes,https://www.maroma.com/product/potpourri-vanilla-blush/,product,https://maroma-development-sgw0qzbd.myshopify.com/products/vanilla-blush-potpourri,vanilla blush potpourri,1,Keep,Live on maroma.com with image
vanilla-blush-reed-diffuser,Vanilla Blush Reed Diffuser,EA14-H62,3485.00,active,Reed Diffuser,"Home Essences, Home Essences > Everyday Essentials, Home Essences > Everyday Essentials > Home Essentials, Home Essences > Everyday Essentials > Home Essentials > Diffuser & Accessories, Home Essences > Fragrance for Spaces, Home Essences > Fragrance for Spaces > Diffusers & Ambient Perfumes > Reed Diffuser",Yes,1,No,https://www.maroma.com/?s=Vanilla%20Blush%20Reed%20Diffuser,search,https://maroma-development-sgw0qzbd.myshopify.com/products/vanilla-blush-reed-diffuser,vanilla blush reed diffuser,1,Keep,
vanilla-cone-incense,Vanilla Cone Incense,EA27-A20,260.00,active,Cone Incense,"Encens D'Auroville, Encens D'Auroville > Cone Incense, Home Essences, Home Essences > Fragrance for Spaces > Incense, Home Essences > Fragrance for Spaces > Incense > Cone Incense",Yes,1,Yes,https://www.maroma.com/product/vanilla-cone-incense/,product,https://maroma-development-sgw0qzbd.myshopify.com/products/vanilla-cone-incense,vanilla cone incense,1,Keep,Live on maroma.com with image
vanilla-75gms-each,Vanilla - 75gms each,,460.00,active,Pillar,"Home Essences, Home Essences > Ambience & Decor > Candles, Home Essences > Ambience & Decor > Candles > Pillar",Yes,1,No,https://www.maroma.com/?s=Vanilla%20-%2075gms%20each,search,https://maroma-development-sgw0qzbd.myshopify.com/products/vanilla-75gms-each,vanilla each,1,Keep,
vanilla-incense-sticks,Vanilla Incense Sticks,EA10-A56,260.00,active,Encens D’auroville,"Encens D'Auroville, Home Essences, Home Essences > Fragrance for Spaces > Incense, Home Essences > Fragrance for Spaces > Incense > Encens D’auroville, Romantic & Sensual, Warm & Comforting",Yes,1,Yes,https://www.maroma.com/product/vanilla-10-incense-sticks/,product,https://maroma-development-sgw0qzbd.myshopify.com/products/vanilla-incense-sticks,vanilla incense sticks,1,Keep,Live on maroma.com with image
vanilla-passion-perfume-oil,Vanilla Passion Perfume Oil,,650.00,active,Perfume Oil & Roll On,"Bottle, Cinnamon, Clove, Perfumes, Perfumes > Perfume Oil & Roll On, Roll On, Sweet & Warm, Vanilla",Yes,1,No,https://www.maroma.com/?s=Vanilla%20Passion%20Perfume%20Oil,search,https://maroma-development-sgw0qzbd.myshopify.com/products/vanilla-passion-perfume-oil,vanilla passion perfume oil,1,Keep,
vanilla-passion-roll-on-perfume-oil,Vanilla Passion Roll On/Perfume Oil,EA14-D05-BOTTLE,650.00,active,Perfume Oil & Roll On,"Bottle, Cinnamon, Clove, Perfumes, Perfumes > Perfume Oil & Roll On, Roll On, Sweet & Warm, Vanilla",Yes,1,No,https://www.maroma.com/?s=Vanilla%20Passion%20Roll%20On%2FPerfume%20Oil,search,https://maroma-development-sgw0qzbd.myshopify.com/products/vanilla-passion-roll-on-perfume-oil,vanilla passion roll on perfume oil,1,Keep,
vanilla-pillar-candle,Vanilla Pillar Candle,CN11-C21,360.00,active,Pillar,"Home Essences, Home Essences > Ambience & Decor > Candles, Home Essences > Ambience & Decor > Candles > Pillar",Yes,1,No,https://www.maroma.com/?s=Vanilla%20Pillar%20Candle,search,https://maroma-development-sgw0qzbd.myshopify.com/products/vanilla-pillar-candle,vanilla pillar candle,1,Keep,
vanilla-scented-candle,Vanilla Scented Candle,,875.00,active,Pillar,"Home Essences, Home Essences > Ambience & Decor > Candles, Home Essences > Ambience & Decor > Candles > Pillar",Yes,1,No,https://www.maroma.com/?s=Vanilla%20Scented%20Candle,search,https://maroma-development-sgw0qzbd.myshopify.com/products/vanilla-scented-candle,vanilla scented candle,1,Keep,
vanilla-votive-70gms,Vanilla Votive - 70gms,,375.00,active,Votive,Home Essences > Ambience & Decor > Candles > Votive,Yes,1,No,https://www.maroma.com/?s=Vanilla%20Votive%20-%2070gms,search,https://maroma-development-sgw0qzbd.myshopify.com/products/vanilla-votive-70gms,vanilla votive,1,Keep,
veda-aditi-incense-sticks,Veda-Aditi Incense Sticks,VA10-A01,330.00,active,Veda Incense,"Home Essences, Home Essences > Fragrance for Spaces > Incense, Home Essences > Fragrance for Spaces > Incense > Veda Incense",Yes,1,No,https://www.maroma.com/?s=Veda-Aditi%20Incense%20Sticks,search,https://maroma-development-sgw0qzbd.myshopify.com/products/veda-aditi-incense-sticks,veda aditi incense sticks,1,Keep,
veda-amritam-incense-sticks,Veda-Amritam Incense Sticks,VA10-A03,330.00,active,Veda Incense,"Home Essences, Home Essences > Fragrance for Spaces > Incense, Home Essences > Fragrance for Spaces > Incense > Veda Incense",Yes,1,No,https://www.maroma.com/?s=Veda-Amritam%20Incense%20Sticks,search,https://maroma-development-sgw0qzbd.myshopify.com/products/veda-amritam-incense-sticks,veda amritam incense sticks,1,Keep,
veda-swar-incense-sticks,Veda-Swar Incense Sticks,VA10-A04,350.00,active,Veda Incense,"Home Essences, Home Essences > Fragrance for Spaces > Incense, Home Essences > Fragrance for Spaces > Incense > Veda Incense",Yes,1,No,https://www.maroma.com/?s=Veda-Swar%20Incense%20Sticks,search,https://maroma-development-sgw0qzbd.myshopify.com/products/veda-swar-incense-sticks,veda swar incense sticks,1,Keep,
veda-usha-incense-sticks,Veda-Usha Incense Sticks,VA10-A05,350.00,active,Veda Incense,"Home Essences, Home Essences > Fragrance for Spaces > Incense, Home Essences > Fragrance for Spaces > Incense > Veda Incense",Yes,1,No,https://www.maroma.com/?s=Veda-Usha%20Incense%20Sticks,search,https://maroma-development-sgw0qzbd.myshopify.com/products/veda-usha-incense-sticks,veda usha incense sticks,1,Keep,
verdant-set,Verdant Set,EA29-F13,1290.00,active,Gift Sets,"Gifting, Gifting > Gift Sets",Yes,1,No,https://www.maroma.com/?s=Verdant%20Set,search,https://maroma-development-sgw0qzbd.myshopify.com/products/verdant-set,verdant set,1,Keep,
vetiver-and-jasmine-perfume-spirals,Vetiver and Jasmine Perfume Spirals,EA34-A30,410.00,active,Perfume Spiral Incense,"Home Essences, Home Essences > Fragrance for Spaces > Incense, Home Essences > Fragrance for Spaces > Incense > Perfume Spiral Incense",Yes,1,No,https://www.maroma.com/?s=Vetiver%20and%20Jasmine%20Perfume%20Spirals,search,https://maroma-development-sgw0qzbd.myshopify.com/products/vetiver-and-jasmine-perfume-spirals,vetiver and jasmine perfume spirals,1,Keep,
vetiver-incense-sticks,Vetiver Incense Sticks,EA10-A57,260.00,active,Encens D’auroville,"100% natural, Encens D'Auroville, Grounding & Centering, Home Essences, Home Essences > Fragrance for Spaces > Incense, Home Essences > Fragrance for Spaces > Incense > Encens D’auroville",Yes,1,Yes,https://www.maroma.com/product/vetiver-10-incense-sticks/,product,https://maroma-development-sgw0qzbd.myshopify.com/products/vetiver-incense-sticks,vetiver incense sticks,1,Keep,Live on maroma.com with image
vibrance,Vibrance,,63495.00,active,Art Candles,Home Essences > Ambience & Decor > Art Candles,Yes,1,No,https://www.maroma.com/?s=Vibrance,search,https://maroma-development-sgw0qzbd.myshopify.com/products/vibrance,vibrance,1,Keep,
victory-kalki-incense-50-sticks,Victory Kalki Incense - 50 Sticks,KI10-D11,600.00,active,Bulk Incense 50 Sticks,"Home Essences, Home Essences > Fragrance for Spaces > Incense, Home Essences > Fragrance for Spaces > Incense > Bulk Incense 50 Sticks",Yes,1,Yes,https://www.maroma.com/product/kalki-bulk-incense-victory/,product,https://maroma-development-sgw0qzbd.myshopify.com/products/victory-kalki-incense-50-sticks,victory kalki incense 50 sticks,1,Keep,Live on maroma.com with image
victory-kalki-votive-70g,Victory Kalki Votive - 70g,,420.00,active,Votive,"Home Essences, Home Essences > Ambience & Decor > Candles, Home Essences > Ambience & Decor > Candles > Votive",Yes,1,No,https://www.maroma.com/?s=Victory%20Kalki%20Votive%20-%2070g,search,https://maroma-development-sgw0qzbd.myshopify.com/products/victory-kalki-votive-70g,victory kalki votive 70g,1,Keep,
wellness-set,Wellness Set,EA29-A35,2200.00,active,Gift Sets,"Gifting, Gifting > Gift Sets",Yes,1,No,https://www.maroma.com/?s=Wellness%20Set,search,https://maroma-development-sgw0qzbd.myshopify.com/products/wellness-set,wellness set,1,Keep,
white-sage-and-frankincense-perfume-spirals,White Sage and Frankincense Perfume Spirals,EA34-A31,410.00,active,Perfume Spiral Incense,"Home Essences, Home Essences > Fragrance for Spaces > Incense, Home Essences > Fragrance for Spaces > Incense > Perfume Spiral Incense",Yes,1,No,https://www.maroma.com/?s=White%20Sage%20and%20Frankincense%20Perfume%20Spirals,search,https://maroma-development-sgw0qzbd.myshopify.com/products/white-sage-and-frankincense-perfume-spirals,white sage and frankincense perfume spirals,1,Keep,
white-sage-lavender-rosemary-incense-leaves,White Sage & Lavender Rosemary Incense Leaves,EA26-D13,355.00,active,Smudge Leaf Incense,"Home Essences, Home Essences > Fragrance for Spaces > Incense, Home Essences > Fragrance for Spaces > Incense > Smudge Leaf Incense",Yes,1,Yes,https://www.maroma.com/product/white-sage-lavender-rosemary/,product,https://maroma-development-sgw0qzbd.myshopify.com/products/white-sage-lavender-rosemary-incense-leaves,white sage lavender rosemary incense leaves,1,Keep,Live on maroma.com with image
wild-lotus-ambient-perfume-10ml,Wild Lotus Ambient Perfume - 10ml,EA14-B11,435.00,active,Ambient Perfumes,"Home Essences, Home Essences > Fragrance for Spaces > Diffusers & Ambient Perfumes, Home Essences > Fragrance for Spaces > Diffusers & Ambient Perfumes > Ambient Perfumes, Home Essences > Fragrance for Spaces > Diffusers & Ambient Perfumes > Diffuser Oils",Yes,1,Yes,https://www.maroma.com/product/ambient-perfume-lotus-10ml/,product,https://maroma-development-sgw0qzbd.myshopify.com/products/wild-lotus-ambient-perfume-10ml,wild lotus ambient perfume 10ml,1,Keep,Live on maroma.com with image
wild-lotus-potpourri,Wild Lotus Potpourri,EA17-E08,710.00,active,Potpourri,"Home Essences, Home Essences > Fragrance for Spaces > Potpourri",Yes,1,No,https://www.maroma.com/?s=Wild%20Lotus%20Potpourri,search,https://maroma-development-sgw0qzbd.myshopify.com/products/wild-lotus-potpourri,wild lotus potpourri,1,Keep,
wild-lotus-reed-diffuser,Wild Lotus Reed Diffuser,EA14-H55,3485.00,active,Reed Diffuser,"Home Essences, Home Essences > Fragrance for Spaces > Diffusers & Ambient Perfumes > Reed Diffuser",Yes,1,No,https://www.maroma.com/?s=Wild%20Lotus%20Reed%20Diffuser,search,https://maroma-development-sgw0qzbd.myshopify.com/products/wild-lotus-reed-diffuser,wild lotus reed diffuser,1,Keep,
wild-pomegranate-hair-body-mist,Wild Pomegranate Hair & Body Mist,,485.00,active,Hair & Body Mists,"Body Care, Body Care > Hair & Body Mists, Dry & Dehydrated Skin, Glycerine, Hair, Hair > Multipurpose > Hair & Body Mists, Hydrating, Normal Skin, Refreshing, Rose, Tired or Stressed Skin, Toner",Yes,1,No,https://www.maroma.com/?s=Wild%20Pomegranate%20Hair%20%26%20Body%20Mist,search,https://maroma-development-sgw0qzbd.myshopify.com/products/wild-pomegranate-hair-body-mist,wild pomegranate hair body mist,1,Keep,
wild-pomegranate-hair-body-mist-10ml,Wild Pomegranate Hair & Body Mist -10ml,,820.00,active,Hair & Body Mists,"Body Care, Body Care > Hair & Body Mists, Dry & Dehydrated Skin, Glycerine, Hair, Hair > Multipurpose, Hair > Multipurpose > Hair & Body Mists, Normal Skin, Rose, Tired or Stressed Skin, Vitamin B",Yes,1,No,https://www.maroma.com/?s=Wild%20Pomegranate%20Hair%20%26%20Body%20Mist%20-10ml,search,https://maroma-development-sgw0qzbd.myshopify.com/products/wild-pomegranate-hair-body-mist-10ml,wild pomegranate hair body mist 10ml,1,Keep,
wild-pomegranate-perfume-oil,Wild Pomegranate Perfume Oil,EA14-D18,650.00,active,Perfume Oil & Roll On,"Benzoin, Bottle, Fruity, Lime, Perfumes, Perfumes > Perfume Oil & Roll On, Roll On, Tonka Bean",Yes,1,No,https://www.maroma.com/?s=Wild%20Pomegranate%20Perfume%20Oil,search,https://maroma-development-sgw0qzbd.myshopify.com/products/wild-pomegranate-perfume-oil,wild pomegranate perfume oil,1,Keep,
wild-pomegranate-roll-on-perfume-oil,Wild Pomegranate Roll On/Perfume Oil,EA14-D18-BOTTLE,650.00,active,Perfume Oil & Roll On,"Benzoin, Bottle, Fruity, Lime, Perfumes, Perfumes > Perfume Oil & Roll On, Roll On, Tonka Bean",Yes,1,No,https://www.maroma.com/?s=Wild%20Pomegranate%20Roll%20On%2FPerfume%20Oil,search,https://maroma-development-sgw0qzbd.myshopify.com/products/wild-pomegranate-roll-on-perfume-oil,wild pomegranate roll on perfume oil,1,Keep,
wild-pomegranate-shower-gel,Wild Pomegranate Shower Gel,TL16-L86,1030.00,active,Shower Gels,"Body Care, Body Care > Shower Gels, Cinnamon, Coconut, Dry & Dehydrated Skin, Hibiscus, Normal Skin, Olibanum, Vanilla",Yes,1,No,https://www.maroma.com/?s=Wild%20Pomegranate%20Shower%20Gel,search,https://maroma-development-sgw0qzbd.myshopify.com/products/wild-pomegranate-shower-gel,wild pomegranate shower gel,1,Keep,
wild-pomegranate-solid-perfume,Wild Pomegranate Solid Perfume,EA14-D42,495.00,active,Solid Perfume,"Cinnamon, Fruity, Orange, Perfumes, Perfumes > Solid Perfume, Solid Perfume, Vanilla",Yes,1,Yes,https://www.maroma.com/product/wild-pomegranate-solid-perfume/,product,https://maroma-development-sgw0qzbd.myshopify.com/products/wild-pomegranate-solid-perfume,wild pomegranate solid perfume,1,Keep,Live on maroma.com with image
wild-sage-bambooless-incense-pack-of-20,Wild Sage Bambooless Incense. Pack of 20,EA10-I07,600.00,active,Bambooless,"Home Essences, Home Essences > Fragrance for Spaces > Incense, Home Essences > Fragrance for Spaces > Incense > Bambooless",Yes,1,Yes,https://www.maroma.com/product/bamboo-free-incense-white-sage/,product,https://maroma-development-sgw0qzbd.myshopify.com/products/wild-sage-bambooless-incense-pack-of-20,wild sage bambooless incense pack of 20,1,Keep,Live on maroma.com with image
wild-sage-cone-incense,Wild Sage Cone Incense,EA27-A32,260.00,active,Cone Incense,"100% natural, Encens D'Auroville, Encens D'Auroville > Cone Incense, Home Essences, Home Essences > Fragrance for Spaces > Incense, Home Essences > Fragrance for Spaces > Incense > Cone Incense",Yes,1,Yes,https://www.maroma.com/product/white-sage-cone-incense/,product,https://maroma-development-sgw0qzbd.myshopify.com/products/wild-sage-cone-incense,wild sage cone incense,1,Keep,Live on maroma.com with image
wild-sage-incense-sticks,Wild Sage Incense Sticks,EA10-A94,260.00,active,Encens D’auroville,"100% natural, Encens D'Auroville, Home Essences, Home Essences > Fragrance for Spaces > Incense, Home Essences > Fragrance for Spaces > Incense > Encens D’auroville, Refreshing & Cleansing",Yes,1,Yes,https://www.maroma.com/product/white-sage-10-incense-sticks/,product,https://maroma-development-sgw0qzbd.myshopify.com/products/wild-sage-incense-sticks,wild sage incense sticks,1,Keep,Live on maroma.com with image
wild-sage-smudging-incense-wands,Wild Sage Smudging Incense Wands,EA26-D24,380.00,active,Smudge Leaf Incense,"Home Essences, Home Essences > Fragrance for Spaces > Incense, Home Essences > Fragrance for Spaces > Incense > Smudge Leaf Incense",Yes,1,Yes,https://www.maroma.com/product/smudge-leaf-wands-white-sage/,product,https://maroma-development-sgw0qzbd.myshopify.com/products/wild-sage-smudging-incense-wands,wild sage smudging incense wands,1,Keep,Live on maroma.com with image
wild-strawberry-hanging-perfumed-sachet,Wild Strawberry Hanging Perfumed Sachet,EA13-B16,335.00,active,Wardrobe Sachet-Aromatic,"Featured, Home Essences, Home Essences > Fragrance for Spaces > Fragrance Sachets, Home Essences > Fragrance for Spaces > Fragrance Sachets > Wardrobe Sachet-Aromatic",Yes,1,Yes,https://www.maroma.com/product/perfumed-hanging-sachet-wild-strawberry/,product,https://maroma-development-sgw0qzbd.myshopify.com/products/wild-strawberry-hanging-perfumed-sachet,wild strawberry hanging perfumed sachet,1,Keep,Live on maroma.com with image
winter-musk-perfume-oil,Winter Musk Perfume Oil,EA14-D12-BOT,650.00,active,Perfume Oil & Roll On,"Bottle, Jasmine, Patchouli, Perfumes, Perfumes > Perfume Oil & Roll On, Roll On, Vetiver, Woody & Earthy",Yes,1,No,https://www.maroma.com/?s=Winter%20Musk%20Perfume%20Oil,search,https://maroma-development-sgw0qzbd.myshopify.com/products/winter-musk-perfume-oil,winter musk perfume oil,1,Keep,
winter-musk-roll-on-perfume-oil,Winter Musk Roll On/Perfume Oil,EA14-D12-BOTTLE,650.00,active,Perfume Oil & Roll On,"Bottle, Jasmine, Patchouli, Perfumes, Perfumes > Perfume Oil & Roll On, Roll On, Vetiver, Woody & Earthy",Yes,1,No,https://www.maroma.com/?s=Winter%20Musk%20Roll%20On%2FPerfume%20Oil,search,https://maroma-development-sgw0qzbd.myshopify.com/products/winter-musk-roll-on-perfume-oil,winter musk roll on perfume oil,1,Keep,
winter-wonderland,Winter Wonderland,Winter Wonderland,400.00,active,Gift Sets,"Gifting, Gifting > Gift Sets",Yes,1,No,https://www.maroma.com/?s=Winter%20Wonderland,search,https://maroma-development-sgw0qzbd.myshopify.com/products/winter-wonderland,winter wonderland,1,Keep,
wisdom,Wisdom,,77850.00,active,Art Candles,Home Essences > Ambience & Decor > Art Candles,Yes,1,No,https://www.maroma.com/?s=Wisdom,search,https://maroma-development-sgw0qzbd.myshopify.com/products/wisdom,wisdom,1,Keep,
women-travel-set,Women Travel Set,EA29-A34,2000.00,active,Gift Sets,"Gifting, Gifting > Gift Sets",Yes,1,No,https://www.maroma.com/?s=Women%20Travel%20Set,search,https://maroma-development-sgw0qzbd.myshopify.com/products/women-travel-set,women travel set,1,Keep,
ylang-vanilla-hanging-perfumed-sachet,Ylang Vanilla Hanging Perfumed Sachet,EA13-B17,335.00,active,Wardrobe Sachet-Aromatic,"Featured, Home Essences, Home Essences > Fragrance for Spaces > Fragrance Sachets, Home Essences > Fragrance for Spaces > Fragrance Sachets > Wardrobe Sachet-Aromatic",Yes,1,Yes,https://www.maroma.com/product/perfumed-hanging-sachet-ylang-vanilla/,product,https://maroma-development-sgw0qzbd.myshopify.com/products/ylang-vanilla-hanging-perfumed-sachet,ylang vanilla hanging perfumed sachet,1,Keep,Live on maroma.com with image
ylang-vanilla-incense-sticks,Ylang Vanilla Incense Sticks,EA10-A76,260.00,active,Encens D’auroville,"Encens D'Auroville, Energizing & Uplifting, Home Essences, Home Essences > Fragrance for Spaces > Incense, Home Essences > Fragrance for Spaces > Incense > Encens D’auroville, Joyful & Playful",Yes,1,Yes,https://www.maroma.com/product/ylang-vanilla/,product,https://maroma-development-sgw0qzbd.myshopify.com/products/ylang-vanilla-incense-sticks,ylang vanilla incense sticks,1,Keep,Live on maroma.com with image
ylang-ylang-100-natural-essential-oil-10ml,Ylang Ylang 100% Natural Essential Oil - 10ml,NE15-A46,1985.00,active,Diffuser Oils,"Home Essences, Home Essences > Fragrance for Spaces > Diffusers & Ambient Perfumes, Home Essences > Fragrance for Spaces > Diffusers & Ambient Perfumes > Diffuser Oils, Home Essences > Fragrance for Spaces > Essential Oils > Natural Essential Oil",Yes,1,Yes,https://www.maroma.com/product/natural-essential-oil-ylang-ylang-10ml/,product,https://maroma-development-sgw0qzbd.myshopify.com/products/ylang-ylang-100-natural-essential-oil-10ml,ylang ylang 100 natural essential oil 10ml,1,Keep,Live on maroma.com with image
ylang-ylang-incense-sticks,Ylang Ylang Incense Sticks,EA10-A60,260.00,active,Encens D’auroville,"Encens D'Auroville, Home Essences, Home Essences > Fragrance for Spaces > Incense, Home Essences > Fragrance for Spaces > Incense > Encens D’auroville, Relaxing & Calming, Romantic & Sensual",Yes,1,Yes,https://www.maroma.com/product/ylang-ylang-10-incense-sticks/,product,https://maroma-development-sgw0qzbd.myshopify.com/products/ylang-ylang-incense-sticks,ylang ylang incense sticks,1,Keep,Live on maroma.com with image
yoga-essential-gift-set,Yoga Essential Gift Set,CA29-C11,760.00,active,Gift Sets,"Gifting, Gifting > Gift Sets",Yes,1,Yes,https://www.maroma.com/product/yoga-essential-gift-set/,product,https://maroma-development-sgw0qzbd.myshopify.com/products/yoga-essential-gift-set,yoga essential gift set,1,Keep,Live on maroma.com with image
yoga-sama-incense-50-sticks,Yoga Sama Incense - 50 Sticks,SL10-A16,600.00,active,Bulk Incense 50 Sticks,"Home Essences, Home Essences > Fragrance for Spaces > Incense, Home Essences > Fragrance for Spaces > Incense > Bulk Incense 50 Sticks",Yes,1,No,https://www.maroma.com/?s=Yoga%20Sama%20Incense%20-%2050%20Sticks,search,https://maroma-development-sgw0qzbd.myshopify.com/products/yoga-sama-incense-50-sticks,yoga sama incense 50 sticks,1,Keep,
youth,Youth,,22500.00,active,Art Candles,Home Essences > Ambience & Decor > Art Candles,Yes,1,No,https://www.maroma.com/?s=Youth,search,https://maroma-development-sgw0qzbd.myshopify.com/products/youth,youth,1,Keep,
yuzu-incense-sticks,Yuzu Incense Sticks,EA10-A77,260.00,active,Encens D’auroville,"Encens D'Auroville, Energizing & Uplifting, Home Essences, Home Essences > Fragrance for Spaces > Incense, Home Essences > Fragrance for Spaces > Incense > Encens D’auroville",Yes,1,Yes,https://www.maroma.com/product/yuzu-10-incense-sticks/,product,https://maroma-development-sgw0qzbd.myshopify.com/products/yuzu-incense-sticks,yuzu incense sticks,1,Keep,Live on maroma.com with image